notice_id,candidate_count,portal_id
N000001,0,P136
N000009,1,P011
N000017,0,P238
N000025,0,P111
N000033,23,P088
N000041,4,P044
N000049,4,P003
N000057,2,P195
N000065,114,P003
N000073,91,P001
N000081,1,P053
N000089,21,P002
N000097,1,P006
N000105,274,P002
N000113,22,P228
N000121,0,P042
N000129,4,P005
N000137,91,P003
N000145,119,P002
N000153,4,P002
N000161,65,P002
N000169,5,P004
N000177,1,P003
N000185,3,P081
N000193,13,P003
N000201,4,P211
N000209,0,P004
N000217,27,P001
N000225,1,P014
N000233,0,P094
N000241,64,P006
N000249,2,P248
N000257,4,P207
N000265,5,P172
N000273,0,P232
N000281,3,P215
N000289,17,P071
N000297,0,P004
N000305,1,P094
N000313,3,P004
N000321,47,P006
N000329,100,P001
N000337,108,P005
N000345,0,P226
N000353,12,P005
N000361,1,P142
N000369,0,P094
N000377,0,P003
N000385,1,P094
N000393,7,P020
N000401,3,P094
N000409,22,P006
N000417,3,P136
N000425,57,P002
N000433,4,P192
N000441,3,P086
N000449,3,P187
N000457,17,P006
N000465,2,P183
N000473,417,P005
N000481,0,P042
N000489,4,P114
N000497,31,P006
N000505,6,P240
N000513,3,P087
N000521,1,P094
N000529,5,P146
N000537,0,P013
N000545,29,P006
N000553,6,P214
N000561,1,P002
N000569,4,P003
N000577,1,P046
N000585,14,P004
N000593,115,P002
N000601,178,P002
N000609,2,P061
N000617,83,P001
N000625,294,P001
N000633,134,P004
N000641,0,P096
N000649,22,P003
N000657,15,P094
N000665,50,P246
N000673,129,P001
N000681,6,P094
N000689,185,P002
N000697,102,P001
N000705,105,P004
N000713,12,P239
N000721,254,P005
N000729,10,P020
N000737,0,P208
N000745,7,P121
N000753,2,P094
N000761,4,P094
N000769,91,P001
N000777,2,P127
N000785,4,P129
N000793,0,P094
N000801,0,P091
N000809,2,P064
N000817,27,P003
N000825,0,P240
N000833,12,P136
N000841,112,P005
N000849,0,P221
N000857,11,P240
N000865,3,P006
N000873,10,P004
N000881,3,P231
N000889,77,P001
N000897,344,P001
N000905,71,P001
N000913,1,P094
N000921,46,P001
N000929,2,P003
N000937,0,P094
N000945,97,P002
N000953,0,P240
N000961,25,P004
N000969,7,P094
N000977,36,P002
N000985,67,P006
N000993,2,P129
N001001,176,P001
N001009,3,P183
N001017,8,P094
N001025,41,P005
N001033,0,P136
N001041,3,P094
N001049,85,P004
N001057,116,P002
N001065,2,P103
N001073,6,P020
N001081,0,P010
N001089,2,P168
N001097,2,P240
N001105,71,P002
N001113,0,P020
N001121,20,P020
N001129,3,P046
N001137,0,P225
N001145,110,P002
N001153,121,P001
N001161,68,P006
N001169,119,P002
N001177,10,P094
N001185,3,P006
N001193,0,P020
N001201,271,P005
N001209,0,P136
N001217,2,P057
N001225,3,P236
N001233,0,P094
N001241,0,P020
N001249,9,P094
N001257,0,P002
N001265,4,P211
N001273,6,P116
N001281,2,P094
N001289,180,P005
N001297,179,P005
N001305,14,P166
N001313,0,P233
N001321,101,P006
N001329,7,P006
N001337,50,P181
N001345,111,P003
N001353,2,P094
N001361,2,P020
N001369,79,P003
N001377,2,P229
N001385,4,P240
N001393,2,P094
N001401,2,P184
N001409,1,P189
N001417,35,P003
N001425,2,P102
N001433,48,P004
N001441,6,P094
N001449,1,P046
N001457,0,P071
N001465,3,P144
N001473,27,P001
N001481,1,P004
N001489,2,P094
N001497,155,P003
N001505,6,P260
N001513,0,P147
N001521,123,P005
N001529,3,P172
N001537,0,P097
N001545,3,P094
N001553,0,P091
N001561,313,P005
N001569,3,P120
N001577,42,P002
N001585,0,P138
N001593,300,P005
N001601,20,P002
N001609,7,P194
N001617,1,P120
N001625,1,P209
N001633,4,P221
N001641,0,P094
N001649,0,P094
N001657,6,P129
N001665,113,P002
N001673,28,P003
N001681,0,P003
N001689,0,P094
N001697,143,P001
N001705,0,P020
N001713,0,P240
N001721,345,P001
N001729,5,P002
N001737,168,P003
N001745,9,P005
N001753,3,P242
N001761,1,P168
N001769,186,P005
N001777,167,P006
N001785,6,P003
N001793,93,P005
N001801,5,P006
N001809,31,P026
N001817,110,P001
N001825,81,P006
N001833,1,P003
N001841,10,P004
N001849,21,P094
N001857,78,P001
N001865,38,P214
N001873,2,P094
N001881,1,P240
N001889,109,P001
N001897,12,P003
N001905,49,P001
N001913,4,P012
N001921,0,P215
N001929,28,P006
N001937,245,P002
N001945,1,P071
N001953,67,P004
N001961,150,P005
N001969,3,P094
N001977,56,P002
N001985,0,P094
N001993,5,P094
N002001,20,P004
N002009,119,P002
N002017,154,P004
N002025,37,P006
N002033,6,P020
N002041,1,P215
N002049,5,P086
N002057,7,P003
N002065,65,P004
N002073,6,P203
N002081,0,P044
N002089,6,P228
N002097,131,P001
N002105,10,P006
N002113,8,P122
N002121,10,P020
N002129,15,P094
N002137,22,P094
N002145,251,P001
N002153,25,P002
N002161,25,P259
N002169,4,P159
N002177,145,P005
N002185,11,P211
N002193,1,P094
N002201,4,P061
N002209,3,P094
N002217,41,P006
N002225,0,P136
N002233,240,P001
N002241,2,P241
N002249,8,P020
N002257,12,P004
N002265,1,P214
N002273,5,P028
N002281,1,P227
N002289,23,P004
N002297,292,P001
N002305,53,P002
N002313,269,P002
N002321,3,P246
N002329,38,P094
N002337,2,P006
N002345,171,P002
N002353,55,P001
N002361,96,P002
N002369,2,P222
N002377,9,P215
N002385,25,P112
N002393,0,P013
N002401,3,P089
N002409,129,P002
N002417,7,P089
N002425,1,P094
N002433,65,P005
N002441,60,P006
N002449,0,P025
N002457,1,P235
N002465,0,P229
N002473,160,P004
N002481,3,P181
N002489,7,P200
N002497,117,P005
N002505,11,P032
N002513,211,P005
N002521,77,P004
N002529,86,P005
N002537,5,P024
N002545,257,P005
N002553,5,P113
N002561,301,P002
N002569,2,P148
N002577,1,P180
N002585,5,P250
N002593,50,P004
N002601,4,P243
N002609,50,P002
N002617,7,P101
N002625,41,P002
N002633,1,P240
N002641,9,P094
N002649,32,P003
N002657,3,P003
N002665,118,P001
N002673,8,P003
N002681,0,P094
N002689,88,P003
N002697,0,P094
N002705,0,P058
N002713,1,P061
N002721,19,P003
N002729,0,P236
N002737,39,P006
N002745,2,P004
N002753,1,P107
N002761,127,P001
N002769,2,P199
N002777,2,P219
N002785,0,P094
N002793,13,P004
N002801,1,P122
N002809,1,P120
N002817,215,P002
N002825,8,P167
N002833,0,P120
N002841,265,P002
N002849,4,P020
N002857,31,P004
N002865,0,P004
N002873,3,P175
N002881,0,P016
N002889,8,P094
N002897,6,P227
N002905,2,P073
N002913,0,P181
N002921,109,P002
N002929,6,P088
N002937,17,P017
N002945,343,P001
N002953,2,P029
N002961,7,P234
N002969,0,P183
N002977,0,P094
N002985,0,P140
N002993,3,P018
N003001,5,P003
N003009,25,P189
N003017,0,P106
N003025,2,P094
N003033,2,P073
N003041,1,P181
N003049,0,P217
N003057,5,P183
N003065,0,P240
N003073,16,P002
N003081,5,P115
N003089,4,P203
N003097,0,P094
N003105,1,P094
N003113,2,P063
N003121,56,P004
N003129,22,P240
N003137,7,P005
N003145,2,P177
N003153,2,P215
N003161,117,P002
N003169,209,P002
N003177,7,P228
N003185,0,P215
N003193,0,P004
N003201,35,P002
N003209,7,P215
N003217,0,P049
N003225,13,P200
N003233,2,P006
N003241,8,P247
N003249,83,P006
N003257,16,P003
N003265,0,P117
N003273,2,P020
N003281,0,P112
N003289,22,P003
N003297,11,P004
N003305,47,P006
N003313,176,P005
N003321,3,P088
N003329,20,P075
N003337,3,P044
N003345,2,P143
N003353,2,P094
N003361,2,P024
N003369,73,P005
N003377,1,P103
N003385,0,P008
N003393,4,P136
N003401,10,P225
N003409,17,P002
N003417,1,P211
N003425,2,P091
N003433,3,P094
N003441,0,P200
N003449,0,P142
N003457,4,P177
N003465,2,P251
N003473,2,P020
N003481,3,P255
N003489,0,P042
N003497,17,P094
N003505,3,P229
N003513,2,P020
N003521,8,P247
N003529,5,P149
N003537,2,P003
N003545,106,P006
N003553,97,P003
N003561,302,P005
N003569,30,P005
N003577,1,P094
N003585,19,P004
N003593,0,P245
N003601,2,P044
N003609,38,P005
N003617,2,P054
N003625,2,P211
N003633,0,P200
N003641,5,P020
N003649,10,P006
N003657,0,P094
N003665,1,P172
N003673,0,P094
N003681,6,P004
N003689,111,P001
N003697,195,P001
N003705,9,P094
N003713,20,P003
N003721,1,P073
N003729,0,P044
N003737,34,P001
N003745,13,P003
N003753,46,P006
N003761,0,P008
N003769,0,P094
N003777,16,P005
N003785,26,P200
N003793,11,P146
N003801,5,P004
N003809,2,P053
N003817,0,P013
N003825,0,P242
N003833,7,P094
N003841,8,P004
N003849,30,P005
N003857,1,P159
N003865,24,P002
N003873,4,P216
N003881,14,P225
N003889,0,P094
N003897,0,P059
N003905,9,P004
N003913,0,P020
N003921,11,P039
N003929,134,P005
N003937,0,P248
N003945,1,P247
N003953,15,P005
N003961,0,P108
N003969,6,P098
N003977,82,P003
N003985,18,P026
N003993,2,P168
N004001,113,P004
N004009,2,P094
N004017,0,P013
N004025,2,P122
N004033,2,P257
N004041,69,P005
N004049,82,P006
N004057,320,P005
N004065,171,P004
N004073,3,P213
N004081,21,P001
N004089,2,P227
N004097,2,P176
N004105,1,P044
N004113,0,P203
N004121,3,P240
N004129,0,P120
N004137,28,P001
N004145,2,P020
N004153,4,P220
N004161,4,P094
N004169,1,P027
N004177,4,P240
N004185,0,P257
N004193,311,P001
N004201,0,P244
N004209,2,P044
N004217,9,P001
N004225,6,P044
N004233,2,P106
N004241,0,P003
N004249,8,P255
N004257,0,P165
N004265,6,P044
N004273,10,P094
N004281,7,P006
N004289,9,P094
N004297,134,P002
N004305,37,P001
N004313,0,P060
N004321,0,P094
N004329,5,P094
N004337,2,P094
N004345,4,P003
N004353,6,P078
N004361,8,P004
N004369,1,P089
N004377,2,P103
N004385,6,P041
N004393,6,P057
N004401,292,P001
N004409,0,P094
N004417,2,P004
N004425,107,P002
N004433,10,P004
N004441,16,P004
N004449,0,P221
N004457,4,P215
N004465,253,P002
N004473,2,P128
N004481,2,P001
N004489,2,P006
N004497,2,P094
N004505,2,P094
N004513,57,P005
N004521,4,P020
N004529,1,P131
N004537,264,P005
N004545,7,P049
N004553,4,P094
N004561,69,P001
N004569,90,P003
N004577,3,P020
N004585,0,P215
N004593,0,P013
N004601,0,P240
N004609,4,P002
N004617,114,P002
N004625,102,P001
N004633,54,P003
N004641,27,P141
N004649,3,P181
N004657,29,P004
N004665,2,P065
N004673,0,P191
N004681,8,P217
N004689,2,P240
N004697,0,P094
N004705,32,P088
N004713,3,P255
N004721,92,P002
N004729,101,P004
N004737,34,P003
N004745,1,P049
N004753,1,P246
N004761,15,P189
N004769,93,P006
N004777,326,P005
N004785,203,P005
N004793,17,P005
N004801,104,P002
N004809,38,P001
N004817,23,P004
N004825,2,P246
N004833,21,P006
N004841,1,P003
N004849,0,P199
N004857,3,P094
N004865,0,P146
N004873,4,P065
N004881,1,P166
N004889,26,P005
N004897,1,P094
N004905,1,P218
N004913,1,P021
N004921,13,P045
N004929,1,P094
N004937,17,P004
N004945,49,P005
N004953,3,P094
N004961,94,P003
N004969,9,P001
N004977,0,P077
N004985,3,P238
N004993,127,P005
N005001,8,P018
N005009,1,P004
N005017,0,P120
N005025,0,P240
N005033,0,P050
N005041,2,P146
N005049,3,P094
N005057,2,P200
N005065,4,P060
N005073,5,P061
N005081,1,P213
N005089,1,P020
N005097,0,P215
N005105,4,P250
N005113,0,P091
N005121,2,P232
N005129,7,P094
N005137,5,P154
N005145,4,P094
N005153,5,P116
N005161,7,P143
N005169,7,P003
N005177,128,P004
N005185,22,P131
N005193,1,P240
N005201,5,P004
N005209,0,P069
N005217,359,P005
N005225,1,P004
N005233,12,P003
N005241,4,P227
N005249,63,P001
N005257,260,P002
N005265,48,P004
N005273,133,P002
N005281,4,P118
N005289,25,P005
N005297,55,P006
N005305,5,P094
N005313,0,P094
N005321,4,P044
N005329,0,P131
N005337,10,P003
N005345,21,P001
N005353,144,P005
N005361,1,P183
N005369,242,P005
N005377,0,P094
N005385,33,P002
N005393,10,P211
N005401,2,P106
N005409,0,P094
N005417,3,P044
N005425,1,P146
N005433,8,P094
N005441,3,P146
N005449,3,P094
N005457,0,P186
N005465,24,P020
N005473,14,P001
N005481,10,P142
N005489,6,P003
N005497,52,P003
N005505,5,P073
N005513,45,P001
N005521,3,P181
N005529,0,P075
N005537,0,P088
N005545,2,P059
N005553,3,P106
N005561,0,P094
N005569,4,P094
N005577,7,P048
N005585,1,P020
N005593,87,P004
N005601,0,P094
N005609,9,P240
N005617,201,P002
N005625,2,P041
N005633,0,P006
N005641,1,P253
N005649,5,P020
N005657,0,P202
N005665,257,P001
N005673,3,P014
N005681,63,P005
N005689,117,P005
N005697,50,P166
N005705,0,P143
N005713,0,P077
N005721,7,P023
N005729,51,P001
N005737,15,P005
N005745,2,P240
N005753,0,P069
N005761,5,P006
N005769,0,P094
N005777,3,P094
N005785,3,P197
N005793,91,P002
N005801,6,P005
N005809,28,P004
N005817,1,P039
N005825,7,P215
N005833,18,P240
N005841,42,P002
N005849,86,P003
N005857,1,P094
N005865,0,P240
N005873,108,P002
N005881,1,P120
N005889,12,P006
N005897,9,P003
N005905,1,P020
N005913,0,P096
N005921,15,P075
N005929,7,P213
N005937,3,P094
N005945,7,P147
N005953,3,P040
N005961,3,P200
N005969,0,P094
N005977,0,P136
N005985,77,P004
N005993,2,P056
N006001,50,P235
N006009,46,P006
N006017,6,P141
N006025,3,P074
N006033,21,P094
N006041,87,P003
N006049,24,P002
N006057,27,P004
N006065,24,P004
N006073,0,P028
N006081,156,P004
N006089,1,P204
N006097,5,P094
N006105,8,P094
N006113,154,P003
N006121,16,P004
N006129,123,P001
N006137,1,P006
N006145,0,P064
N006153,50,P004
N006161,7,P003
N006169,2,P029
N006177,2,P215
N006185,3,P228
N006193,1,P020
N006201,0,P122
N006209,321,P001
N006217,3,P204
N006225,17,P001
N006233,0,P181
N006241,90,P004
N006249,1,P094
N006257,159,P004
N006265,2,P213
N006273,1,P229
N006281,17,P003
N006289,4,P020
N006297,14,P006
N006305,5,P094
N006313,0,P101
N006321,24,P053
N006329,1,P041
N006337,10,P181
N006345,4,P238
N006353,107,P003
N006361,0,P167
N006369,31,P005
N006377,6,P130
N006385,77,P004
N006393,180,P001
N006401,13,P003
N006409,7,P094
N006417,5,P094
N006425,2,P094
N006433,107,P005
N006441,76,P003
N006449,94,P003
N006457,22,P003
N006465,1,P094
N006473,0,P003
N006481,86,P006
N006489,3,P073
N006497,5,P215
N006505,4,P020
N006513,1,P142
N006521,6,P006
N006529,38,P195
N006537,21,P004
N006545,2,P156
N006553,2,P094
N006561,1,P094
N006569,61,P005
N006577,135,P006
N006585,4,P073
N006593,156,P006
N006601,18,P001
N006609,5,P038
N006617,15,P240
N006625,4,P006
N006633,106,P005
N006641,1,P189
N006649,10,P020
N006657,2,P094
N006665,112,P005
N006673,19,P094
N006681,3,P167
N006689,25,P094
N006697,1,P003
N006705,208,P004
N006713,8,P189
N006721,6,P120
N006729,11,P020
N006737,0,P215
N006745,76,P003
N006753,28,P002
N006761,2,P094
N006769,0,P071
N006777,96,P004
N006785,2,P094
N006793,22,P215
N006801,7,P003
N006809,8,P094
N006817,9,P051
N006825,5,P098
N006833,0,P094
N006841,80,P006
N006849,2,P129
N006857,4,P094
N006865,1,P141
N006873,0,P007
N006881,5,P221
N006889,2,P094
N006897,7,P002
N006905,3,P189
N006913,11,P007
N006921,4,P260
N006929,2,P114
N006937,19,P005
N006945,2,P094
N006953,6,P094
N006961,1,P044
N006969,2,P108
N006977,4,P215
N006985,1,P094
N006993,7,P165
N007001,13,P020
N007009,0,P151
N007017,2,P067
N007025,8,P260
N007033,33,P003
N007041,0,P059
N007049,0,P094
N007057,201,P002
N007065,82,P004
N007073,1,P004
N007081,0,P197
N007089,5,P167
N007097,249,P005
N007105,1,P105
N007113,2,P061
N007121,0,P094
N007129,19,P143
N007137,3,P240
N007145,2,P003
N007153,274,P001
N007161,1,P227
N007169,14,P215
N007177,168,P005
N007185,216,P002
N007193,96,P002
N007201,3,P010
N007209,2,P081
N007217,300,P002
N007225,0,P229
N007233,19,P005
N007241,19,P146
N007249,32,P005
N007257,0,P006
N007265,176,P001
N007273,42,P003
N007281,9,P004
N007289,246,P001
N007297,2,P053
N007305,3,P020
N007313,4,P205
N007321,8,P094
N007329,0,P094
N007337,0,P215
N007345,4,P146
N007353,61,P002
N007361,54,P001
N007369,38,P006
N007377,1,P006
N007385,0,P127
N007393,2,P094
N007401,41,P002
N007409,79,P003
N007417,3,P044
N007425,128,P002
N007433,0,P042
N007441,3,P006
N007449,251,P002
N007457,6,P122
N007465,159,P005
N007473,0,P163
N007481,4,P094
N007489,14,P003
N007497,73,P005
N007505,3,P020
N007513,16,P003
N007521,3,P020
N007529,204,P005
N007537,3,P094
N007545,3,P076
N007553,1,P094
N007561,0,P094
N007569,5,P057
N007577,1,P187
N007585,6,P002
N007593,167,P005
N007601,7,P129
N007609,7,P129
N007617,1,P020
N007625,220,P005
N007633,22,P051
N007641,82,P003
N007649,0,P004
N007657,164,P003
N007665,3,P189
N007673,215,P001
N007681,140,P005
N007689,65,P006
N007697,5,P006
N007705,14,P002
N007713,6,P133
N007721,10,P006
N007729,24,P075
N007737,9,P060
N007745,0,P241
N007753,3,P042
N007761,15,P038
N007769,2,P094
N007777,14,P060
N007785,6,P020
N007793,139,P005
N007801,188,P006
N007809,263,P001
N007817,162,P006
N007825,0,P002
N007833,3,P240
N007841,105,P002
N007849,11,P006
N007857,23,P236
N007865,4,P006
N007873,0,P088
N007881,5,P020
N007889,75,P006
N007897,156,P001
N007905,6,P094
N007913,0,P094
N007921,22,P003
N007929,3,P229
N007937,109,P005
N007945,2,P084
N007953,5,P072
N007961,0,P100
N007969,5,P059
N007977,1,P094
N007985,1,P258
N007993,1,P072
N008001,3,P056
N008009,4,P020
N008017,43,P001
N008025,27,P129
N008033,1,P211
N008041,2,P148
N008049,2,P248
N008057,3,P108
N008065,8,P185
N008073,2,P070
N008081,6,P006
N008089,1,P081
N008097,2,P094
N008105,5,P236
N008113,0,P090
N008121,0,P044
N008129,2,P041
N008137,115,P005
N008145,267,P001
N008153,1,P094
N008161,54,P002
N008169,11,P002
N008177,3,P053
N008185,76,P002
N008193,3,P003
N008201,79,P003
N008209,4,P136
N008217,3,P061
N008225,256,P001
N008233,0,P065
N008241,45,P002
N008249,195,P001
N008257,7,P086
N008265,9,P004
N008273,8,P044
N008281,4,P200
N008289,3,P020
N008297,0,P242
N008305,232,P001
N008313,183,P001
N008321,51,P004
N008329,3,P216
N008337,2,P238
N008345,2,P094
N008353,1,P231
N008361,1,P094
N008369,13,P052
N008377,0,P017
N008385,2,P044
N008393,1,P038
N008401,139,P005
N008409,2,P094
N008417,1,P004
N008425,0,P094
N008433,2,P164
N008441,189,P005
N008449,0,P084
N008457,4,P046
N008465,312,P002
N008473,0,P094
N008481,21,P006
N008489,3,P003
N008497,153,P005
N008505,24,P004
N008513,1,P021
N008521,0,P158
N008529,3,P181
N008537,0,P001
N008545,2,P071
N008553,89,P003
N008561,2,P048
N008569,4,P136
N008577,23,P006
N008585,240,P002
N008593,1,P059
N008601,2,P094
N008609,75,P002
N008617,1,P071
N008625,22,P002
N008633,77,P003
N008641,15,P004
N008649,5,P216
N008657,326,P005
N008665,2,P064
N008673,6,P044
N008681,14,P094
N008689,3,P044
N008697,60,P005
N008705,4,P189
N008713,37,P002
N008721,5,P006
N008729,1,P006
N008737,0,P207
N008745,1,P209
N008753,3,P169
N008761,3,P141
N008769,15,P177
N008777,6,P001
N008785,0,P013
N008793,254,P001
N008801,0,P193
N008809,2,P044
N008817,3,P094
N008825,114,P001
N008833,6,P060
N008841,6,P041
N008849,29,P003
N008857,3,P215
N008865,1,P240
N008873,3,P004
N008881,3,P020
N008889,2,P094
N008897,4,P094
N008905,64,P042
N008913,80,P003
N008921,0,P184
N008929,0,P002
N008937,3,P151
N008945,65,P002
N008953,4,P111
N008961,7,P189
N008969,308,P005
N008977,7,P071
N008985,14,P002
N008993,4,P168
N009001,6,P146
N009009,0,P003
N009017,8,P207
N009025,7,P228
N009033,1,P216
N009041,1,P222
N009049,106,P005
N009057,15,P004
N009065,258,P005
N009073,8,P004
N009081,0,P229
N009089,5,P094
N009097,3,P044
N009105,3,P240
N009113,0,P156
N009121,0,P053
N009129,19,P094
N009137,2,P094
N009145,22,P240
N009153,2,P028
N009161,3,P183
N009169,77,P002
N009177,0,P094
N009185,3,P020
N009193,0,P037
N009201,4,P255
N009209,0,P221
N009217,0,P223
N009225,7,P003
N009233,69,P003
N009241,5,P183
N009249,87,P003
N009257,24,P241
N009265,28,P004
N009273,5,P129
N009281,28,P002
N009289,0,P094
N009297,138,P005
N009305,4,P122
N009313,13,P194
N009321,3,P094
N009329,1,P013
N009337,1,P040
N009345,139,P004
N009353,5,P038
N009361,192,P002
N009369,33,P006
N009377,0,P020
N009385,6,P227
N009393,4,P137
N009401,1,P097
N009409,14,P006
N009417,4,P249
N009425,208,P002
N009433,64,P003
N009441,2,P020
N009449,4,P094
N009457,0,P231
N009465,1,P192
N009473,30,P001
N009481,3,P234
N009489,67,P003
N009497,6,P001
N009505,5,P214
N009513,0,P094
N009521,70,P005
N009529,0,P151
N009537,0,P254
N009545,1,P107
N009553,26,P004
N009561,104,P002
N009569,2,P189
N009577,3,P006
N009585,100,P002
N009593,2,P020
N009601,81,P001
N009609,225,P001
N009617,99,P005
N009625,29,P006
N009633,162,P004
N009641,160,P005
N009649,21,P001
N009657,168,P001
N009665,154,P003
N009673,82,P006
N009681,0,P238
N009689,3,P004
N009697,181,P005
N009705,4,P172
N009713,85,P005
N009721,106,P005
N009729,2,P094
N009737,18,P183
N009745,31,P002
N009753,5,P240
N009761,80,P004
N009769,14,P004
N009777,2,P003
N009785,3,P073
N009793,2,P227
N009801,11,P001
N009809,1,P094
N009817,0,P020
N009825,41,P006
N009833,0,P131
N009841,17,P003
N009849,4,P088
N009857,7,P224
N009865,5,P088
N009873,0,P196
N009881,7,P006
N009889,2,P094
N009897,6,P094
N009905,0,P126
N009913,0,P049
N009921,6,P134
N009929,1,P039
N009937,2,P094
N009945,9,P003
N009953,8,P180
N009961,76,P001
N009969,138,P004
N009977,5,P020
N009985,76,P001
N009993,10,P199
N010001,31,P002
N010009,6,P260
N010017,0,P021
N010025,6,P044
N010033,50,P124
N010041,3,P181
N010049,5,P180
N010057,11,P020
N010065,2,P240
N010073,53,P004
N010081,0,P094
N010089,0,P094
N010097,32,P003
N010105,40,P005
N010113,4,P223
N010121,87,P001
N010129,0,P088
N010137,5,P094
N010145,3,P094
N010153,0,P094
N010161,6,P195
N010169,2,P094
N010177,219,P005
N010185,206,P006
N010193,0,P240
N010201,0,P044
N010209,66,P004
N010217,0,P240
N010225,0,P198
N010233,13,P232
N010241,1,P124
N010249,90,P005
N010257,103,P001
N010265,0,P056
N010273,0,P094
N010281,2,P240
N010289,67,P004
N010297,80,P004
N010305,10,P094
N010313,6,P004
N010321,206,P001
N010329,2,P227
N010337,2,P094
N010345,1,P006
N010353,285,P002
N010361,4,P255
N010369,1,P094
N010377,112,P005
N010385,0,P221
N010393,2,P020
N010401,4,P178
N010409,51,P002
N010417,123,P002
N010425,8,P213
N010433,0,P021
N010441,78,P001
N010449,1,P094
N010457,6,P002
N010465,10,P094
N010473,12,P006
N010481,3,P075
N010489,5,P003
N010497,322,P002
N010505,101,P005
N010513,3,P001
N010521,11,P051
N010529,2,P129
N010537,1,P227
N010545,0,P181
N010553,1,P094
N010561,5,P004
N010569,3,P006
N010577,1,P217
N010585,86,P004
N010593,0,P219
N010601,9,P094
N010609,25,P005
N010617,0,P094
N010625,2,P014
N010633,2,P020
N010641,2,P094
N010649,0,P073
N010657,101,P002
N010665,6,P127
N010673,4,P088
N010681,5,P175
N010689,6,P006
N010697,0,P254
N010705,3,P031
N010713,1,P094
N010721,0,P215
N010729,7,P094
N010737,1,P094
N010745,249,P002
N010753,39,P001
N010761,6,P073
N010769,15,P003
N010777,4,P215
N010785,2,P094
N010793,7,P042
N010801,8,P180
N010809,12,P183
N010817,8,P005
N010825,14,P215
N010833,196,P005
N010841,2,P106
N010849,1,P020
N010857,4,P004
N010865,1,P227
N010873,3,P005
N010881,8,P004
N010889,1,P129
N010897,4,P094
N010905,77,P001
N010913,69,P002
N010921,3,P067
N010929,6,P235
N010937,189,P005
N010945,1,P250
N010953,2,P230
N010961,0,P240
N010969,1,P232
N010977,0,P240
N010985,51,P002
N010993,0,P020
N011001,3,P004
N011009,125,P001
N011017,10,P001
N011025,2,P094
N011033,7,P002
N011041,72,P001
N011049,6,P073
N011057,0,P004
N011065,9,P181
N011073,13,P006
N011081,205,P005
N011089,0,P152
N011097,12,P001
N011105,45,P005
N011113,1,P112
N011121,1,P238
N011129,8,P006
N011137,0,P200
N011145,3,P157
N011153,0,P094
N011161,2,P020
N011169,9,P112
N011177,0,P217
N011185,1,P094
N011193,95,P003
N011201,5,P094
N011209,86,P003
N011217,3,P141
N011225,16,P003
N011233,1,P048
N011241,156,P004
N011249,0,P094
N011257,3,P094
N011265,0,P061
N011273,1,P098
N011281,2,P003
N011289,0,P062
N011297,123,P001
N011305,7,P020
N011313,1,P094
N011321,0,P189
N011329,70,P006
N011337,4,P044
N011345,17,P005
N011353,46,P006
N011361,122,P006
N011369,2,P036
N011377,0,P069
N011385,4,P096
N011393,2,P003
N011401,15,P047
N011409,21,P002
N011417,2,P222
N011425,4,P088
N011433,22,P001
N011441,4,P105
N011449,225,P005
N011457,1,P217
N011465,6,P017
N011473,87,P005
N011481,4,P003
N011489,0,P020
N011497,14,P003
N011505,0,P094
N011513,1,P091
N011521,28,P005
N011529,1,P004
N011537,1,P157
N011545,3,P241
N011553,0,P209
N011561,8,P004
N011569,76,P003
N011577,1,P200
N011585,124,P001
N011593,251,P002
N011601,2,P191
N011609,0,P049
N011617,158,P006
N011625,292,P005
N011633,0,P094
N011641,23,P208
N011649,0,P136
N011657,1,P229
N011665,202,P005
N011673,10,P257
N011681,9,P181
N011689,3,P020
N011697,0,P177
N011705,3,P259
N011713,96,P002
N011721,15,P003
N011729,43,P003
N011737,307,P005
N011745,2,P005
N011753,77,P003
N011761,76,P003
N011769,17,P006
N011777,10,P079
N011785,2,P255
N011793,80,P004
N011801,0,P006
N011809,0,P094
N011817,5,P094
N011825,3,P027
N011833,2,P189
N011841,2,P084
N011849,15,P002
N011857,19,P004
N011865,1,P005
N011873,3,P213
N011881,17,P004
N011889,80,P004
N011897,2,P107
N011905,2,P188
N011913,0,P094
N011921,67,P002
N011929,41,P005
N011937,0,P181
N011945,4,P094
N011953,160,P003
N011961,0,P006
N011969,36,P094
N011977,0,P016
N011985,0,P181
N011993,1,P031
N000002,18,P002
N000010,90,P004
N000018,0,P094
N000026,7,P001
N000034,23,P225
N000042,4,P006
N000050,4,P225
N000058,205,P001
N000066,0,P112
N000074,0,P238
N000082,1,P006
N000090,5,P236
N000098,74,P002
N000106,1,P028
N000114,23,P004
N000122,1,P189
N000130,1,P122
N000138,0,P255
N000146,2,P096
N000154,3,P089
N000162,152,P002
N000170,4,P137
N000178,1,P094
N000186,220,P001
N000194,2,P205
N000202,5,P017
N000210,143,P001
N000218,2,P146
N000226,82,P003
N000234,40,P004
N000242,3,P088
N000250,0,P006
N000258,19,P005
N000266,5,P080
N000274,14,P005
N000282,3,P019
N000290,1,P081
N000298,0,P094
N000306,6,P004
N000314,256,P002
N000322,6,P215
N000330,1,P006
N000338,23,P001
N000346,68,P002
N000354,2,P181
N000362,3,P094
N000370,2,P084
N000378,3,P044
N000386,174,P001
N000394,192,P005
N000402,25,P002
N000410,17,P170
N000418,3,P097
N000426,6,P227
N000434,84,P001
N000442,0,P029
N000450,1,P260
N000458,27,P001
N000466,1,P240
N000474,82,P002
N000482,0,P089
N000490,31,P003
N000498,0,P232
N000506,4,P232
N000514,3,P006
N000522,67,P001
N000530,9,P172
N000538,0,P094
N000546,19,P087
N000554,6,P181
N000562,147,P002
N000570,1,P240
N000578,44,P225
N000586,14,P094
N000594,113,P005
N000602,1,P038
N000610,2,P232
N000618,79,P003
N000626,11,P004
N000634,145,P001
N000642,85,P002
N000650,331,P005
N000658,36,P002
N000666,51,P001
N000674,2,P094
N000682,0,P145
N000690,2,P094
N000698,0,P094
N000706,5,P041
N000714,12,P094
N000722,0,P183
N000730,10,P031
N000738,0,P216
N000746,7,P207
N000754,2,P003
N000762,4,P137
N000770,1,P044
N000778,0,P013
N000786,51,P004
N000794,0,P005
N000802,4,P003
N000810,38,P006
N000818,3,P094
N000826,8,P002
N000834,70,P001
N000842,0,P094
N000850,1,P122
N000858,14,P003
N000866,15,P003
N000874,4,P215
N000882,3,P094
N000890,25,P240
N000898,3,P240
N000906,1,P172
N000914,3,P021
N000922,4,P003
N000930,2,P026
N000938,123,P005
N000946,1,P088
N000954,0,P102
N000962,3,P215
N000970,2,P158
N000978,2,P020
N000986,3,P013
N000994,33,P003
N001002,68,P006
N001010,58,P005
N001018,8,P080
N001026,54,P003
N001034,340,P001
N001042,3,P255
N001050,2,P255
N001058,1,P006
N001066,14,P001
N001074,36,P005
N001082,115,P005
N001090,2,P076
N001098,2,P104
N001106,13,P094
N001114,302,P001
N001122,20,P182
N001130,4,P020
N001138,3,P004
N001146,0,P151
N001154,0,P240
N001162,14,P001
N001170,2,P146
N001178,0,P094
N001186,2,P227
N001194,1,P240
N001202,0,P044
N001210,1,P094
N001218,0,P013
N001226,102,P001
N001234,2,P240
N001242,46,P005
N001250,2,P020
N001258,4,P137
N001266,4,P238
N001274,11,P240
N001282,30,P001
N001290,1,P094
N001298,24,P006
N001306,7,P094
N001314,130,P005
N001322,2,P094
N001330,1,P004
N001338,13,P094
N001346,1,P148
N001354,14,P003
N001362,0,P136
N001370,75,P004
N001378,0,P094
N001386,4,P044
N001394,93,P003
N001402,182,P005
N001410,0,P088
N001418,1,P020
N001426,2,P141
N001434,7,P044
N001442,7,P005
N001450,3,P181
N001458,0,P094
N001466,1,P170
N001474,0,P010
N001482,3,P020
N001490,2,P143
N001498,268,P001
N001506,1,P221
N001514,0,P207
N001522,3,P001
N001530,3,P094
N001538,2,P003
N001546,92,P003
N001554,247,P005
N001562,9,P002
N001570,6,P094
N001578,92,P003
N001586,1,P003
N001594,23,P014
N001602,3,P006
N001610,7,P094
N001618,4,P005
N001626,0,P179
N001634,0,P094
N001642,8,P087
N001650,4,P094
N001658,6,P136
N001666,9,P003
N001674,5,P042
N001682,0,P217
N001690,50,P003
N001698,143,P005
N001706,1,P094
N001714,74,P001
N001722,168,P006
N001730,0,P020
N001738,5,P228
N001746,94,P003
N001754,1,P094
N001762,38,P004
N001770,0,P047
N001778,16,P027
N001786,3,P020
N001794,0,P098
N001802,1,P097
N001810,0,P026
N001818,36,P240
N001826,347,P005
N001834,4,P255
N001842,5,P006
N001850,16,P240
N001858,1,P071
N001866,70,P002
N001874,2,P251
N001882,0,P215
N001890,0,P143
N001898,10,P232
N001906,3,P094
N001914,73,P006
N001922,3,P101
N001930,78,P004
N001938,6,P094
N001946,4,P209
N001954,88,P006
N001962,3,P136
N001970,1,P246
N001978,316,P002
N001986,0,P201
N001994,5,P029
N002002,32,P005
N002010,3,P257
N002018,7,P001
N002026,53,P003
N002034,6,P094
N002042,148,P003
N002050,15,P003
N002058,101,P005
N002066,62,P003
N002074,6,P020
N002082,1,P190
N002090,70,P005
N002098,1,P181
N002106,3,P086
N002114,7,P228
N002122,1,P025
N002130,4,P240
N002138,4,P094
N002146,24,P136
N002154,7,P006
N002162,51,P006
N002170,133,P001
N002178,0,P240
N002186,0,P094
N002194,1,P227
N002202,25,P006
N002210,3,P020
N002218,4,P240
N002226,106,P004
N002234,1,P004
N002242,2,P234
N002250,0,P228
N002258,28,P002
N002266,0,P094
N002274,5,P094
N002282,7,P006
N002290,303,P005
N002298,0,P094
N002306,8,P003
N002314,0,P088
N002322,0,P180
N002330,11,P020
N002338,1,P045
N002346,156,P004
N002354,8,P094
N002362,0,P094
N002370,2,P217
N002378,3,P006
N002386,122,P001
N002394,50,P232
N002402,12,P005
N002410,0,P209
N002418,7,P020
N002426,310,P005
N002434,2,P056
N002442,2,P094
N002450,311,P005
N002458,1,P094
N002466,19,P004
N002474,5,P062
N002482,4,P094
N002490,7,P167
N002498,12,P004
N002506,10,P088
N002514,56,P240
N002522,0,P114
N002530,222,P005
N002538,5,P028
N002546,10,P200
N002554,0,P096
N002562,2,P094
N002570,23,P006
N002578,30,P005
N002586,0,P141
N002594,5,P246
N002602,4,P020
N002610,0,P094
N002618,6,P094
N002626,41,P005
N002634,346,P005
N002642,2,P094
N002650,0,P217
N002658,2,P260
N002666,1,P181
N002674,363,P005
N002682,0,P184
N002690,3,P067
N002698,30,P004
N002706,2,P003
N002714,1,P079
N002722,12,P002
N002730,5,P240
N002738,7,P234
N002746,3,P146
N002754,1,P225
N002762,3,P248
N002770,5,P006
N002778,2,P094
N002786,0,P006
N002794,6,P094
N002802,20,P002
N002810,7,P151
N002818,0,P096
N002826,8,P004
N002834,41,P004
N002842,0,P052
N002850,4,P106
N002858,1,P041
N002866,311,P001
N002874,3,P094
N002882,1,P004
N002890,79,P002
N002898,4,P056
N002906,0,P044
N002914,0,P021
N002922,0,P094
N002930,17,P004
N002938,0,P069
N002946,0,P006
N002954,32,P141
N002962,9,P240
N002970,73,P001
N002978,4,P094
N002986,0,P003
N002994,56,P005
N003002,11,P001
N003010,25,P020
N003018,157,P004
N003026,2,P217
N003034,80,P003
N003042,81,P004
N003050,133,P002
N003058,5,P138
N003066,86,P003
N003074,81,P005
N003082,81,P003
N003090,4,P189
N003098,21,P006
N003106,3,P094
N003114,2,P003
N003122,326,P001
N003130,97,P002
N003138,3,P204
N003146,2,P096
N003154,2,P002
N003162,5,P200
N003170,20,P157
N003178,4,P020
N003186,8,P215
N003194,4,P094
N003202,6,P094
N003210,1,P061
N003218,0,P167
N003226,13,P044
N003234,0,P094
N003242,0,P044
N003250,6,P061
N003258,19,P006
N003266,3,P094
N003274,1,P006
N003282,55,P002
N003290,5,P004
N003298,4,P200
N003306,252,P002
N003314,69,P003
N003322,3,P036
N003330,12,P001
N003338,3,P003
N003346,343,P001
N003354,2,P097
N003362,5,P094
N003370,0,P020
N003378,2,P215
N003386,8,P214
N003394,7,P255
N003402,13,P236
N003410,52,P212
N003418,1,P185
N003426,16,P006
N003434,180,P005
N003442,0,P088
N003450,2,P003
N003458,4,P122
N003466,2,P094
N003474,10,P044
N003482,4,P020
N003490,0,P046
N003498,4,P026
N003506,1,P094
N003514,15,P004
N003522,52,P004
N003530,6,P096
N003538,7,P240
N003546,0,P094
N003554,2,P094
N003562,0,P215
N003570,1,P120
N003578,27,P002
N003586,8,P217
N003594,1,P240
N003602,1,P213
N003610,41,P004
N003618,0,P094
N003626,57,P006
N003634,16,P005
N003642,5,P248
N003650,0,P235
N003658,6,P195
N003666,1,P120
N003674,218,P004
N003682,6,P020
N003690,40,P002
N003698,3,P175
N003706,7,P215
N003714,8,P003
N003722,0,P094
N003730,3,P013
N003738,1,P094
N003746,0,P232
N003754,78,P001
N003762,3,P240
N003770,11,P136
N003778,7,P161
N003786,54,P002
N003794,2,P094
N003802,0,P013
N003810,3,P004
N003818,1,P167
N003826,1,P017
N003834,146,P001
N003842,8,P136
N003850,0,P209
N003858,0,P094
N003866,5,P146
N003874,106,P002
N003882,10,P004
N003890,0,P013
N003898,26,P005
N003906,3,P026
N003914,11,P183
N003922,33,P006
N003930,10,P006
N003938,4,P003
N003946,1,P020
N003954,22,P005
N003962,0,P094
N003970,6,P179
N003978,99,P005
N003986,0,P228
N003994,139,P006
N004002,12,P003
N004010,8,P217
N004018,22,P094
N004026,2,P041
N004034,1,P094
N004042,2,P094
N004050,0,P189
N004058,23,P014
N004066,4,P035
N004074,22,P003
N004082,172,P004
N004090,43,P003
N004098,10,P005
N004106,79,P002
N004114,0,P037
N004122,21,P006
N004130,9,P006
N004138,20,P229
N004146,0,P195
N004154,4,P072
N004162,0,P221
N004170,17,P001
N004178,5,P006
N004186,33,P004
N004194,3,P215
N004202,4,P093
N004210,11,P240
N004218,8,P004
N004226,4,P213
N004234,3,P061
N004242,2,P094
N004250,8,P240
N004258,1,P231
N004266,6,P194
N004274,128,P001
N004282,5,P215
N004290,165,P004
N004298,4,P006
N004306,1,P044
N004314,0,P226
N004322,0,P004
N004330,5,P255
N004338,2,P168
N004346,0,P015
N004354,6,P044
N004362,43,P005
N004370,4,P088
N004378,2,P028
N004386,1,P013
N004394,214,P001
N004402,27,P189
N004410,259,P005
N004418,3,P006
N004426,47,P004
N004434,3,P098
N004442,5,P094
N004450,144,P004
N004458,0,P094
N004466,271,P001
N004474,42,P003
N004482,5,P018
N004490,263,P005
N004498,2,P011
N004506,2,P020
N004514,134,P001
N004522,19,P005
N004530,7,P094
N004538,162,P005
N004546,8,P202
N004554,156,P004
N004562,13,P039
N004570,3,P232
N004578,4,P006
N004586,84,P005
N004594,0,P094
N004602,10,P190
N004610,16,P217
N004618,82,P002
N004626,0,P241
N004634,124,P002
N004642,115,P005
N004650,118,P001
N004658,3,P189
N004666,2,P094
N004674,0,P006
N004682,1,P240
N004690,36,P094
N004698,9,P006
N004706,186,P006
N004714,3,P203
N004722,0,P020
N004730,21,P020
N004738,1,P213
N004746,16,P232
N004754,119,P005
N004762,227,P005
N004770,133,P004
N004778,14,P227
N004786,3,P073
N004794,3,P123
N004802,4,P028
N004810,79,P004
N004818,5,P020
N004826,1,P255
N004834,165,P001
N004842,2,P002
N004850,0,P217
N004858,3,P241
N004866,5,P001
N004874,1,P183
N004882,0,P057
N004890,66,P005
N004898,2,P005
N004906,4,P182
N004914,1,P044
N004922,215,P005
N004930,41,P004
N004938,1,P255
N004946,30,P006
N004954,3,P061
N004962,18,P004
N004970,7,P240
N004978,65,P006
N004986,62,P004
N004994,2,P029
N005002,2,P036
N005010,1,P124
N005018,1,P094
N005026,2,P240
N005034,8,P027
N005042,2,P065
N005050,3,P065
N005058,17,P003
N005066,4,P113
N005074,105,P001
N005082,0,P017
N005090,0,P240
N005098,0,P061
N005106,282,P005
N005114,13,P075
N005122,2,P094
N005130,257,P001
N005138,5,P094
N005146,186,P001
N005154,7,P071
N005162,199,P002
N005170,226,P005
N005178,7,P053
N005186,0,P094
N005194,22,P061
N005202,5,P006
N005210,3,P191
N005218,1,P204
N005226,47,P005
N005234,22,P094
N005242,3,P040
N005250,3,P094
N005258,98,P003
N005266,25,P004
N005274,272,P005
N005282,4,P175
N005290,0,P221
N005298,5,P020
N005306,9,P003
N005314,240,P005
N005322,4,P215
N005330,35,P004
N005338,44,P001
N005346,2,P039
N005354,106,P002
N005362,228,P002
N005370,0,P083
N005378,5,P094
N005386,0,P020
N005394,5,P241
N005402,2,P028
N005410,47,P006
N005418,3,P094
N005426,1,P200
N005434,0,P016
N005442,107,P005
N005450,3,P175
N005458,0,P215
N005466,235,P005
N005474,155,P003
N005482,122,P005
N005490,25,P006
N005498,3,P029
N005506,5,P094
N005514,36,P094
N005522,39,P001
N005530,0,P096
N005538,253,P002
N005546,5,P006
N005554,3,P044
N005562,0,P189
N005570,134,P005
N005578,36,P002
N005586,16,P094
N005594,2,P027
N005602,31,P004
N005610,0,P117
N005618,201,P001
N005626,0,P094
N005634,0,P238
N005642,163,P006
N005650,2,P153
N005658,51,P172
N005666,1,P094
N005674,4,P003
N005682,2,P044
N005690,1,P158
N005698,2,P227
N005706,6,P006
N005714,1,P073
N005722,7,P031
N005730,1,P091
N005738,6,P003
N005746,3,P006
N005754,4,P004
N005762,18,P002
N005770,7,P042
N005778,98,P005
N005786,3,P150
N005794,6,P228
N005802,0,P063
N005810,2,P157
N005818,1,P003
N005826,7,P094
N005834,111,P001
N005842,5,P044
N005850,0,P044
N005858,1,P054
N005866,297,P005
N005874,0,P200
N005882,15,P006
N005890,3,P094
N005898,1,P014
N005906,1,P203
N005914,0,P062
N005922,4,P091
N005930,2,P177
N005938,3,P203
N005946,8,P004
N005954,3,P122
N005962,0,P020
N005970,22,P094
N005978,0,P184
N005986,131,P002
N005994,24,P006
N006002,5,P005
N006010,6,P135
N006018,6,P020
N006026,0,P013
N006034,0,P240
N006042,0,P191
N006050,78,P003
N006058,4,P223
N006066,2,P060
N006074,77,P003
N006082,2,P044
N006090,1,P215
N006098,163,P005
N006106,8,P063
N006114,5,P216
N006122,0,P094
N006130,3,P093
N006138,84,P003
N006146,283,P005
N006154,1,P013
N006162,2,P007
N006170,0,P004
N006178,32,P002
N006186,9,P004
N006194,144,P002
N006202,0,P235
N006210,0,P094
N006218,3,P004
N006226,2,P203
N006234,2,P181
N006242,102,P004
N006250,2,P004
N006258,3,P181
N006266,3,P004
N006274,88,P002
N006282,5,P240
N006290,29,P006
N006298,169,P003
N006306,154,P004
N006314,3,P246
N006322,3,P002
N006330,1,P094
N006338,6,P166
N006346,6,P003
N006354,254,P001
N006362,36,P094
N006370,3,P096
N006378,94,P004
N006386,11,P136
N006394,149,P005
N006402,10,P020
N006410,8,P006
N006418,10,P006
N006426,0,P005
N006434,167,P002
N006442,69,P005
N006450,1,P002
N006458,2,P006
N006466,1,P031
N006474,2,P081
N006482,3,P191
N006490,3,P094
N006498,80,P004
N006506,7,P006
N006514,12,P003
N006522,6,P004
N006530,38,P094
N006538,238,P005
N006546,10,P004
N006554,113,P002
N006562,111,P005
N006570,2,P004
N006578,21,P002
N006586,48,P003
N006594,51,P111
N006602,5,P049
N006610,5,P088
N006618,72,P006
N006626,4,P089
N006634,54,P006
N006642,1,P094
N006650,10,P091
N006658,2,P214
N006666,4,P094
N006674,19,P020
N006682,81,P001
N006690,0,P155
N006698,68,P001
N006706,4,P252
N006714,8,P246
N006722,6,P005
N006730,69,P006
N006738,4,P106
N006746,142,P005
N006754,77,P006
N006762,2,P240
N006770,5,P003
N006778,5,P041
N006786,273,P005
N006794,23,P006
N006802,273,P005
N006810,10,P004
N006818,12,P004
N006826,195,P001
N006834,110,P005
N006842,5,P227
N006850,2,P238
N006858,4,P014
N006866,4,P094
N006874,10,P004
N006882,0,P094
N006890,2,P028
N006898,106,P005
N006906,3,P129
N006914,11,P027
N006922,4,P044
N006930,21,P006
N006938,2,P063
N006946,0,P229
N006954,313,P005
N006962,57,P001
N006970,3,P094
N006978,4,P094
N006986,3,P094
N006994,3,P069
N007002,59,P005
N007010,3,P094
N007018,2,P044
N007026,8,P141
N007034,0,P094
N007042,36,P004
N007050,0,P146
N007058,4,P001
N007066,0,P094
N007074,4,P168
N007082,0,P094
N007090,10,P019
N007098,2,P034
N007106,1,P240
N007114,82,P002
N007122,17,P005
N007130,19,P215
N007138,259,P005
N007146,1,P136
N007154,1,P006
N007162,2,P194
N007170,13,P223
N007178,4,P044
N007186,4,P213
N007194,0,P094
N007202,32,P004
N007210,3,P202
N007218,3,P114
N007226,73,P002
N007234,159,P003
N007242,19,P181
N007250,67,P006
N007258,0,P216
N007266,71,P005
N007274,4,P031
N007282,106,P001
N007290,96,P003
N007298,3,P240
N007306,17,P004
N007314,8,P003
N007322,1,P221
N007330,6,P003
N007338,1,P246
N007346,4,P094
N007354,20,P062
N007362,3,P038
N007370,4,P048
N007378,253,P001
N007386,0,P240
N007394,24,P006
N007402,6,P094
N007410,1,P058
N007418,3,P020
N007426,21,P004
N007434,1,P098
N007442,158,P002
N007450,6,P094
N007458,13,P004
N007466,15,P215
N007474,142,P002
N007482,4,P058
N007490,23,P004
N007498,2,P116
N007506,0,P218
N007514,6,P152
N007522,6,P136
N007530,1,P094
N007538,82,P006
N007546,2,P004
N007554,105,P004
N007562,57,P005
N007570,33,P005
N007578,125,P001
N007586,1,P053
N007594,109,P001
N007602,3,P003
N007610,7,P094
N007618,12,P004
N007626,4,P094
N007634,22,P094
N007642,0,P056
N007650,0,P025
N007658,5,P181
N007666,0,P044
N007674,268,P005
N007682,5,P239
N007690,5,P146
N007698,4,P200
N007706,1,P094
N007714,4,P041
N007722,2,P138
N007730,83,P003
N007738,0,P094
N007746,20,P001
N007754,162,P002
N007762,15,P182
N007770,4,P238
N007778,4,P043
N007786,113,P002
N007794,200,P004
N007802,23,P083
N007810,258,P005
N007818,5,P240
N007826,1,P006
N007834,3,P073
N007842,3,P006
N007850,172,P003
N007858,8,P004
N007866,4,P003
N007874,25,P005
N007882,5,P215
N007890,0,P094
N007898,1,P094
N007906,4,P216
N007914,0,P227
N007922,0,P202
N007930,3,P094
N007938,0,P214
N007946,0,P221
N007954,5,P031
N007962,156,P003
N007970,5,P215
N007978,1,P057
N007986,3,P094
N007994,6,P094
N008002,3,P136
N008010,30,P002
N008018,46,P002
N008026,8,P017
N008034,1,P200
N008042,0,P181
N008050,2,P235
N008058,4,P094
N008066,8,P240
N008074,7,P250
N008082,3,P240
N008090,0,P013
N008098,0,P185
N008106,28,P004
N008114,11,P003
N008122,0,P094
N008130,2,P175
N008138,2,P026
N008146,10,P094
N008154,2,P200
N008162,62,P005
N008170,0,P099
N008178,94,P002
N008186,76,P005
N008194,3,P215
N008202,1,P241
N008210,4,P189
N008218,1,P200
N008226,24,P167
N008234,102,P003
N008242,6,P141
N008250,1,P020
N008258,1,P234
N008266,106,P005
N008274,198,P001
N008282,1,P229
N008290,3,P202
N008298,99,P002
N008306,3,P240
N008314,143,P001
N008322,0,P020
N008330,14,P004
N008338,80,P003
N008346,2,P071
N008354,3,P004
N008362,297,P001
N008370,182,P005
N008378,0,P152
N008386,18,P002
N008394,19,P044
N008402,1,P003
N008410,2,P070
N008418,175,P001
N008426,0,P137
N008434,13,P003
N008442,191,P001
N008450,1,P006
N008458,5,P094
N008466,1,P214
N008474,0,P059
N008482,3,P096
N008490,60,P005
N008498,0,P094
N008506,8,P194
N008514,0,P237
N008522,0,P096
N008530,62,P002
N008538,0,P094
N008546,4,P240
N008554,3,P215
N008562,6,P004
N008570,4,P143
N008578,118,P005
N008586,1,P235
N008594,1,P094
N008602,2,P071
N008610,6,P096
N008618,31,P094
N008626,5,P094
N008634,16,P004
N008642,82,P002
N008650,93,P001
N008658,0,P094
N008666,6,P006
N008674,15,P005
N008682,100,P004
N008690,3,P168
N008698,6,P136
N008706,6,P094
N008714,5,P006
N008722,0,P096
N008730,2,P073
N008738,81,P002
N008746,1,P002
N008754,38,P005
N008762,1,P004
N008770,4,P013
N008778,0,P240
N008786,1,P096
N008794,54,P003
N008802,0,P221
N008810,2,P031
N008818,3,P240
N008826,4,P042
N008834,6,P177
N008842,0,P058
N008850,5,P071
N008858,0,P078
N008866,0,P098
N008874,3,P087
N008882,13,P116
N008890,9,P004
N008898,8,P181
N008906,64,P057
N008914,0,P120
N008922,3,P020
N008930,2,P200
N008938,3,P004
N008946,8,P240
N008954,1,P042
N008962,34,P002
N008970,1,P003
N008978,7,P020
N008986,1,P089
N008994,4,P227
N009002,34,P004
N009010,109,P003
N009018,12,P137
N009026,7,P215
N009034,0,P209
N009042,4,P004
N009050,1,P094
N009058,16,P006
N009066,119,P001
N009074,8,P002
N009082,10,P240
N009090,6,P181
N009098,3,P146
N009106,203,P002
N009114,19,P006
N009122,1,P005
N009130,1,P056
N009138,2,P046
N009146,2,P020
N009154,0,P167
N009162,7,P002
N009170,1,P105
N009178,0,P096
N009186,3,P181
N009194,1,P094
N009202,12,P002
N009210,0,P180
N009218,0,P057
N009226,3,P002
N009234,4,P006
N009242,116,P001
N009250,3,P240
N009258,1,P094
N009266,52,P002
N009274,5,P061
N009282,0,P131
N009290,10,P094
N009298,0,P020
N009306,134,P001
N009314,0,P021
N009322,0,P020
N009330,0,P225
N009338,1,P094
N009346,3,P006
N009354,5,P246
N009362,1,P094
N009370,5,P002
N009378,13,P215
N009386,160,P003
N009394,4,P141
N009402,1,P094
N009410,12,P003
N009418,4,P094
N009426,198,P005
N009434,0,P088
N009442,1,P182
N009450,4,P146
N009458,4,P207
N009466,0,P046
N009474,1,P047
N009482,3,P073
N009490,3,P225
N009498,2,P004
N009506,87,P006
N009514,5,P004
N009522,3,P061
N009530,1,P094
N009538,16,P005
N009546,29,P002
N009554,3,P073
N009562,83,P002
N009570,0,P106
N009578,3,P004
N009586,1,P094
N009594,98,P006
N009602,6,P251
N009610,3,P054
N009618,2,P148
N009626,0,P140
N009634,123,P001
N009642,2,P006
N009650,5,P005
N009658,4,P094
N009666,264,P002
N009674,4,P020
N009682,0,P240
N009690,3,P240
N009698,122,P005
N009706,0,P141
N009714,2,P018
N009722,3,P202
N009730,2,P042
N009738,14,P003
N009746,0,P232
N009754,3,P094
N009762,90,P006
N009770,7,P136
N009778,0,P228
N009786,4,P094
N009794,2,P199
N009802,69,P004
N009810,3,P045
N009818,4,P002
N009826,41,P004
N009834,2,P044
N009842,71,P005
N009850,4,P235
N009858,168,P004
N009866,10,P240
N009874,0,P020
N009882,5,P003
N009890,2,P191
N009898,0,P200
N009906,9,P232
N009914,3,P047
N009922,7,P006
N009930,0,P151
N009938,3,P003
N009946,2,P232
N009954,8,P061
N009962,34,P002
N009970,3,P094
N009978,71,P001
N009986,5,P240
N009994,6,P003
N010002,0,P120
N010010,1,P033
N010018,2,P004
N010026,6,P094
N010034,50,P098
N010042,159,P003
N010050,5,P085
N010058,10,P003
N010066,2,P140
N010074,0,P120
N010082,208,P001
N010090,0,P180
N010098,0,P088
N010106,118,P002
N010114,4,P056
N010122,7,P240
N010130,4,P004
N010138,27,P004
N010146,3,P179
N010154,1,P215
N010162,7,P147
N010170,69,P002
N010178,3,P094
N010186,103,P003
N010194,2,P026
N010202,46,P002
N010210,112,P005
N010218,0,P036
N010226,95,P004
N010234,0,P094
N010242,1,P094
N010250,0,P181
N010258,1,P221
N010266,0,P005
N010274,0,P256
N010282,133,P004
N010290,67,P003
N010298,130,P002
N010306,17,P006
N010314,167,P001
N010322,0,P116
N010330,130,P005
N010338,2,P089
N010346,68,P003
N010354,6,P094
N010362,295,P002
N010370,22,P213
N010378,1,P059
N010386,1,P057
N010394,43,P006
N010402,4,P097
N010410,39,P002
N010418,59,P240
N010426,8,P094
N010434,0,P120
N010442,3,P240
N010450,0,P044
N010458,6,P001
N010466,13,P020
N010474,3,P001
N010482,2,P065
N010490,5,P006
N010498,0,P107
N010506,0,P058
N010514,3,P002
N010522,75,P003
N010530,2,P002
N010538,342,P005
N010546,14,P195
N010554,0,P021
N010562,4,P122
N010570,235,P001
N010578,0,P039
N010586,2,P258
N010594,3,P094
N010602,0,P091
N010610,1,P163
N010618,196,P001
N010626,2,P047
N010634,102,P005
N010642,2,P120
N010650,13,P002
N010658,2,P013
N010666,6,P006
N010674,23,P004
N010682,2,P255
N010690,2,P094
N010698,0,P237
N010706,3,P094
N010714,15,P004
N010722,0,P227
N010730,6,P006
N010738,0,P181
N010746,215,P005
N010754,8,P004
N010762,6,P200
N010770,0,P094
N010778,227,P001
N010786,35,P005
N010794,7,P100
N010802,23,P001
N010810,1,P180
N010818,7,P003
N010826,57,P006
N010834,7,P046
N010842,8,P002
N010850,23,P003
N010858,67,P003
N010866,19,P004
N010874,1,P094
N010882,0,P259
N010890,7,P003
N010898,4,P044
N010906,7,P003
N010914,0,P240
N010922,0,P191
N010930,5,P202
N010938,11,P094
N010946,0,P214
N010954,2,P094
N010962,0,P216
N010970,1,P094
N010978,6,P227
N010986,28,P001
N010994,0,P166
N011002,2,P181
N011010,0,P094
N011018,3,P186
N011026,2,P225
N011034,3,P038
N011042,6,P105
N011050,2,P094
N011058,2,P147
N011066,26,P006
N011074,0,P003
N011082,5,P094
N011090,12,P003
N011098,24,P190
N011106,8,P239
N011114,0,P241
N011122,28,P003
N011130,1,P006
N011138,0,P240
N011146,124,P001
N011154,109,P005
N011162,0,P013
N011170,77,P006
N011178,52,P002
N011186,10,P068
N011194,80,P004
N011202,11,P156
N011210,108,P006
N011218,9,P006
N011226,16,P004
N011234,35,P004
N011242,10,P020
N011250,0,P227
N011258,41,P002
N011266,2,P020
N011274,3,P020
N011282,1,P094
N011290,10,P094
N011298,4,P208
N011306,41,P005
N011314,10,P005
N011322,2,P249
N011330,1,P200
N011338,119,P002
N011346,10,P094
N011354,0,P028
N011362,5,P020
N011370,0,P013
N011378,0,P195
N011386,6,P075
N011394,1,P094
N011402,158,P003
N011410,19,P001
N011418,2,P114
N011426,59,P001
N011434,5,P006
N011442,72,P006
N011450,11,P228
N011458,73,P002
N011466,6,P044
N011474,0,P094
N011482,296,P001
N011490,10,P049
N011498,0,P020
N011506,3,P003
N011514,1,P094
N011522,4,P091
N011530,306,P002
N011538,195,P001
N011546,3,P028
N011554,9,P031
N011562,7,P026
N011570,4,P020
N011578,1,P020
N011586,87,P004
N011594,1,P004
N011602,2,P096
N011610,1,P013
N011618,0,P011
N011626,213,P002
N011634,4,P219
N011642,11,P004
N011650,189,P001
N011658,12,P004
N011666,0,P003
N011674,13,P172
N011682,30,P004
N011690,3,P130
N011698,0,P136
N011706,108,P002
N011714,0,P168
N011722,53,P006
N011730,10,P207
N011738,0,P065
N011746,38,P001
N011754,6,P094
N011762,4,P099
N011770,6,P004
N011778,0,P098
N011786,2,P020
N011794,300,P002
N011802,169,P005
N011810,0,P001
N011818,29,P006
N011826,3,P020
N011834,2,P094
N011842,4,P003
N011850,1,P240
N011858,1,P049
N011866,1,P202
N011874,26,P003
N011882,4,P099
N011890,1,P235
N011898,0,P094
N011906,2,P179
N011914,26,P001
N011922,31,P094
N011930,2,P006
N011938,3,P174
N011946,4,P111
N011954,160,P006
N011962,378,P001
N011970,51,P002
N011978,0,P106
N011986,5,P189
N011994,1,P160
N000003,146,P002
N000011,3,P240
N000019,0,P228
N000027,0,P094
N000035,2,P180
N000043,4,P189
N000051,4,P215
N000059,0,P094
N000067,201,P002
N000075,3,P064
N000083,6,P094
N000091,6,P005
N000099,1,P240
N000107,180,P005
N000115,119,P002
N000123,1,P235
N000131,100,P005
N000139,3,P113
N000147,3,P044
N000155,4,P094
N000163,2,P049
N000171,53,P001
N000179,1,P088
N000187,3,P238
N000195,2,P136
N000203,5,P094
N000211,0,P094
N000219,2,P215
N000227,0,P044
N000235,3,P002
N000243,3,P182
N000251,77,P006
N000259,4,P055
N000267,5,P094
N000275,2,P200
N000283,0,P097
N000291,8,P006
N000299,0,P094
N000307,150,P002
N000315,118,P005
N000323,8,P170
N000331,1,P094
N000339,0,P165
N000347,1,P044
N000355,2,P003
N000363,52,P003
N000371,0,P013
N000379,1,P013
N000387,114,P005
N000395,55,P003
N000403,0,P228
N000411,3,P036
N000419,3,P215
N000427,5,P240
N000435,402,P001
N000443,222,P002
N000451,0,P028
N000459,1,P044
N000467,137,P005
N000475,5,P146
N000483,7,P215
N000491,26,P004
N000499,103,P004
N000507,6,P094
N000515,86,P002
N000523,65,P005
N000531,6,P094
N000539,0,P059
N000547,45,P002
N000555,0,P003
N000563,2,P006
N000571,1,P041
N000579,4,P004
N000587,74,P006
N000595,0,P165
N000603,1,P094
N000611,1,P091
N000619,4,P258
N000627,3,P094
N000635,17,P003
N000643,314,P001
N000651,2,P003
N000659,45,P005
N000667,1,P006
N000675,2,P006
N000683,6,P043
N000691,80,P006
N000699,185,P006
N000707,5,P089
N000715,6,P141
N000723,6,P003
N000731,1,P002
N000739,2,P004
N000747,19,P003
N000755,2,P112
N000763,4,P167
N000771,0,P021
N000779,17,P020
N000787,4,P030
N000795,4,P138
N000803,3,P103
N000811,4,P124
N000819,27,P004
N000827,10,P077
N000835,10,P044
N000843,116,P001
N000851,192,P005
N000859,4,P041
N000867,154,P006
N000875,4,P094
N000883,15,P004
N000891,77,P005
N000899,9,P006
N000907,1,P146
N000915,3,P003
N000923,4,P004
N000931,0,P146
N000939,0,P044
N000947,30,P005
N000955,1,P162
N000963,3,P207
N000971,152,P001
N000979,1,P209
N000987,3,P094
N000995,0,P151
N001003,0,P183
N001011,4,P255
N001019,8,P200
N001027,1,P061
N001035,8,P006
N001043,3,P144
N001051,1,P195
N001059,5,P094
N001067,2,P241
N001075,38,P006
N001083,0,P181
N001091,2,P094
N001099,2,P004
N001107,46,P006
N001115,95,P001
N001123,2,P094
N001131,5,P207
N001139,1,P229
N001147,9,P035
N001155,18,P088
N001163,2,P207
N001171,55,P006
N001179,72,P005
N001187,3,P053
N001195,1,P094
N001203,0,P094
N001211,1,P181
N001219,3,P136
N001227,6,P227
N001235,2,P183
N001243,112,P002
N001251,2,P181
N001259,4,P246
N001267,4,P094
N001275,44,P005
N001283,2,P181
N001291,1,P191
N001299,46,P006
N001307,5,P167
N001315,1,P183
N001323,0,P013
N001331,1,P073
N001339,30,P004
N001347,1,P088
N001355,0,P238
N001363,258,P002
N001371,202,P005
N001379,2,P255
N001387,1,P191
N001395,209,P001
N001403,166,P002
N001411,15,P223
N001419,28,P006
N001427,0,P094
N001435,7,P088
N001443,16,P003
N001451,0,P064
N001459,60,P001
N001467,1,P181
N001475,10,P004
N001483,3,P225
N001491,11,P003
N001499,155,P006
N001507,5,P014
N001515,0,P207
N001523,22,P006
N001531,3,P181
N001539,0,P044
N001547,3,P120
N001555,8,P003
N001563,130,P002
N001571,4,P240
N001579,13,P242
N001587,7,P041
N001595,16,P003
N001603,10,P006
N001611,3,P023
N001619,3,P094
N001627,0,P240
N001635,0,P038
N001643,8,P242
N001651,20,P001
N001659,7,P232
N001667,2,P044
N001675,26,P003
N001683,80,P004
N001691,6,P006
N001699,17,P003
N001707,1,P099
N001715,8,P053
N001723,6,P003
N001731,3,P094
N001739,12,P094
N001747,22,P004
N001755,55,P005
N001763,22,P232
N001771,0,P128
N001779,16,P231
N001787,3,P094
N001795,0,P094
N001803,1,P181
N001811,54,P001
N001819,143,P005
N001827,3,P003
N001835,124,P002
N001843,2,P240
N001851,93,P003
N001859,1,P047
N001867,36,P094
N001875,105,P006
N001883,76,P003
N001891,0,P094
N001899,10,P136
N001907,2,P172
N001915,5,P232
N001923,6,P003
N001931,55,P005
N001939,9,P053
N001947,0,P185
N001955,3,P006
N001963,3,P239
N001971,4,P004
N001979,2,P094
N001987,0,P094
N001995,1,P005
N002003,20,P004
N002011,5,P003
N002019,25,P006
N002027,0,P214
N002035,6,P141
N002043,51,P054
N002051,0,P094
N002059,101,P001
N002067,0,P048
N002075,4,P241
N002083,0,P013
N002091,75,P001
N002099,3,P004
N002107,3,P235
N002115,7,P094
N002123,9,P094
N002131,60,P001
N002139,4,P163
N002147,215,P005
N002155,10,P002
N002163,11,P004
N002171,0,P117
N002179,0,P181
N002187,157,P001
N002195,57,P002
N002203,5,P163
N002211,2,P180
N002219,12,P002
N002227,0,P094
N002235,52,P002
N002243,230,P001
N002251,47,P006
N002259,0,P028
N002267,0,P176
N002275,0,P189
N002283,246,P001
N002291,16,P005
N002299,94,P001
N002307,1,P006
N002315,123,P001
N002323,12,P020
N002331,329,P002
N002339,0,P181
N002347,156,P006
N002355,9,P094
N002363,2,P001
N002371,32,P001
N002379,2,P255
N002387,25,P094
N002395,50,P214
N002403,3,P240
N002411,0,P016
N002419,7,P178
N002427,315,P001
N002435,2,P094
N002443,0,P117
N002451,157,P003
N002459,1,P215
N002467,14,P020
N002475,40,P003
N002483,3,P006
N002491,5,P004
N002499,11,P144
N002507,1,P094
N002515,55,P094
N002523,10,P063
N002531,0,P006
N002539,89,P004
N002547,0,P129
N002555,131,P005
N002563,2,P210
N002571,23,P003
N002579,0,P084
N002587,87,P001
N002595,4,P184
N002603,4,P006
N002611,1,P221
N002619,307,P005
N002627,3,P181
N002635,32,P094
N002643,0,P240
N002651,4,P215
N002659,3,P185
N002667,3,P003
N002675,5,P064
N002683,307,P002
N002691,64,P002
N002699,3,P006
N002707,2,P006
N002715,0,P227
N002723,1,P235
N002731,3,P044
N002739,5,P094
N002747,1,P020
N002755,1,P181
N002763,5,P205
N002771,282,P005
N002779,28,P004
N002787,5,P006
N002795,6,P239
N002803,0,P240
N002811,0,P162
N002819,4,P004
N002827,8,P240
N002835,59,P105
N002843,38,P191
N002851,0,P217
N002859,1,P250
N002867,4,P065
N002875,256,P002
N002883,1,P037
N002891,8,P181
N002899,13,P094
N002907,22,P094
N002915,3,P084
N002923,4,P002
N002931,2,P107
N002939,87,P002
N002947,131,P002
N002955,168,P001
N002963,7,P232
N002971,4,P004
N002979,5,P004
N002987,13,P002
N002995,3,P252
N003003,0,P006
N003011,2,P020
N003019,110,P005
N003027,8,P006
N003035,5,P003
N003043,21,P006
N003051,7,P001
N003059,9,P094
N003067,35,P005
N003075,3,P044
N003083,5,P181
N003091,103,P001
N003099,2,P065
N003107,53,P006
N003115,7,P136
N003123,15,P181
N003131,19,P052
N003139,17,P005
N003147,268,P002
N003155,4,P006
N003163,12,P069
N003171,6,P215
N003179,0,P013
N003187,8,P211
N003195,1,P180
N003203,32,P001
N003211,3,P003
N003219,0,P215
N003227,13,P094
N003235,2,P094
N003243,0,P104
N003251,3,P094
N003259,42,P002
N003267,3,P160
N003275,0,P257
N003283,1,P073
N003291,7,P216
N003299,1,P020
N003307,44,P002
N003315,0,P094
N003323,5,P073
N003331,2,P094
N003339,0,P020
N003347,3,P069
N003355,12,P003
N003363,225,P001
N003371,0,P126
N003379,0,P013
N003387,8,P038
N003395,69,P004
N003403,315,P002
N003411,2,P040
N003419,7,P036
N003427,3,P125
N003435,0,P249
N003443,15,P094
N003451,1,P240
N003459,5,P006
N003467,2,P071
N003475,488,P005
N003483,0,P020
N003491,2,P094
N003499,160,P004
N003507,220,P002
N003515,202,P001
N003523,142,P001
N003531,31,P003
N003539,2,P020
N003547,271,P002
N003555,213,P002
N003563,9,P003
N003571,3,P240
N003579,8,P094
N003587,8,P141
N003595,174,P005
N003603,2,P003
N003611,0,P235
N003619,0,P094
N003627,285,P002
N003635,56,P005
N003643,8,P003
N003651,1,P136
N003659,34,P002
N003667,4,P094
N003675,256,P005
N003683,6,P240
N003691,87,P003
N003699,76,P003
N003707,7,P235
N003715,68,P005
N003723,0,P240
N003731,207,P005
N003739,158,P004
N003747,4,P003
N003755,185,P002
N003763,155,P004
N003771,77,P003
N003779,0,P094
N003787,26,P094
N003795,214,P002
N003803,0,P183
N003811,101,P002
N003819,11,P006
N003827,50,P004
N003835,7,P115
N003843,8,P094
N003851,45,P006
N003859,245,P002
N003867,5,P094
N003875,6,P240
N003883,8,P006
N003891,20,P005
N003899,0,P094
N003907,200,P002
N003915,13,P094
N003923,51,P006
N003931,207,P001
N003939,2,P116
N003947,1,P240
N003955,207,P002
N003963,147,P005
N003971,6,P183
N003979,0,P094
N003987,0,P008
N003995,89,P002
N004003,5,P232
N004011,229,P001
N004019,4,P005
N004027,1,P240
N004035,1,P096
N004043,55,P006
N004051,0,P094
N004059,23,P217
N004067,4,P094
N004075,9,P004
N004083,0,P240
N004091,3,P094
N004099,3,P194
N004107,75,P006
N004115,2,P227
N004123,6,P081
N004131,1,P238
N004139,1,P095
N004147,158,P004
N004155,0,P084
N004163,31,P005
N004171,12,P099
N004179,4,P246
N004187,0,P240
N004195,85,P006
N004203,4,P094
N004211,0,P039
N004219,140,P002
N004227,4,P200
N004235,3,P147
N004243,1,P090
N004251,8,P094
N004259,6,P094
N004267,57,P001
N004275,2,P147
N004283,12,P006
N004291,94,P005
N004299,4,P003
N004307,1,P094
N004315,15,P004
N004323,0,P061
N004331,5,P020
N004339,2,P252
N004347,3,P207
N004355,130,P002
N004363,4,P020
N004371,4,P203
N004379,87,P005
N004387,6,P240
N004395,2,P215
N004403,53,P006
N004411,3,P039
N004419,20,P005
N004427,107,P001
N004435,5,P002
N004443,324,P005
N004451,299,P002
N004459,1,P011
N004467,52,P094
N004475,1,P232
N004483,1,P091
N004491,23,P094
N004499,14,P006
N004507,0,P145
N004515,7,P238
N004523,0,P168
N004531,1,P020
N004539,7,P166
N004547,8,P240
N004555,248,P001
N004563,10,P004
N004571,7,P004
N004579,58,P005
N004587,8,P005
N004595,5,P006
N004603,97,P004
N004611,155,P003
N004619,1,P027
N004627,6,P001
N004635,118,P001
N004643,19,P006
N004651,3,P041
N004659,3,P044
N004667,5,P006
N004675,2,P057
N004683,1,P004
N004691,0,P235
N004699,0,P050
N004707,5,P058
N004715,3,P094
N004723,4,P189
N004731,60,P006
N004739,1,P136
N004747,44,P006
N004755,281,P001
N004763,1,P004
N004771,7,P240
N004779,324,P002
N004787,3,P146
N004795,0,P001
N004803,1,P100
N004811,51,P004
N004819,64,P001
N004827,31,P200
N004835,21,P003
N004843,2,P094
N004851,4,P003
N004859,0,P020
N004867,2,P240
N004875,24,P003
N004883,0,P227
N004891,0,P238
N004899,2,P094
N004907,4,P042
N004915,0,P094
N004923,4,P097
N004931,0,P142
N004939,61,P005
N004947,0,P235
N004955,4,P006
N004963,220,P005
N004971,3,P006
N004979,1,P224
N004987,0,P094
N004995,98,P002
N005003,3,P112
N005011,4,P002
N005019,5,P003
N005027,4,P088
N005035,14,P215
N005043,101,P001
N005051,0,P145
N005059,12,P041
N005067,4,P106
N005075,11,P002
N005083,1,P003
N005091,115,P001
N005099,33,P004
N005107,4,P041
N005115,68,P006
N005123,24,P003
N005131,10,P003
N005139,34,P006
N005147,1,P079
N005155,7,P014
N005163,7,P003
N005171,4,P002
N005179,8,P228
N005187,199,P005
N005195,72,P006
N005203,7,P020
N005211,2,P240
N005219,2,P011
N005227,3,P181
N005235,4,P246
N005243,0,P004
N005251,3,P163
N005259,5,P094
N005267,64,P003
N005275,2,P094
N005283,50,P001
N005291,141,P005
N005299,3,P180
N005307,5,P189
N005315,0,P141
N005323,4,P089
N005331,0,P184
N005339,6,P003
N005347,0,P016
N005355,35,P003
N005363,0,P003
N005371,7,P003
N005379,3,P230
N005387,61,P005
N005395,0,P020
N005403,4,P003
N005411,155,P004
N005419,3,P175
N005427,1,P094
N005435,8,P227
N005443,3,P208
N005451,0,P013
N005459,0,P192
N005467,1,P133
N005475,0,P004
N005483,0,P252
N005491,5,P006
N005499,0,P097
N005507,18,P004
N005515,123,P002
N005523,3,P020
N005531,2,P192
N005539,1,P136
N005547,2,P121
N005555,267,P002
N005563,0,P166
N005571,4,P064
N005579,36,P094
N005587,294,P002
N005595,0,P106
N005603,6,P136
N005611,7,P003
N005619,4,P215
N005627,2,P141
N005635,16,P006
N005643,32,P005
N005651,1,P063
N005659,22,P003
N005667,0,P167
N005675,4,P044
N005683,0,P075
N005691,1,P181
N005699,1,P012
N005707,0,P122
N005715,43,P001
N005723,3,P094
N005731,0,P094
N005739,1,P006
N005747,8,P004
N005755,13,P020
N005763,1,P021
N005771,71,P003
N005779,3,P240
N005787,3,P020
N005795,26,P005
N005803,0,P088
N005811,7,P094
N005819,10,P094
N005827,2,P094
N005835,258,P002
N005843,0,P121
N005851,105,P004
N005859,266,P005
N005867,0,P227
N005875,277,P001
N005883,0,P181
N005891,156,P001
N005899,47,P003
N005907,160,P004
N005915,2,P232
N005923,15,P001
N005931,7,P094
N005939,15,P005
N005947,0,P020
N005955,3,P183
N005963,64,P005
N005971,0,P006
N005979,117,P002
N005987,54,P222
N005995,200,P005
N006003,71,P006
N006011,7,P002
N006019,2,P189
N006027,0,P094
N006035,0,P020
N006043,1,P215
N006051,1,P006
N006059,4,P099
N006067,4,P136
N006075,71,P003
N006083,2,P214
N006091,5,P094
N006099,1,P001
N006107,8,P012
N006115,22,P002
N006123,11,P133
N006131,1,P141
N006139,0,P094
N006147,11,P006
N006155,51,P005
N006163,4,P002
N006171,2,P044
N006179,4,P001
N006187,9,P003
N006195,83,P004
N006203,0,P094
N006211,97,P002
N006219,3,P006
N006227,0,P221
N006235,2,P089
N006243,155,P006
N006251,0,P228
N006259,3,P190
N006267,7,P094
N006275,3,P143
N006283,5,P042
N006291,13,P004
N006299,169,P006
N006307,7,P041
N006315,3,P077
N006323,0,P146
N006331,1,P044
N006339,6,P094
N006347,4,P122
N006355,250,P002
N006363,0,P240
N006371,3,P020
N006379,3,P094
N006387,9,P094
N006395,202,P001
N006403,155,P004
N006411,7,P137
N006419,249,P001
N006427,0,P124
N006435,3,P094
N006443,6,P020
N006451,1,P112
N006459,0,P094
N006467,3,P117
N006475,2,P041
N006483,86,P004
N006491,121,P005
N006499,31,P004
N006507,0,P071
N006515,12,P006
N006523,14,P003
N006531,1,P013
N006539,2,P003
N006547,0,P066
N006555,2,P246
N006563,157,P004
N006571,0,P094
N006579,10,P004
N006587,5,P227
N006595,51,P094
N006603,11,P003
N006611,5,P020
N006619,57,P004
N006627,4,P040
N006635,17,P006
N006643,78,P005
N006651,36,P006
N006659,2,P255
N006667,13,P006
N006675,0,P013
N006683,3,P210
N006691,213,P002
N006699,1,P031
N006707,6,P141
N006715,8,P044
N006723,12,P189
N006731,1,P167
N006739,4,P003
N006747,3,P240
N006755,146,P005
N006763,268,P002
N006771,1,P091
N006779,5,P094
N006787,2,P240
N006795,99,P004
N006803,1,P181
N006811,22,P001
N006819,3,P046
N006827,4,P006
N006835,0,P013
N006843,0,P037
N006851,86,P006
N006859,4,P059
N006867,15,P004
N006875,1,P116
N006883,0,P044
N006891,0,P228
N006899,4,P006
N006907,295,P001
N006915,0,P196
N006923,4,P094
N006931,1,P020
N006939,3,P190
N006947,173,P005
N006955,13,P006
N006963,0,P254
N006971,0,P129
N006979,6,P006
N006987,1,P089
N006995,2,P094
N007003,77,P002
N007011,1,P217
N007019,0,P241
N007027,25,P004
N007035,0,P112
N007043,155,P006
N007051,0,P254
N007059,0,P199
N007067,1,P228
N007075,4,P044
N007083,72,P003
N007091,51,P005
N007099,249,P002
N007107,0,P059
N007115,0,P073
N007123,2,P071
N007131,6,P184
N007139,90,P003
N007147,1,P094
N007155,1,P181
N007163,2,P006
N007171,169,P006
N007179,66,P004
N007187,1,P180
N007195,1,P005
N007203,9,P094
N007211,2,P240
N007219,5,P021
N007227,0,P180
N007235,4,P094
N007243,19,P091
N007251,0,P020
N007259,0,P032
N007267,277,P005
N007275,2,P215
N007283,7,P094
N007291,32,P001
N007299,3,P094
N007307,0,P020
N007315,120,P006
N007323,8,P143
N007331,113,P005
N007339,1,P094
N007347,5,P006
N007355,16,P255
N007363,4,P097
N007371,4,P216
N007379,2,P041
N007387,0,P244
N007395,86,P003
N007403,0,P005
N007411,1,P259
N007419,22,P001
N007427,0,P053
N007435,1,P094
N007443,139,P005
N007451,264,P005
N007459,13,P006
N007467,0,P065
N007475,277,P002
N007483,4,P189
N007491,215,P005
N007499,1,P189
N007507,0,P188
N007515,6,P094
N007523,130,P005
N007531,2,P042
N007539,5,P240
N007547,155,P006
N007555,89,P002
N007563,7,P005
N007571,77,P001
N007579,1,P094
N007587,0,P189
N007595,0,P020
N007603,3,P181
N007611,14,P006
N007619,4,P006
N007627,5,P200
N007635,0,P178
N007643,0,P069
N007651,5,P148
N007659,3,P184
N007667,155,P003
N007675,6,P004
N007683,5,P094
N007691,0,P094
N007699,167,P002
N007707,36,P257
N007715,6,P057
N007723,3,P020
N007731,24,P094
N007739,20,P004
N007747,1,P016
N007755,129,P001
N007763,7,P003
N007771,14,P094
N007779,4,P073
N007787,11,P246
N007795,6,P094
N007803,23,P141
N007811,5,P227
N007819,52,P002
N007827,27,P060
N007835,2,P253
N007843,28,P094
N007851,53,P004
N007859,4,P094
N007867,3,P147
N007875,1,P025
N007883,77,P001
N007891,74,P002
N007899,6,P124
N007907,4,P255
N007915,1,P106
N007923,1,P122
N007931,1,P042
N007939,8,P044
N007947,2,P081
N007955,6,P184
N007963,0,P235
N007971,5,P088
N007979,1,P005
N007987,4,P004
N007995,132,P003
N008003,0,P094
N008011,4,P056
N008019,0,P094
N008027,27,P182
N008035,48,P001
N008043,27,P003
N008051,0,P020
N008059,4,P129
N008067,96,P002
N008075,2,P151
N008083,3,P182
N008091,1,P152
N008099,2,P216
N008107,5,P094
N008115,3,P240
N008123,1,P094
N008131,2,P241
N008139,2,P028
N008147,0,P099
N008155,5,P006
N008163,1,P097
N008171,1,P184
N008179,77,P003
N008187,12,P006
N008195,3,P167
N008203,1,P221
N008211,3,P094
N008219,114,P006
N008227,157,P006
N008235,4,P073
N008243,6,P094
N008251,32,P001
N008259,1,P041
N008267,2,P129
N008275,4,P133
N008283,1,P059
N008291,2,P026
N008299,0,P173
N008307,3,P053
N008315,119,P002
N008323,23,P003
N008331,7,P005
N008339,81,P004
N008347,184,P001
N008355,0,P094
N008363,3,P094
N008371,179,P002
N008379,1,P088
N008387,8,P240
N008395,74,P001
N008403,129,P001
N008411,1,P016
N008419,176,P002
N008427,3,P250
N008435,81,P001
N008443,4,P003
N008451,1,P091
N008459,4,P003
N008467,19,P094
N008475,1,P215
N008483,170,P005
N008491,2,P122
N008499,0,P052
N008507,7,P163
N008515,151,P002
N008523,0,P101
N008531,3,P235
N008539,270,P001
N008547,2,P094
N008555,97,P006
N008563,0,P088
N008571,176,P003
N008579,0,P013
N008587,1,P094
N008595,22,P006
N008603,129,P002
N008611,69,P003
N008619,23,P232
N008627,7,P250
N008635,7,P094
N008643,15,P003
N008651,1,P145
N008659,305,P001
N008667,220,P001
N008675,3,P214
N008683,14,P163
N008691,10,P004
N008699,6,P003
N008707,0,P006
N008715,5,P064
N008723,0,P232
N008731,0,P003
N008739,4,P094
N008747,9,P006
N008755,4,P084
N008763,1,P094
N008771,1,P115
N008779,1,P094
N008787,53,P003
N008795,1,P094
N008803,3,P001
N008811,2,P026
N008819,294,P001
N008827,6,P094
N008835,6,P223
N008843,0,P240
N008851,131,P001
N008859,0,P044
N008867,111,P005
N008875,3,P226
N008883,0,P094
N008891,117,P001
N008899,8,P136
N008907,19,P129
N008915,2,P044
N008923,3,P094
N008931,1,P147
N008939,13,P250
N008947,58,P094
N008955,4,P020
N008963,8,P226
N008971,1,P001
N008979,7,P240
N008987,2,P120
N008995,4,P193
N009003,143,P001
N009011,5,P073
N009019,8,P044
N009027,8,P094
N009035,0,P020
N009043,3,P240
N009051,0,P178
N009059,0,P094
N009067,0,P013
N009075,39,P004
N009083,10,P041
N009091,5,P224
N009099,3,P083
N009107,214,P001
N009115,5,P108
N009123,0,P216
N009131,1,P097
N009139,279,P001
N009147,2,P094
N009155,29,P255
N009163,3,P227
N009171,1,P020
N009179,35,P001
N009187,1,P005
N009195,244,P002
N009203,4,P044
N009211,31,P240
N009219,64,P001
N009227,154,P003
N009235,2,P037
N009243,0,P202
N009251,3,P259
N009259,0,P081
N009267,28,P006
N009275,5,P247
N009283,1,P094
N009291,0,P235
N009299,201,P002
N009307,4,P235
N009315,0,P189
N009323,2,P005
N009331,10,P094
N009339,0,P013
N009347,58,P001
N009355,5,P207
N009363,1,P152
N009371,44,P005
N009379,13,P106
N009387,6,P081
N009395,9,P002
N009403,57,P001
N009411,10,P094
N009419,81,P003
N009427,8,P064
N009435,0,P094
N009443,0,P063
N009451,46,P003
N009459,5,P094
N009467,88,P005
N009475,0,P146
N009483,3,P063
N009491,3,P088
N009499,2,P094
N009507,5,P073
N009515,11,P136
N009523,79,P004
N009531,20,P004
N009539,1,P094
N009547,20,P002
N009555,304,P002
N009563,48,P004
N009571,232,P005
N009579,4,P116
N009587,3,P006
N009595,2,P136
N009603,6,P057
N009611,11,P094
N009619,142,P005
N009627,0,P240
N009635,5,P189
N009643,1,P094
N009651,0,P120
N009659,20,P001
N009667,2,P069
N009675,108,P002
N009683,62,P002
N009691,97,P005
N009699,4,P112
N009707,127,P001
N009715,28,P005
N009723,74,P006
N009731,2,P136
N009739,161,P006
N009747,4,P146
N009755,35,P002
N009763,66,P005
N009771,3,P184
N009779,0,P183
N009787,5,P003
N009795,2,P006
N009803,1,P166
N009811,2,P241
N009819,9,P005
N009827,41,P003
N009835,28,P004
N009843,1,P217
N009851,70,P006
N009859,110,P002
N009867,5,P042
N009875,3,P190
N009883,3,P246
N009891,2,P211
N009899,1,P004
N009907,8,P097
N009915,0,P239
N009923,6,P240
N009931,113,P001
N009939,2,P240
N009947,56,P002
N009955,1,P015
N009963,2,P003
N009971,3,P170
N009979,1,P003
N009987,5,P006
N009995,0,P081
N010003,75,P004
N010011,2,P215
N010019,33,P002
N010027,93,P002
N010035,0,P022
N010043,0,P033
N010051,58,P002
N010059,1,P013
N010067,27,P006
N010075,5,P227
N010083,126,P002
N010091,0,P175
N010099,106,P005
N010107,0,P121
N010115,3,P202
N010123,4,P088
N010131,2,P136
N010139,5,P014
N010147,69,P003
N010155,1,P094
N010163,2,P146
N010171,0,P014
N010179,127,P005
N010187,1,P094
N010195,57,P006
N010203,0,P129
N010211,2,P002
N010219,172,P002
N010227,1,P094
N010235,22,P005
N010243,12,P005
N010251,1,P035
N010259,98,P005
N010267,72,P006
N010275,116,P006
N010283,2,P097
N010291,257,P005
N010299,4,P020
N010307,128,P005
N010315,0,P140
N010323,83,P006
N010331,168,P005
N010339,38,P002
N010347,14,P113
N010355,4,P147
N010363,8,P240
N010371,22,P219
N010379,2,P117
N010387,74,P001
N010395,2,P094
N010403,4,P255
N010411,51,P006
N010419,59,P193
N010427,8,P088
N010435,0,P094
N010443,0,P027
N010451,1,P006
N010459,1,P006
N010467,3,P101
N010475,20,P006
N010483,31,P003
N010491,7,P002
N010499,16,P006
N010507,43,P002
N010515,1,P088
N010523,0,P094
N010531,2,P004
N010539,89,P002
N010547,18,P003
N010555,83,P006
N010563,281,P005
N010571,30,P001
N010579,261,P005
N010587,3,P240
N010595,55,P002
N010603,0,P006
N010611,1,P064
N010619,54,P001
N010627,5,P254
N010635,108,P002
N010643,127,P002
N010651,13,P001
N010659,1,P136
N010667,6,P081
N010675,9,P020
N010683,2,P112
N010691,2,P020
N010699,155,P004
N010707,0,P061
N010715,155,P004
N010723,175,P004
N010731,7,P194
N010739,3,P094
N010747,5,P146
N010755,0,P240
N010763,6,P095
N010771,36,P155
N010779,4,P096
N010787,77,P002
N010795,7,P214
N010803,4,P069
N010811,4,P246
N010819,11,P002
N010827,0,P137
N010835,26,P088
N010843,0,P097
N010851,3,P219
N010859,1,P094
N010867,2,P077
N010875,1,P091
N010883,5,P001
N010891,286,P005
N010899,4,P227
N010907,0,P020
N010915,196,P005
N010923,1,P170
N010931,5,P120
N010939,2,P020
N010947,1,P046
N010955,89,P001
N010963,4,P095
N010971,154,P006
N010979,14,P001
N010987,0,P094
N010995,88,P001
N011003,3,P094
N011011,0,P005
N011019,3,P004
N011027,0,P046
N011035,22,P001
N011043,74,P005
N011051,2,P189
N011059,1,P094
N011067,8,P240
N011075,2,P044
N011083,71,P002
N011091,108,P005
N011099,24,P028
N011107,8,P094
N011115,0,P146
N011123,2,P238
N011131,0,P254
N011139,3,P005
N011147,14,P094
N011155,82,P006
N011163,2,P162
N011171,4,P094
N011179,0,P065
N011187,0,P094
N011195,119,P005
N011203,2,P215
N011211,23,P189
N011219,4,P094
N011227,3,P005
N011235,2,P142
N011243,4,P046
N011251,1,P094
N011259,2,P238
N011267,2,P094
N011275,3,P094
N011283,2,P059
N011291,9,P229
N011299,4,P041
N011307,97,P006
N011315,1,P094
N011323,24,P020
N011331,76,P004
N011339,2,P240
N011347,0,P094
N011355,3,P002
N011363,5,P257
N011371,2,P076
N011379,285,P002
N011387,5,P240
N011395,0,P094
N011403,158,P004
N011411,8,P003
N011419,82,P002
N011427,4,P225
N011435,24,P005
N011443,4,P202
N011451,1,P209
N011459,0,P058
N011467,6,P214
N011475,0,P094
N011483,0,P056
N011491,1,P038
N011499,120,P001
N011507,4,P208
N011515,1,P195
N011523,5,P003
N011531,0,P098
N011539,0,P213
N011547,0,P221
N011555,9,P044
N011563,7,P045
N011571,5,P255
N011579,4,P167
N011587,107,P005
N011595,2,P003
N011603,2,P116
N011611,1,P037
N011619,1,P044
N011627,2,P035
N011635,3,P236
N011643,0,P094
N011651,197,P005
N011659,0,P242
N011667,297,P005
N011675,11,P004
N011683,19,P006
N011691,64,P002
N011699,49,P001
N011707,3,P184
N011715,0,P094
N011723,9,P197
N011731,101,P004
N011739,152,P001
N011747,6,P200
N011755,0,P213
N011763,161,P001
N011771,137,P002
N011779,0,P183
N011787,0,P116
N011795,252,P005
N011803,169,P001
N011811,1,P003
N011819,56,P004
N011827,2,P180
N011835,2,P083
N011843,254,P001
N011851,23,P001
N011859,12,P002
N011867,1,P180
N011875,2,P014
N011883,4,P124
N011891,35,P001
N011899,1,P003
N011907,2,P094
N011915,146,P001
N011923,0,P221
N011931,1,P227
N011939,1,P077
N011947,4,P106
N011955,57,P005
N011963,3,P194
N011971,36,P190
N011979,6,P091
N011987,0,P004
N011995,233,P001
N000004,4,P227
N000012,3,P094
N000020,0,P111
N000028,1,P087
N000036,103,P002
N000044,41,P002
N000052,4,P038
N000060,10,P004
N000068,139,P001
N000076,0,P137
N000084,4,P094
N000092,0,P240
N000100,3,P006
N000108,22,P010
N000116,58,P006
N000124,135,P002
N000132,0,P028
N000140,104,P003
N000148,3,P196
N000156,3,P014
N000164,23,P003
N000172,0,P013
N000180,2,P166
N000188,57,P003
N000196,2,P094
N000204,5,P240
N000212,88,P004
N000220,2,P196
N000228,7,P006
N000236,6,P003
N000244,3,P027
N000252,4,P097
N000260,56,P001
N000268,283,P002
N000276,0,P046
N000284,165,P002
N000292,1,P006
N000300,159,P006
N000308,3,P107
N000316,0,P094
N000324,12,P242
N000332,1,P258
N000340,250,P005
N000348,0,P094
N000356,1,P240
N000364,5,P001
N000372,262,P001
N000380,3,P241
N000388,2,P103
N000396,135,P002
N000404,0,P232
N000412,208,P005
N000420,23,P063
N000428,78,P006
N000436,123,P005
N000444,3,P094
N000452,88,P001
N000460,0,P136
N000468,33,P044
N000476,4,P184
N000484,6,P136
N000492,142,P006
N000500,99,P001
N000508,126,P002
N000516,0,P020
N000524,65,P005
N000532,6,P026
N000540,19,P227
N000548,6,P094
N000556,3,P049
N000564,247,P001
N000572,114,P004
N000580,0,P234
N000588,41,P006
N000596,4,P094
N000604,0,P004
N000612,2,P004
N000620,61,P002
N000628,15,P081
N000636,1,P094
N000644,308,P002
N000652,3,P094
N000660,84,P002
N000668,0,P207
N000676,2,P044
N000684,6,P122
N000692,185,P005
N000700,4,P228
N000708,6,P002
N000716,25,P006
N000724,44,P002
N000732,2,P094
N000740,7,P127
N000748,2,P257
N000756,1,P018
N000764,33,P005
N000772,0,P094
N000780,6,P255
N000788,4,P094
N000796,89,P001
N000804,96,P003
N000812,4,P136
N000820,3,P232
N000828,10,P088
N000836,3,P048
N000844,0,P221
N000852,193,P002
N000860,4,P238
N000868,2,P020
N000876,0,P221
N000884,79,P003
N000892,1,P013
N000900,0,P061
N000908,2,P060
N000916,314,P005
N000924,5,P094
N000932,7,P004
N000940,8,P006
N000948,0,P200
N000956,34,P075
N000964,25,P006
N000972,6,P136
N000980,2,P199
N000988,3,P146
N000996,136,P005
N001004,233,P002
N001012,31,P006
N001020,1,P112
N001028,1,P189
N001036,1,P199
N001044,4,P001
N001052,10,P094
N001060,5,P200
N001068,3,P094
N001076,6,P146
N001084,1,P002
N001092,2,P020
N001100,232,P005
N001108,0,P094
N001116,9,P088
N001124,2,P217
N001132,347,P002
N001140,10,P003
N001148,9,P020
N001156,91,P005
N001164,49,P003
N001172,0,P137
N001180,2,P006
N001188,2,P175
N001196,92,P002
N001204,1,P003
N001212,1,P006
N001220,2,P094
N001228,1,P004
N001236,247,P005
N001244,261,P001
N001252,11,P001
N001260,141,P001
N001268,50,P004
N001276,10,P094
N001284,19,P002
N001292,24,P001
N001300,1,P106
N001308,0,P257
N001316,27,P004
N001324,3,P094
N001332,3,P006
N001340,13,P044
N001348,0,P220
N001356,2,P021
N001364,3,P240
N001372,0,P174
N001380,1,P094
N001388,1,P013
N001396,146,P001
N001404,5,P020
N001412,3,P073
N001420,31,P003
N001428,72,P003
N001436,13,P004
N001444,3,P020
N001452,2,P006
N001460,0,P020
N001468,1,P020
N001476,10,P004
N001484,63,P003
N001492,162,P006
N001500,7,P094
N001508,0,P006
N001516,1,P094
N001524,2,P094
N001532,3,P041
N001540,91,P001
N001548,95,P004
N001556,2,P227
N001564,253,P005
N001572,4,P096
N001580,92,P006
N001588,1,P143
N001596,23,P106
N001604,0,P240
N001612,3,P134
N001620,3,P181
N001628,8,P094
N001636,0,P020
N001644,50,P002
N001652,2,P004
N001660,7,P232
N001668,138,P002
N001676,0,P227
N001684,2,P020
N001692,1,P215
N001700,6,P030
N001708,3,P001
N001716,37,P003
N001724,1,P122
N001732,3,P203
N001740,12,P047
N001748,4,P094
N001756,10,P203
N001764,22,P181
N001772,1,P057
N001780,15,P094
N001788,0,P221
N001796,1,P221
N001804,40,P002
N001812,10,P194
N001820,3,P238
N001828,0,P228
N001836,4,P006
N001844,0,P013
N001852,5,P004
N001860,1,P094
N001868,0,P114
N001876,0,P238
N001884,7,P003
N001892,10,P167
N001900,10,P199
N001908,4,P004
N001916,5,P012
N001924,6,P175
N001932,3,P094
N001940,10,P004
N001948,2,P233
N001956,10,P028
N001964,2,P094
N001972,23,P006
N001980,119,P005
N001988,0,P041
N001996,5,P167
N002004,0,P238
N002012,4,P179
N002020,4,P020
N002028,68,P006
N002036,7,P001
N002044,150,P006
N002052,2,P003
N002060,1,P221
N002068,2,P094
N002076,4,P044
N002084,1,P127
N002092,10,P215
N002100,169,P001
N002108,43,P001
N002116,7,P181
N002124,13,P004
N002132,9,P003
N002140,4,P216
N002148,3,P136
N002156,4,P004
N002164,49,P001
N002172,28,P004
N002180,0,P014
N002188,3,P094
N002196,1,P094
N002204,4,P072
N002212,91,P005
N002220,3,P228
N002228,36,P073
N002236,1,P069
N002244,7,P004
N002252,0,P061
N002260,166,P003
N002268,0,P131
N002276,0,P066
N002284,0,P084
N002292,5,P017
N002300,53,P002
N002308,1,P210
N002316,128,P002
N002324,0,P094
N002332,11,P104
N002340,0,P189
N002348,0,P006
N002356,23,P004
N002364,21,P172
N002372,0,P094
N002380,41,P002
N002388,93,P003
N002396,76,P002
N002404,44,P004
N002412,179,P005
N002420,30,P006
N002428,4,P045
N002436,2,P006
N002444,49,P002
N002452,85,P003
N002460,51,P094
N002468,14,P094
N002476,160,P006
N002484,10,P005
N002492,6,P094
N002500,7,P215
N002508,1,P183
N002516,55,P214
N002524,140,P005
N002532,221,P002
N002540,81,P006
N002548,1,P006
N002556,3,P137
N002564,2,P042
N002572,1,P232
N002580,1,P117
N002588,0,P227
N002596,17,P006
N002604,6,P020
N002612,73,P006
N002620,0,P020
N002628,4,P227
N002636,2,P028
N002644,43,P004
N002652,164,P006
N002660,15,P002
N002668,3,P044
N002676,5,P216
N002684,105,P001
N002692,10,P020
N002700,3,P003
N002708,2,P094
N002716,2,P006
N002724,0,P144
N002732,66,P005
N002740,10,P004
N002748,1,P003
N002756,189,P002
N002764,5,P094
N002772,160,P006
N002780,69,P001
N002788,2,P131
N002796,6,P028
N002804,164,P003
N002812,0,P232
N002820,0,P189
N002828,0,P105
N002836,10,P210
N002844,37,P005
N002852,1,P094
N002860,1,P181
N002868,5,P136
N002876,3,P240
N002884,0,P020
N002892,2,P244
N002900,13,P020
N002908,78,P003
N002916,3,P140
N002924,8,P136
N002932,33,P006
N002940,14,P003
N002948,9,P065
N002956,0,P136
N002964,7,P094
N002972,4,P227
N002980,2,P028
N002988,3,P170
N002996,0,P023
N003004,0,P044
N003012,2,P094
N003020,0,P003
N003028,0,P197
N003036,64,P005
N003044,0,P200
N003052,5,P103
N003060,8,P240
N003068,2,P064
N003076,8,P003
N003084,224,P001
N003092,4,P237
N003100,17,P004
N003108,329,P002
N003116,1,P094
N003124,2,P055
N003132,13,P004
N003140,0,P094
N003148,254,P005
N003156,0,P184
N003164,14,P094
N003172,1,P068
N003180,4,P129
N003188,7,P207
N003196,0,P094
N003204,18,P005
N003212,1,P094
N003220,1,P094
N003228,0,P094
N003236,9,P005
N003244,39,P002
N003252,3,P057
N003260,0,P229
N003268,4,P001
N003276,0,P136
N003284,5,P004
N003292,19,P242
N003300,194,P002
N003308,6,P006
N003316,0,P036
N003324,3,P094
N003332,12,P004
N003340,0,P086
N003348,299,P002
N003356,9,P004
N003364,5,P232
N003372,0,P148
N003380,8,P181
N003388,8,P154
N003396,14,P173
N003404,308,P001
N003412,2,P183
N003420,14,P152
N003428,271,P002
N003436,7,P094
N003444,54,P003
N003452,0,P044
N003460,5,P181
N003468,2,P014
N003476,10,P108
N003484,0,P192
N003492,5,P088
N003500,4,P207
N003508,1,P096
N003516,4,P235
N003524,14,P003
N003532,0,P053
N003540,409,P001
N003548,12,P005
N003556,2,P154
N003564,1,P160
N003572,3,P020
N003580,67,P005
N003588,1,P149
N003596,4,P084
N003604,6,P094
N003612,4,P094
N003620,47,P002
N003628,0,P044
N003636,10,P004
N003644,32,P005
N003652,282,P002
N003660,34,P001
N003668,3,P146
N003676,283,P002
N003684,6,P006
N003692,2,P005
N003700,3,P088
N003708,0,P094
N003716,154,P002
N003724,1,P094
N003732,7,P013
N003740,0,P124
N003748,40,P005
N003756,35,P003
N003764,63,P002
N003772,7,P044
N003780,7,P006
N003788,5,P071
N003796,162,P005
N003804,208,P005
N003812,2,P020
N003820,275,P005
N003828,1,P238
N003836,6,P006
N003844,8,P239
N003852,0,P094
N003860,34,P004
N003868,0,P172
N003876,5,P020
N003884,17,P002
N003892,88,P002
N003900,16,P003
N003908,3,P020
N003916,11,P215
N003924,35,P005
N003932,0,P194
N003940,2,P215
N003948,14,P006
N003956,1,P136
N003964,0,P094
N003972,6,P196
N003980,177,P001
N003988,22,P001
N003996,0,P094
N004004,5,P162
N004012,67,P004
N004020,5,P001
N004028,0,P022
N004036,3,P094
N004044,6,P169
N004052,72,P004
N004060,23,P181
N004068,1,P140
N004076,3,P094
N004084,156,P006
N004092,0,P094
N004100,89,P006
N004108,3,P020
N004116,2,P240
N004124,3,P137
N004132,93,P001
N004140,35,P006
N004148,8,P094
N004156,150,P005
N004164,13,P229
N004172,1,P184
N004180,74,P004
N004188,11,P240
N004196,251,P005
N004204,4,P146
N004212,0,P003
N004220,2,P006
N004228,4,P094
N004236,101,P002
N004244,26,P005
N004252,124,P005
N004260,93,P005
N004268,1,P151
N004276,2,P240
N004284,6,P004
N004292,0,P215
N004300,0,P228
N004308,0,P094
N004316,0,P120
N004324,0,P094
N004332,121,P005
N004340,5,P006
N004348,3,P203
N004356,6,P004
N004364,6,P180
N004372,4,P094
N004380,3,P020
N004388,6,P205
N004396,14,P004
N004404,27,P094
N004412,259,P002
N004420,2,P054
N004428,21,P136
N004436,125,P003
N004444,0,P020
N004452,0,P120
N004460,1,P094
N004468,52,P211
N004476,4,P141
N004484,1,P094
N004492,288,P002
N004500,2,P020
N004508,156,P003
N004516,6,P044
N004524,112,P006
N004532,65,P003
N004540,7,P094
N004548,17,P094
N004556,2,P094
N004564,66,P005
N004572,3,P095
N004580,3,P164
N004588,23,P001
N004596,0,P139
N004604,105,P002
N004612,155,P004
N004620,1,P094
N004628,1,P002
N004636,3,P240
N004644,7,P181
N004652,3,P020
N004660,196,P002
N004668,1,P094
N004676,2,P179
N004684,0,P181
N004692,16,P242
N004700,2,P094
N004708,125,P005
N004716,3,P239
N004724,3,P184
N004732,64,P006
N004740,0,P091
N004748,22,P214
N004756,0,P061
N004764,190,P001
N004772,5,P134
N004780,14,P122
N004788,3,P175
N004796,12,P175
N004804,1,P136
N004812,92,P005
N004820,36,P003
N004828,0,P091
N004836,167,P005
N004844,90,P004
N004852,0,P213
N004860,7,P170
N004868,2,P175
N004876,51,P005
N004884,2,P073
N004892,11,P227
N004900,2,P020
N004908,2,P094
N004916,1,P044
N004924,0,P120
N004932,1,P094
N004940,0,P094
N004948,21,P094
N004956,0,P129
N004964,3,P181
N004972,7,P003
N004980,1,P221
N004988,198,P002
N004996,0,P240
N005004,2,P094
N005012,1,P094
N005020,1,P240
N005028,4,P196
N005036,14,P189
N005044,1,P240
N005052,0,P129
N005060,0,P200
N005068,1,P131
N005076,116,P006
N005084,10,P041
N005092,43,P006
N005100,256,P002
N005108,3,P003
N005116,68,P004
N005124,2,P195
N005132,7,P044
N005140,2,P003
N005148,93,P005
N005156,7,P026
N005164,0,P084
N005172,156,P002
N005180,1,P094
N005188,1,P215
N005196,0,P064
N005204,17,P005
N005212,2,P094
N005220,2,P042
N005228,5,P002
N005236,24,P002
N005244,1,P228
N005252,3,P004
N005260,9,P001
N005268,2,P166
N005276,87,P003
N005284,4,P200
N005292,2,P246
N005300,25,P005
N005308,0,P003
N005316,139,P001
N005324,0,P147
N005332,1,P020
N005340,151,P005
N005348,2,P014
N005356,1,P184
N005364,77,P004
N005372,2,P094
N005380,5,P109
N005388,15,P183
N005396,70,P003
N005404,2,P094
N005412,1,P240
N005420,3,P222
N005428,1,P002
N005436,3,P003
N005444,3,P240
N005452,3,P167
N005460,0,P235
N005468,1,P020
N005476,165,P005
N005484,12,P004
N005492,1,P069
N005500,155,P006
N005508,24,P004
N005516,25,P094
N005524,2,P240
N005532,2,P215
N005540,1,P255
N005548,75,P003
N005556,150,P002
N005564,41,P005
N005572,4,P130
N005580,0,P094
N005588,0,P018
N005596,0,P129
N005604,9,P094
N005612,62,P002
N005620,0,P016
N005628,159,P001
N005636,0,P122
N005644,1,P006
N005652,1,P020
N005660,0,P156
N005668,28,P004
N005676,2,P032
N005684,0,P044
N005692,7,P004
N005700,1,P094
N005708,1,P003
N005716,1,P004
N005724,119,P002
N005732,1,P235
N005740,0,P225
N005748,3,P094
N005756,13,P094
N005764,1,P207
N005772,7,P094
N005780,3,P160
N005788,0,P173
N005796,5,P120
N005804,0,P060
N005812,7,P181
N005820,1,P073
N005828,15,P004
N005836,5,P115
N005844,79,P004
N005852,83,P003
N005860,0,P006
N005868,20,P044
N005876,17,P003
N005884,1,P185
N005892,97,P003
N005900,7,P020
N005908,4,P094
N005916,2,P240
N005924,4,P020
N005932,0,P044
N005940,3,P004
N005948,2,P240
N005956,0,P044
N005964,4,P189
N005972,0,P020
N005980,1,P094
N005988,54,P189
N005996,0,P020
N006004,11,P005
N006012,74,P006
N006020,53,P001
N006028,18,P240
N006036,13,P002
N006044,7,P044
N006052,1,P127
N006060,5,P063
N006068,108,P001
N006076,348,P005
N006084,1,P035
N006092,115,P005
N006100,0,P191
N006108,196,P005
N006116,1,P005
N006124,10,P096
N006132,1,P003
N006140,3,P094
N006148,14,P004
N006156,5,P229
N006164,0,P099
N006172,11,P001
N006180,2,P094
N006188,1,P094
N006196,2,P094
N006204,0,P129
N006212,1,P211
N006220,74,P006
N006228,2,P094
N006236,2,P044
N006244,0,P147
N006252,8,P094
N006260,3,P094
N006268,7,P069
N006276,350,P002
N006284,9,P004
N006292,177,P001
N006300,2,P181
N006308,8,P168
N006316,122,P001
N006324,166,P001
N006332,10,P089
N006340,6,P181
N006348,144,P005
N006356,1,P094
N006364,0,P013
N006372,4,P120
N006380,6,P185
N006388,9,P039
N006396,0,P125
N006404,0,P221
N006412,7,P216
N006420,101,P004
N006428,12,P213
N006436,3,P087
N006444,6,P240
N006452,5,P240
N006460,25,P001
N006468,277,P002
N006476,0,P232
N006484,0,P094
N006492,121,P001
N006500,4,P182
N006508,213,P005
N006516,1,P221
N006524,286,P002
N006532,205,P001
N006540,1,P094
N006548,1,P094
N006556,2,P252
N006564,0,P244
N006572,27,P004
N006580,1,P136
N006588,0,P015
N006596,103,P004
N006604,5,P020
N006612,14,P006
N006620,57,P003
N006628,0,P052
N006636,7,P005
N006644,0,P094
N006652,0,P244
N006660,5,P057
N006668,2,P020
N006676,19,P215
N006684,138,P002
N006692,26,P006
N006700,102,P002
N006708,4,P069
N006716,6,P180
N006724,12,P094
N006732,1,P085
N006740,4,P088
N006748,3,P146
N006756,2,P002
N006764,56,P004
N006772,220,P001
N006780,24,P006
N006788,50,P220
N006796,0,P121
N006804,1,P094
N006812,8,P211
N006820,0,P135
N006828,5,P226
N006836,156,P006
N006844,118,P001
N006852,6,P238
N006860,3,P106
N006868,4,P227
N006876,124,P002
N006884,0,P094
N006892,0,P209
N006900,6,P034
N006908,1,P014
N006916,2,P031
N006924,4,P200
N006932,193,P005
N006940,1,P006
N006948,36,P004
N006956,2,P094
N006964,2,P006
N006972,2,P094
N006980,49,P002
N006988,1,P012
N006996,2,P166
N007004,13,P193
N007012,1,P094
N007020,53,P002
N007028,8,P094
N007036,2,P061
N007044,0,P099
N007052,2,P221
N007060,7,P135
N007068,7,P257
N007076,4,P156
N007084,0,P037
N007092,0,P235
N007100,2,P146
N007108,1,P094
N007116,26,P003
N007124,2,P181
N007132,19,P195
N007140,3,P094
N007148,265,P002
N007156,1,P094
N007164,2,P098
N007172,13,P129
N007180,4,P094
N007188,7,P094
N007196,0,P221
N007204,11,P003
N007212,21,P003
N007220,5,P088
N007228,0,P186
N007236,5,P044
N007244,3,P215
N007252,3,P094
N007260,0,P127
N007268,65,P001
N007276,19,P006
N007284,7,P020
N007292,1,P049
N007300,131,P001
N007308,0,P047
N007316,2,P232
N007324,8,P240
N007332,3,P088
N007340,14,P001
N007348,4,P200
N007356,1,P241
N007364,3,P094
N007372,21,P061
N007380,2,P094
N007388,2,P094
N007396,4,P094
N007404,11,P240
N007412,39,P006
N007420,52,P003
N007428,1,P088
N007436,1,P094
N007444,0,P094
N007452,8,P229
N007460,55,P005
N007468,3,P094
N007476,0,P020
N007484,4,P004
N007492,23,P006
N007500,0,P235
N007508,0,P094
N007516,6,P215
N007524,16,P020
N007532,0,P094
N007540,3,P021
N007548,0,P221
N007556,1,P228
N007564,104,P005
N007572,1,P181
N007580,1,P117
N007588,3,P059
N007596,21,P003
N007604,2,P259
N007612,0,P240
N007620,4,P004
N007628,5,P020
N007636,7,P255
N007644,1,P094
N007652,206,P005
N007660,24,P240
N007668,232,P002
N007676,83,P002
N007684,138,P002
N007692,14,P104
N007700,4,P176
N007708,0,P180
N007716,4,P094
N007724,2,P211
N007732,4,P215
N007740,2,P044
N007748,0,P094
N007756,0,P175
N007764,15,P021
N007772,36,P002
N007780,11,P191
N007788,5,P104
N007796,6,P207
N007804,0,P215
N007812,5,P189
N007820,2,P002
N007828,64,P001
N007836,4,P096
N007844,22,P002
N007852,2,P044
N007860,23,P240
N007868,9,P004
N007876,150,P001
N007884,13,P003
N007892,2,P002
N007900,43,P006
N007908,4,P217
N007916,2,P004
N007924,12,P094
N007932,131,P001
N007940,85,P006
N007948,2,P227
N007956,11,P003
N007964,163,P002
N007972,168,P003
N007980,7,P094
N007988,3,P021
N007996,1,P228
N008004,0,P127
N008012,4,P243
N008020,25,P006
N008028,102,P001
N008036,366,P001
N008044,3,P094
N008052,1,P227
N008060,15,P004
N008068,0,P244
N008076,71,P003
N008084,3,P088
N008092,191,P002
N008100,2,P237
N008108,28,P006
N008116,0,P044
N008124,2,P232
N008132,3,P120
N008140,58,P001
N008148,153,P006
N008156,2,P094
N008164,1,P180
N008172,20,P004
N008180,169,P001
N008188,21,P094
N008196,1,P056
N008204,84,P005
N008212,29,P003
N008220,41,P004
N008228,1,P094
N008236,105,P002
N008244,3,P099
N008252,7,P094
N008260,6,P238
N008268,9,P004
N008276,17,P002
N008284,1,P057
N008292,86,P001
N008300,12,P004
N008308,166,P006
N008316,263,P002
N008324,2,P216
N008332,3,P240
N008340,1,P094
N008348,15,P241
N008356,1,P094
N008364,10,P020
N008372,13,P096
N008380,1,P146
N008388,0,P189
N008396,0,P185
N008404,1,P227
N008412,0,P094
N008420,50,P227
N008428,10,P240
N008436,0,P240
N008444,3,P258
N008452,35,P005
N008460,89,P001
N008468,60,P002
N008476,36,P005
N008484,3,P071
N008492,49,P006
N008500,1,P011
N008508,7,P232
N008516,103,P005
N008524,0,P094
N008532,3,P068
N008540,10,P094
N008548,1,P184
N008556,62,P002
N008564,2,P020
N008572,0,P067
N008580,0,P053
N008588,11,P003
N008596,22,P004
N008604,0,P240
N008612,5,P240
N008620,3,P089
N008628,7,P062
N008636,21,P003
N008644,5,P057
N008652,4,P094
N008660,29,P001
N008668,4,P094
N008676,89,P003
N008684,14,P240
N008692,4,P163
N008700,18,P002
N008708,4,P106
N008716,5,P225
N008724,0,P248
N008732,48,P002
N008740,9,P006
N008748,154,P003
N008756,0,P004
N008764,0,P133
N008772,1,P094
N008780,7,P214
N008788,151,P006
N008796,0,P046
N008804,1,P003
N008812,114,P005
N008820,3,P200
N008828,13,P054
N008836,99,P005
N008844,23,P006
N008852,1,P096
N008860,1,P094
N008868,0,P116
N008876,0,P094
N008884,2,P203
N008892,1,P016
N008900,71,P002
N008908,63,P183
N008916,1,P213
N008924,49,P004
N008932,0,P006
N008940,76,P001
N008948,1,P094
N008956,3,P195
N008964,8,P094
N008972,2,P028
N008980,5,P003
N008988,2,P094
N008996,2,P196
N009004,19,P003
N009012,8,P216
N009020,8,P094
N009028,12,P199
N009036,18,P183
N009044,224,P005
N009052,0,P240
N009060,55,P001
N009068,119,P002
N009076,0,P094
N009084,10,P044
N009092,0,P248
N009100,0,P133
N009108,2,P231
N009116,32,P003
N009124,0,P031
N009132,48,P006
N009140,134,P002
N009148,2,P211
N009156,74,P003
N009164,0,P215
N009172,1,P181
N009180,2,P003
N009188,0,P181
N009196,2,P003
N009204,24,P004
N009212,32,P003
N009220,11,P002
N009228,156,P004
N009236,50,P091
N009244,10,P003
N009252,3,P180
N009260,168,P002
N009268,2,P235
N009276,160,P003
N009284,1,P073
N009292,0,P094
N009300,29,P004
N009308,5,P094
N009316,3,P094
N009324,2,P006
N009332,120,P002
N009340,0,P057
N009348,0,P132
N009356,5,P231
N009364,0,P020
N009372,12,P238
N009380,13,P094
N009388,6,P094
N009396,8,P044
N009404,0,P020
N009412,0,P244
N009420,208,P005
N009428,6,P094
N009436,0,P094
N009444,0,P227
N009452,4,P044
N009460,1,P037
N009468,9,P004
N009476,2,P060
N009484,3,P189
N009492,0,P046
N009500,90,P006
N009508,5,P240
N009516,1,P039
N009524,3,P136
N009532,13,P001
N009540,0,P094
N009548,20,P001
N009556,0,P094
N009564,36,P002
N009572,6,P198
N009580,71,P001
N009588,16,P094
N009596,0,P216
N009604,5,P094
N009612,9,P006
N009620,260,P005
N009628,0,P154
N009636,24,P006
N009644,21,P006
N009652,2,P048
N009660,3,P183
N009668,2,P183
N009676,144,P004
N009684,0,P246
N009692,3,P094
N009700,111,P003
N009708,1,P153
N009716,0,P146
N009724,188,P001
N009732,2,P094
N009740,18,P035
N009748,4,P073
N009756,3,P087
N009764,7,P106
N009772,4,P240
N009780,101,P002
N009788,4,P246
N009796,1,P001
N009804,96,P004
N009812,2,P094
N009820,0,P236
N009828,0,P057
N009836,1,P014
N009844,0,P006
N009852,1,P013
N009860,169,P001
N009868,5,P239
N009876,0,P180
N009884,5,P004
N009892,0,P020
N009900,66,P005
N009908,247,P002
N009916,30,P004
N009924,6,P044
N009932,7,P020
N009940,2,P141
N009948,8,P094
N009956,1,P008
N009964,2,P229
N009972,6,P056
N009980,1,P094
N009988,9,P094
N009996,0,P195
N010004,0,P157
N010012,209,P005
N010020,1,P008
N010028,104,P006
N010036,0,P094
N010044,9,P094
N010052,2,P120
N010060,0,P221
N010068,5,P020
N010076,0,P142
N010084,26,P004
N010092,45,P003
N010100,1,P094
N010108,117,P003
N010116,4,P010
N010124,82,P006
N010132,2,P094
N010140,4,P089
N010148,5,P229
N010156,26,P002
N010164,2,P159
N010172,42,P001
N010180,1,P209
N010188,305,P001
N010196,2,P223
N010204,0,P094
N010212,3,P003
N010220,11,P088
N010228,3,P006
N010236,0,P020
N010244,3,P120
N010252,1,P038
N010260,218,P005
N010268,73,P002
N010276,3,P146
N010284,253,P001
N010292,0,P094
N010300,4,P122
N010308,2,P003
N010316,1,P094
N010324,0,P132
N010332,1,P094
N010340,278,P002
N010348,183,P001
N010356,4,P235
N010364,295,P005
N010372,253,P005
N010380,4,P211
N010388,16,P001
N010396,10,P053
N010404,72,P005
N010412,1,P094
N010420,20,P242
N010428,8,P044
N010436,69,P002
N010444,0,P094
N010452,2,P166
N010460,12,P006
N010468,2,P077
N010476,106,P001
N010484,133,P001
N010492,169,P001
N010500,21,P240
N010508,0,P189
N010516,11,P006
N010524,0,P257
N010532,0,P244
N010540,5,P109
N010548,14,P227
N010556,79,P003
N010564,305,P002
N010572,0,P069
N010580,33,P004
N010588,0,P012
N010596,0,P165
N010604,62,P003
N010612,2,P094
N010620,1,P065
N010628,62,P003
N010636,2,P250
N010644,2,P221
N010652,11,P160
N010660,1,P129
N010668,6,P240
N010676,9,P094
N010684,2,P069
N010692,10,P002
N010700,1,P073
N010708,36,P002
N010716,10,P094
N010724,0,P199
N010732,10,P006
N010740,1,P086
N010748,0,P140
N010756,0,P071
N010764,160,P004
N010772,0,P166
N010780,5,P131
N010788,2,P148
N010796,8,P240
N010804,4,P044
N010812,12,P240
N010820,2,P044
N010828,0,P175
N010836,26,P020
N010844,0,P096
N010852,0,P046
N010860,22,P044
N010868,2,P181
N010876,16,P003
N010884,2,P004
N010892,1,P094
N010900,4,P020
N010908,0,P006
N010916,11,P006
N010924,3,P258
N010932,6,P089
N010940,0,P020
N010948,3,P229
N010956,2,P094
N010964,4,P094
N010972,3,P006
N010980,25,P005
N010988,319,P001
N010996,43,P005
N011004,4,P094
N011012,0,P232
N011020,2,P094
N011028,128,P001
N011036,3,P094
N011044,6,P216
N011052,2,P190
N011060,206,P005
N011068,142,P002
N011076,162,P001
N011084,72,P006
N011092,6,P006
N011100,0,P094
N011108,106,P002
N011116,1,P220
N011124,7,P094
N011132,14,P002
N011140,11,P003
N011148,166,P006
N011156,1,P094
N011164,2,P094
N011172,4,P044
N011180,0,P006
N011188,163,P005
N011196,10,P006
N011204,1,P216
N011212,23,P225
N011220,3,P020
N011228,3,P141
N011236,214,P001
N011244,4,P071
N011252,101,P002
N011260,22,P006
N011268,47,P005
N011276,0,P020
N011284,10,P006
N011292,11,P240
N011300,5,P094
N011308,20,P001
N011316,8,P094
N011324,0,P257
N011332,44,P002
N011340,22,P005
N011348,72,P001
N011356,0,P094
N011364,5,P146
N011372,1,P020
N011380,12,P003
N011388,6,P239
N011396,3,P094
N011404,158,P004
N011412,21,P005
N011420,72,P005
N011428,0,P229
N011436,5,P003
N011444,5,P003
N011452,94,P003
N011460,1,P094
N011468,77,P002
N011476,0,P003
N011484,2,P240
N011492,1,P172
N011500,120,P005
N011508,101,P001
N011516,73,P002
N011524,4,P214
N011532,2,P098
N011540,48,P002
N011548,0,P069
N011556,9,P094
N011564,7,P108
N011572,4,P040
N011580,0,P103
N011588,0,P245
N011596,1,P020
N011604,138,P001
N011612,0,P013
N011620,1,P094
N011628,1,P003
N011636,4,P248
N011644,1,P094
N011652,2,P094
N011660,2,P053
N011668,35,P002
N011676,13,P038
N011684,117,P005
N011692,2,P180
N011700,57,P005
N011708,0,P239
N011716,1,P235
N011724,10,P088
N011732,2,P167
N011740,3,P094
N011748,33,P005
N011756,0,P063
N011764,161,P005
N011772,0,P094
N011780,10,P004
N011788,13,P094
N011796,5,P094
N011804,289,P001
N011812,0,P107
N011820,0,P058
N011828,322,P005
N011836,73,P001
N011844,0,P021
N011852,1,P222
N011860,94,P005
N011868,0,P073
N011876,31,P006
N011884,4,P201
N011892,9,P001
N011900,13,P002
N011908,0,P240
N011916,5,P094
N011924,0,P094
N011932,1,P195
N011940,103,P005
N011948,61,P002
N011956,17,P004
N011964,3,P094
N011972,4,P021
N011980,44,P002
N011988,231,P001
N011996,5,P143
N000005,4,P215
N000013,4,P088
N000021,0,P004
N000029,2,P002
N000037,0,P094
N000045,4,P137
N000053,3,P094
N000061,2,P231
N000069,50,P214
N000077,10,P003
N000085,26,P003
N000093,5,P003
N000101,3,P032
N000109,7,P006
N000117,2,P229
N000125,0,P168
N000133,6,P004
N000141,8,P071
N000149,8,P227
N000157,102,P004
N000165,21,P006
N000173,4,P106
N000181,0,P120
N000189,1,P056
N000197,2,P091
N000205,10,P002
N000213,0,P072
N000221,0,P249
N000229,24,P034
N000237,3,P004
N000245,3,P096
N000253,34,P002
N000261,0,P168
N000269,5,P211
N000277,322,P002
N000285,15,P189
N000293,1,P215
N000301,6,P006
N000309,6,P006
N000317,0,P260
N000325,8,P236
N000333,0,P069
N000341,67,P002
N000349,1,P200
N000357,2,P004
N000365,3,P014
N000373,13,P250
N000381,3,P227
N000389,4,P094
N000397,0,P003
N000405,9,P097
N000413,4,P094
N000421,23,P217
N000429,78,P004
N000437,1,P004
N000445,147,P001
N000453,1,P137
N000461,220,P001
N000469,44,P003
N000477,5,P094
N000485,13,P094
N000493,3,P094
N000501,7,P073
N000509,0,P094
N000517,8,P004
N000525,335,P002
N000533,6,P200
N000541,30,P003
N000549,5,P006
N000557,3,P078
N000565,0,P181
N000573,97,P002
N000581,0,P003
N000589,5,P239
N000597,299,P001
N000605,50,P094
N000613,5,P240
N000621,4,P240
N000629,17,P143
N000637,3,P094
N000645,10,P097
N000653,4,P060
N000661,1,P232
N000669,0,P221
N000677,4,P221
N000685,83,P001
N000693,2,P167
N000701,120,P001
N000709,5,P166
N000717,100,P002
N000725,18,P003
N000733,1,P202
N000741,16,P240
N000749,2,P028
N000757,40,P003
N000765,0,P192
N000773,0,P150
N000781,98,P005
N000789,3,P227
N000797,135,P002
N000805,53,P004
N000813,0,P013
N000821,0,P094
N000829,103,P003
N000837,0,P183
N000845,2,P020
N000853,0,P006
N000861,4,P195
N000869,2,P094
N000877,1,P020
N000885,403,P005
N000893,0,P179
N000901,17,P240
N000909,2,P020
N000917,3,P215
N000925,5,P229
N000933,2,P088
N000941,4,P094
N000949,1,P006
N000957,0,P221
N000965,6,P094
N000973,0,P180
N000981,1,P037
N000989,0,P035
N000997,0,P071
N001005,194,P001
N001013,5,P058
N001021,1,P228
N001029,1,P106
N001037,0,P241
N001045,3,P260
N001053,8,P056
N001061,5,P215
N001069,6,P240
N001077,6,P094
N001085,0,P020
N001093,96,P002
N001101,232,P001
N001109,0,P094
N001117,9,P094
N001125,15,P006
N001133,5,P094
N001141,2,P141
N001149,0,P182
N001157,13,P094
N001165,2,P133
N001173,24,P004
N001181,2,P235
N001189,1,P026
N001197,87,P001
N001205,0,P228
N001213,191,P002
N001221,35,P006
N001229,0,P094
N001237,7,P004
N001245,0,P094
N001253,0,P219
N001261,4,P240
N001269,4,P020
N001277,10,P228
N001285,39,P001
N001293,0,P094
N001301,1,P098
N001309,47,P004
N001317,4,P240
N001325,1,P222
N001333,105,P002
N001341,3,P225
N001349,323,P002
N001357,2,P148
N001365,3,P048
N001373,128,P005
N001381,4,P056
N001389,18,P004
N001397,6,P168
N001405,4,P122
N001413,3,P156
N001421,350,P005
N001429,88,P004
N001437,0,P167
N001445,2,P094
N001453,188,P005
N001461,2,P099
N001469,59,P004
N001477,6,P087
N001485,3,P240
N001493,7,P003
N001501,7,P211
N001509,3,P094
N001517,246,P001
N001525,81,P004
N001533,14,P136
N001541,1,P044
N001549,0,P003
N001557,2,P094
N001565,1,P240
N001573,1,P238
N001581,13,P021
N001589,112,P002
N001597,328,P005
N001605,224,P001
N001613,1,P013
N001621,3,P044
N001629,8,P210
N001637,0,P221
N001645,24,P019
N001653,77,P006
N001661,7,P044
N001669,5,P097
N001677,9,P003
N001685,13,P002
N001693,1,P106
N001701,0,P146
N001709,2,P242
N001717,1,P240
N001725,155,P001
N001733,1,P248
N001741,124,P005
N001749,10,P003
N001757,1,P235
N001765,82,P006
N001773,1,P235
N001781,16,P097
N001789,3,P014
N001797,0,P094
N001805,31,P217
N001813,2,P138
N001821,10,P006
N001829,4,P094
N001837,4,P190
N001845,58,P001
N001853,2,P020
N001861,0,P081
N001869,5,P004
N001877,79,P004
N001885,6,P250
N001893,10,P249
N001901,1,P232
N001909,4,P004
N001917,5,P054
N001925,7,P004
N001933,3,P257
N001941,0,P221
N001949,78,P002
N001957,1,P078
N001965,1,P044
N001973,0,P021
N001981,0,P145
N001989,3,P099
N001997,5,P044
N002005,0,P094
N002013,4,P200
N002021,6,P002
N002029,1,P091
N002037,6,P181
N002045,363,P001
N002053,1,P215
N002061,77,P005
N002069,62,P001
N002077,4,P215
N002085,0,P088
N002093,10,P260
N002101,1,P217
N002109,4,P167
N002117,9,P240
N002125,10,P175
N002133,0,P029
N002141,0,P090
N002149,0,P244
N002157,4,P229
N002165,0,P181
N002173,4,P071
N002181,0,P234
N002189,81,P002
N002197,2,P240
N002205,5,P215
N002213,2,P094
N002221,0,P020
N002229,76,P004
N002237,250,P001
N002245,1,P094
N002253,4,P129
N002261,2,P215
N002269,1,P211
N002277,0,P044
N002285,49,P001
N002293,5,P144
N002301,17,P004
N002309,321,P005
N002317,3,P096
N002325,3,P006
N002333,3,P163
N002341,2,P195
N002349,3,P002
N002357,3,P094
N002365,2,P117
N002373,1,P004
N002381,3,P036
N002389,25,P208
N002397,76,P005
N002405,0,P240
N002413,7,P044
N002421,59,P003
N002429,4,P191
N002437,2,P020
N002445,2,P094
N002453,0,P094
N002461,10,P094
N002469,14,P028
N002477,14,P020
N002485,0,P142
N002493,251,P002
N002501,12,P006
N002509,1,P003
N002517,172,P006
N002525,1,P229
N002533,5,P094
N002541,0,P049
N002549,2,P049
N002557,298,P002
N002565,48,P001
N002573,124,P005
N002581,0,P209
N002589,72,P003
N002597,148,P001
N002605,19,P006
N002613,0,P004
N002621,152,P001
N002629,3,P020
N002637,209,P001
N002645,39,P003
N002653,212,P001
N002661,3,P199
N002669,94,P001
N002677,5,P242
N002685,91,P006
N002693,205,P005
N002701,1,P001
N002709,5,P003
N002717,2,P004
N002725,1,P221
N002733,3,P094
N002741,5,P089
N002749,11,P006
N002757,8,P146
N002765,37,P005
N002773,103,P001
N002781,0,P183
N002789,2,P180
N002797,14,P005
N002805,0,P136
N002813,100,P005
N002821,45,P006
N002829,3,P020
N002837,4,P050
N002845,365,P002
N002853,150,P001
N002861,1,P094
N002869,4,P094
N002877,3,P222
N002885,0,P215
N002893,2,P013
N002901,79,P002
N002909,2,P094
N002917,1,P105
N002925,74,P003
N002933,2,P153
N002941,86,P005
N002949,12,P112
N002957,28,P003
N002965,7,P249
N002973,56,P001
N002981,19,P001
N002989,56,P002
N002997,62,P005
N003005,95,P002
N003013,11,P002
N003021,114,P005
N003029,0,P214
N003037,0,P062
N003045,0,P003
N003053,5,P214
N003061,6,P043
N003069,1,P073
N003077,81,P002
N003085,5,P044
N003093,2,P004
N003101,2,P127
N003109,327,P005
N003117,79,P002
N003125,2,P219
N003133,19,P094
N003141,71,P003
N003149,7,P240
N003157,0,P020
N003165,14,P181
N003173,1,P180
N003181,4,P165
N003189,3,P094
N003197,74,P002
N003205,0,P221
N003213,0,P088
N003221,0,P094
N003229,0,P087
N003237,2,P001
N003245,9,P006
N003253,89,P004
N003261,1,P228
N003269,3,P243
N003277,8,P260
N003285,65,P005
N003293,7,P215
N003301,2,P246
N003309,7,P004
N003317,3,P036
N003325,20,P094
N003333,84,P005
N003341,0,P240
N003349,2,P009
N003357,1,P094
N003365,5,P167
N003373,11,P002
N003381,6,P094
N003389,162,P001
N003397,68,P003
N003405,1,P094
N003413,1,P240
N003421,14,P094
N003429,55,P004
N003437,138,P005
N003445,15,P072
N003453,29,P003
N003461,263,P001
N003469,122,P001
N003477,158,P006
N003485,5,P004
N003493,2,P174
N003501,157,P003
N003509,1,P094
N003517,4,P027
N003525,18,P078
N003533,2,P094
N003541,0,P048
N003549,0,P006
N003557,2,P020
N003565,334,P005
N003573,46,P002
N003581,8,P020
N003589,1,P129
N003597,77,P001
N003605,1,P020
N003613,4,P181
N003621,5,P096
N003629,40,P002
N003637,6,P122
N003645,17,P006
N003653,1,P006
N003661,6,P044
N003669,4,P069
N003677,132,P002
N003685,6,P137
N003693,2,P112
N003701,3,P094
N003709,0,P258
N003717,0,P181
N003725,103,P002
N003733,1,P094
N003741,4,P240
N003749,92,P003
N003757,0,P218
N003765,49,P003
N003773,7,P232
N003781,3,P099
N003789,26,P006
N003797,2,P081
N003805,34,P003
N003813,0,P219
N003821,219,P002
N003829,1,P094
N003837,6,P004
N003845,0,P111
N003853,0,P172
N003861,1,P255
N003869,2,P006
N003877,103,P001
N003885,0,P094
N003893,0,P094
N003901,5,P094
N003909,272,P001
N003917,0,P013
N003925,12,P238
N003933,12,P152
N003941,193,P005
N003949,8,P004
N003957,3,P030
N003965,6,P094
N003973,0,P094
N003981,2,P187
N003989,3,P094
N003997,0,P241
N004005,23,P005
N004013,223,P002
N004021,0,P207
N004029,16,P006
N004037,10,P003
N004045,31,P005
N004053,266,P001
N004061,23,P094
N004069,14,P006
N004077,3,P020
N004085,2,P069
N004093,1,P222
N004101,119,P002
N004109,3,P088
N004117,23,P003
N004125,5,P003
N004133,164,P003
N004141,0,P111
N004149,4,P238
N004157,2,P061
N004165,13,P218
N004173,0,P090
N004181,5,P003
N004189,7,P094
N004197,3,P238
N004205,4,P089
N004213,1,P058
N004221,66,P002
N004229,230,P002
N004237,3,P094
N004245,1,P209
N004253,8,P216
N004261,7,P003
N004269,1,P245
N004277,6,P006
N004285,5,P240
N004293,0,P020
N004301,3,P006
N004309,38,P004
N004317,144,P004
N004325,5,P141
N004333,1,P208
N004341,1,P046
N004349,35,P005
N004357,5,P057
N004365,0,P221
N004373,254,P002
N004381,3,P094
N004389,6,P146
N004397,0,P150
N004405,2,P003
N004413,16,P002
N004421,5,P211
N004429,0,P020
N004437,195,P001
N004445,0,P140
N004453,187,P005
N004461,15,P240
N004469,52,P122
N004477,5,P094
N004485,0,P240
N004493,1,P064
N004501,0,P238
N004509,4,P073
N004517,4,P044
N004525,135,P002
N004533,0,P094
N004541,7,P044
N004549,92,P003
N004557,0,P122
N004565,32,P002
N004573,2,P090
N004581,50,P052
N004589,0,P094
N004597,1,P003
N004605,3,P108
N004613,0,P221
N004621,85,P003
N004629,9,P003
N004637,3,P097
N004645,7,P240
N004653,3,P240
N004661,0,P094
N004669,3,P020
N004677,2,P215
N004685,0,P140
N004693,12,P006
N004701,50,P001
N004709,32,P230
N004717,77,P004
N004725,8,P094
N004733,65,P003
N004741,1,P227
N004749,22,P181
N004757,0,P054
N004765,0,P094
N004773,5,P077
N004781,0,P011
N004789,3,P057
N004797,3,P044
N004805,362,P005
N004813,0,P094
N004821,0,P094
N004829,12,P094
N004837,2,P141
N004845,9,P001
N004853,9,P094
N004861,248,P002
N004869,2,P112
N004877,1,P143
N004885,2,P240
N004893,1,P227
N004901,3,P240
N004909,47,P005
N004917,1,P094
N004925,0,P073
N004933,137,P005
N004941,11,P020
N004949,2,P203
N004957,0,P094
N004965,3,P094
N004973,6,P257
N004981,1,P013
N004989,3,P088
N004997,99,P005
N005005,3,P002
N005013,117,P001
N005021,20,P004
N005029,8,P077
N005037,14,P087
N005045,1,P242
N005053,89,P003
N005061,0,P060
N005069,1,P094
N005077,181,P004
N005085,0,P020
N005093,1,P162
N005101,1,P086
N005109,1,P105
N005117,13,P111
N005125,2,P020
N005133,1,P225
N005141,0,P137
N005149,5,P094
N005157,7,P124
N005165,0,P094
N005173,2,P014
N005181,34,P005
N005189,1,P094
N005197,7,P044
N005205,4,P229
N005213,0,P111
N005221,1,P004
N005229,2,P020
N005237,4,P094
N005245,160,P005
N005253,3,P020
N005261,5,P044
N005269,24,P006
N005277,2,P246
N005285,4,P094
N005293,0,P013
N005301,25,P001
N005309,43,P002
N005317,0,P031
N005325,158,P004
N005333,1,P195
N005341,3,P106
N005349,0,P250
N005357,1,P094
N005365,0,P106
N005373,3,P240
N005381,159,P005
N005389,4,P041
N005397,168,P001
N005405,0,P120
N005413,347,P001
N005421,0,P109
N005429,70,P006
N005437,2,P073
N005445,76,P003
N005453,3,P207
N005461,0,P245
N005469,1,P094
N005477,0,P155
N005485,36,P001
N005493,78,P004
N005501,0,P093
N005509,5,P094
N005517,94,P004
N005525,77,P002
N005533,2,P003
N005541,0,P140
N005549,103,P001
N005557,0,P044
N005565,2,P094
N005573,4,P208
N005581,81,P001
N005589,299,P005
N005597,274,P001
N005605,9,P044
N005613,137,P006
N005621,5,P228
N005629,114,P005
N005637,3,P073
N005645,0,P240
N005653,3,P094
N005661,2,P180
N005669,14,P003
N005677,2,P195
N005685,7,P123
N005693,16,P001
N005701,1,P183
N005709,66,P002
N005717,101,P004
N005725,50,P005
N005733,74,P002
N005741,3,P094
N005749,7,P006
N005757,13,P207
N005765,0,P189
N005773,9,P198
N005781,3,P139
N005789,108,P002
N005797,6,P020
N005805,102,P001
N005813,1,P115
N005821,46,P004
N005829,2,P034
N005837,3,P003
N005845,0,P202
N005853,0,P244
N005861,3,P003
N005869,2,P006
N005877,274,P005
N005885,1,P238
N005893,148,P002
N005901,4,P154
N005909,3,P002
N005917,2,P057
N005925,4,P044
N005933,0,P238
N005941,197,P002
N005949,2,P094
N005957,25,P004
N005965,5,P006
N005973,101,P003
N005981,1,P069
N005989,129,P005
N005997,13,P003
N006005,3,P020
N006013,6,P179
N006021,20,P094
N006029,18,P232
N006037,122,P001
N006045,136,P002
N006053,0,P004
N006061,4,P237
N006069,1,P094
N006077,342,P002
N006085,1,P189
N006093,5,P010
N006101,8,P229
N006109,8,P030
N006117,5,P094
N006125,10,P180
N006133,2,P001
N006141,3,P148
N006149,0,P094
N006157,1,P046
N006165,69,P003
N006173,2,P056
N006181,84,P004
N006189,16,P003
N006197,1,P020
N006205,1,P020
N006213,74,P005
N006221,0,P156
N006229,1,P094
N006237,19,P003
N006245,2,P094
N006253,8,P200
N006261,0,P094
N006269,5,P006
N006277,3,P229
N006285,5,P056
N006293,102,P002
N006301,15,P003
N006309,43,P002
N006317,3,P235
N006325,3,P073
N006333,10,P006
N006341,11,P200
N006349,41,P001
N006357,16,P005
N006365,3,P167
N006373,3,P204
N006381,6,P038
N006389,9,P020
N006397,0,P003
N006405,8,P006
N006413,7,P215
N006421,28,P002
N006429,12,P081
N006437,4,P004
N006445,6,P094
N006453,5,P136
N006461,155,P003
N006469,169,P005
N006477,13,P005
N006485,10,P073
N006493,3,P240
N006501,150,P001
N006509,0,P121
N006517,4,P257
N006525,0,P025
N006533,0,P240
N006541,70,P003
N006549,195,P002
N006557,129,P003
N006565,2,P227
N006573,4,P047
N006581,0,P207
N006589,50,P146
N006597,1,P044
N006605,5,P139
N006613,10,P006
N006621,4,P189
N006629,0,P094
N006637,0,P003
N006645,47,P002
N006653,2,P002
N006661,5,P240
N006669,0,P222
N006677,91,P006
N006685,102,P002
N006693,1,P240
N006701,1,P086
N006709,2,P094
N006717,8,P094
N006725,12,P076
N006733,1,P020
N006741,4,P077
N006749,3,P181
N006757,0,P094
N006765,0,P240
N006773,3,P002
N006781,122,P003
N006789,2,P024
N006797,0,P100
N006805,10,P003
N006813,8,P129
N006821,1,P094
N006829,62,P006
N006837,2,P141
N006845,5,P215
N006853,6,P088
N006861,123,P003
N006869,274,P002
N006877,9,P004
N006885,14,P001
N006893,4,P003
N006901,0,P217
N006909,0,P094
N006917,2,P020
N006925,25,P005
N006933,0,P187
N006941,0,P020
N006949,32,P190
N006957,2,P105
N006965,2,P094
N006973,84,P004
N006981,0,P068
N006989,15,P002
N006997,2,P214
N007005,128,P004
N007013,6,P004
N007021,4,P003
N007029,0,P114
N007037,2,P094
N007045,1,P227
N007053,2,P006
N007061,5,P003
N007069,1,P020
N007077,4,P207
N007085,109,P003
N007093,1,P119
N007101,43,P006
N007109,184,P002
N007117,59,P002
N007125,27,P004
N007133,18,P181
N007141,3,P091
N007149,31,P005
N007157,0,P170
N007165,114,P002
N007173,0,P046
N007181,4,P089
N007189,7,P014
N007197,45,P001
N007205,9,P061
N007213,73,P003
N007221,5,P253
N007229,0,P001
N007237,4,P227
N007245,29,P006
N007253,0,P215
N007261,2,P232
N007269,0,P094
N007277,250,P002
N007285,9,P110
N007293,2,P075
N007301,0,P051
N007309,71,P003
N007317,2,P094
N007325,1,P153
N007333,3,P199
N007341,0,P013
N007349,4,P181
N007357,1,P231
N007365,3,P001
N007373,21,P094
N007381,9,P004
N007389,10,P004
N007397,4,P096
N007405,0,P020
N007413,0,P011
N007421,3,P094
N007429,119,P001
N007437,2,P166
N007445,0,P208
N007453,6,P168
N007461,103,P003
N007469,2,P088
N007477,274,P001
N007485,10,P006
N007493,5,P105
N007501,0,P138
N007509,158,P002
N007517,0,P240
N007525,1,P202
N007533,17,P005
N007541,3,P020
N007549,1,P240
N007557,66,P003
N007565,5,P164
N007573,1,P088
N007581,68,P006
N007589,3,P043
N007597,124,P001
N007605,131,P001
N007613,0,P077
N007621,4,P113
N007629,16,P044
N007637,29,P005
N007645,1,P030
N007653,5,P058
N007661,9,P141
N007669,0,P094
N007677,4,P231
N007685,5,P056
N007693,76,P004
N007701,79,P005
N007709,0,P094
N007717,92,P002
N007725,0,P179
N007733,23,P001
N007741,15,P029
N007749,1,P003
N007757,2,P094
N007765,3,P215
N007773,14,P097
N007781,132,P001
N007789,6,P020
N007797,176,P006
N007805,5,P020
N007813,57,P001
N007821,0,P142
N007829,228,P002
N007837,4,P020
N007845,4,P006
N007853,2,P094
N007861,167,P002
N007869,0,P238
N007877,0,P180
N007885,5,P139
N007893,1,P160
N007901,0,P004
N007909,18,P001
N007917,3,P241
N007925,222,P001
N007933,0,P003
N007941,9,P006
N007949,2,P059
N007957,4,P240
N007965,82,P002
N007973,1,P210
N007981,2,P027
N007989,3,P049
N007997,2,P197
N008005,253,P001
N008013,1,P122
N008021,27,P020
N008029,1,P094
N008037,0,P129
N008045,8,P002
N008053,1,P216
N008061,4,P228
N008069,0,P202
N008077,0,P250
N008085,6,P003
N008093,1,P055
N008101,2,P026
N008109,5,P219
N008117,0,P189
N008125,8,P003
N008133,6,P136
N008141,23,P228
N008149,168,P006
N008157,6,P004
N008165,0,P241
N008173,3,P207
N008181,3,P189
N008189,22,P159
N008197,1,P225
N008205,1,P004
N008213,0,P215
N008221,19,P001
N008229,1,P207
N008237,1,P227
N008245,3,P003
N008253,7,P103
N008261,98,P001
N008269,103,P001
N008277,0,P183
N008285,59,P002
N008293,5,P004
N008301,1,P179
N008309,0,P094
N008317,0,P094
N008325,2,P257
N008333,3,P063
N008341,5,P240
N008349,132,P001
N008357,1,P070
N008365,2,P094
N008373,0,P239
N008381,0,P004
N008389,0,P221
N008397,1,P004
N008405,131,P006
N008413,3,P041
N008421,0,P040
N008429,50,P003
N008437,0,P094
N008445,89,P004
N008453,30,P002
N008461,5,P020
N008469,19,P257
N008477,13,P216
N008485,3,P159
N008493,0,P240
N008501,0,P094
N008509,5,P201
N008517,19,P004
N008525,1,P212
N008533,2,P094
N008541,280,P005
N008549,3,P020
N008557,3,P136
N008565,2,P006
N008573,0,P191
N008581,8,P094
N008589,77,P006
N008597,19,P240
N008605,6,P094
N008613,6,P229
N008621,154,P002
N008629,8,P232
N008637,9,P240
N008645,178,P001
N008653,0,P094
N008661,3,P008
N008669,4,P020
N008677,16,P174
N008685,2,P004
N008693,4,P094
N008701,6,P020
N008709,3,P175
N008717,49,P004
N008725,10,P181
N008733,0,P025
N008741,87,P001
N008749,42,P001
N008757,121,P001
N008765,0,P240
N008773,1,P020
N008781,0,P026
N008789,2,P167
N008797,9,P139
N008805,0,P242
N008813,92,P002
N008821,0,P105
N008829,146,P004
N008837,95,P002
N008845,5,P230
N008853,3,P213
N008861,0,P199
N008869,0,P097
N008877,33,P002
N008885,0,P228
N008893,1,P003
N008901,12,P004
N008909,169,P006
N008917,0,P052
N008925,3,P088
N008933,0,P215
N008941,11,P044
N008949,1,P253
N008957,3,P223
N008965,6,P006
N008973,250,P005
N008981,7,P093
N008989,219,P005
N008997,2,P094
N009005,4,P094
N009013,23,P240
N009021,84,P005
N009029,7,P258
N009037,83,P004
N009045,9,P061
N009053,0,P094
N009061,15,P026
N009069,2,P005
N009077,106,P005
N009085,111,P001
N009093,13,P001
N009101,13,P007
N009109,15,P006
N009117,2,P141
N009125,0,P221
N009133,0,P003
N009141,0,P129
N009149,0,P094
N009157,2,P020
N009165,1,P200
N009173,30,P006
N009181,0,P221
N009189,76,P006
N009197,272,P002
N009205,226,P005
N009213,32,P004
N009221,127,P005
N009229,3,P094
N009237,69,P006
N009245,1,P253
N009253,3,P227
N009261,14,P094
N009269,1,P094
N009277,8,P044
N009285,64,P004
N009293,0,P240
N009301,2,P020
N009309,13,P094
N009317,61,P005
N009325,1,P146
N009333,120,P005
N009341,3,P096
N009349,1,P136
N009357,5,P194
N009365,22,P002
N009373,12,P105
N009381,2,P240
N009389,6,P189
N009397,50,P004
N009405,57,P005
N009413,4,P047
N009421,2,P004
N009429,198,P002
N009437,0,P004
N009445,6,P001
N009453,28,P006
N009461,12,P002
N009469,56,P002
N009477,18,P006
N009485,160,P004
N009493,297,P002
N009501,5,P094
N009509,0,P146
N009517,1,P081
N009525,0,P094
N009533,0,P094
N009541,0,P020
N009549,12,P006
N009557,57,P005
N009565,8,P165
N009573,167,P002
N009581,4,P146
N009589,242,P001
N009597,6,P073
N009605,69,P006
N009613,11,P241
N009621,3,P094
N009629,0,P092
N009637,1,P056
N009645,2,P242
N009653,2,P232
N009661,3,P094
N009669,2,P094
N009677,4,P094
N009685,0,P136
N009693,3,P026
N009701,4,P196
N009709,2,P050
N009717,85,P002
N009725,2,P094
N009733,2,P069
N009741,0,P003
N009749,52,P001
N009757,33,P001
N009765,66,P001
N009773,8,P002
N009781,2,P240
N009789,18,P001
N009797,1,P216
N009805,1,P240
N009813,12,P001
N009821,0,P044
N009829,275,P001
N009837,0,P013
N009845,407,P001
N009853,87,P003
N009861,10,P170
N009869,5,P057
N009877,0,P006
N009885,22,P001
N009893,0,P094
N009901,3,P006
N009909,14,P106
N009917,5,P097
N009925,6,P094
N009933,7,P189
N009941,0,P153
N009949,101,P006
N009957,257,P002
N009965,2,P255
N009973,0,P016
N009981,78,P002
N009989,5,P094
N009997,0,P041
N010005,0,P117
N010013,7,P228
N010021,5,P020
N010029,6,P179
N010037,1,P001
N010045,9,P227
N010053,10,P004
N010061,70,P006
N010069,1,P003
N010077,54,P006
N010085,8,P006
N010093,76,P005
N010101,117,P001
N010109,5,P003
N010117,1,P054
N010125,6,P094
N010133,1,P187
N010141,274,P002
N010149,5,P094
N010157,6,P091
N010165,11,P003
N010173,2,P227
N010181,65,P001
N010189,1,P240
N010197,0,P102
N010205,0,P240
N010213,1,P006
N010221,21,P003
N010229,1,P044
N010237,83,P005
N010245,12,P005
N010253,257,P005
N010261,93,P001
N010269,0,P013
N010277,2,P139
N010285,4,P069
N010293,0,P135
N010301,120,P005
N010309,0,P004
N010317,2,P021
N010325,2,P094
N010333,1,P013
N010341,1,P196
N010349,5,P086
N010357,45,P001
N010365,3,P094
N010373,22,P240
N010381,4,P044
N010389,1,P240
N010397,4,P094
N010405,4,P006
N010413,103,P001
N010421,61,P002
N010429,8,P077
N010437,274,P005
N010445,0,P031
N010453,2,P240
N010461,213,P005
N010469,2,P044
N010477,9,P028
N010485,31,P004
N010493,2,P031
N010501,19,P020
N010509,17,P006
N010517,1,P094
N010525,2,P094
N010533,13,P094
N010541,5,P161
N010549,14,P136
N010557,0,P181
N010565,2,P094
N010573,1,P241
N010581,261,P002
N010589,1,P044
N010597,72,P001
N010605,0,P247
N010613,2,P031
N010621,1,P094
N010629,75,P006
N010637,154,P006
N010645,2,P117
N010653,11,P094
N010661,6,P004
N010669,0,P094
N010677,5,P146
N010685,7,P013
N010693,14,P003
N010701,3,P189
N010709,0,P060
N010717,28,P004
N010725,404,P001
N010733,0,P244
N010741,1,P094
N010749,5,P094
N010757,0,P020
N010765,6,P021
N010773,0,P240
N010781,4,P181
N010789,2,P161
N010797,1,P013
N010805,0,P094
N010813,44,P001
N010821,13,P003
N010829,33,P006
N010837,55,P006
N010845,46,P005
N010853,7,P006
N010861,1,P236
N010869,0,P200
N010877,2,P238
N010885,4,P003
N010893,0,P153
N010901,0,P106
N010909,35,P003
N010917,256,P002
N010925,3,P181
N010933,6,P061
N010941,36,P026
N010949,1,P215
N010957,6,P240
N010965,6,P004
N010973,3,P198
N010981,2,P094
N010989,0,P022
N010997,1,P015
N011005,2,P112
N011013,0,P189
N011021,80,P004
N011029,77,P001
N011037,1,P048
N011045,6,P189
N011053,2,P006
N011061,1,P020
N011069,0,P240
N011077,2,P028
N011085,5,P096
N011093,0,P123
N011101,8,P082
N011109,106,P001
N011117,9,P044
N011125,17,P002
N011133,13,P004
N011141,3,P094
N011149,7,P147
N011157,123,P002
N011165,123,P005
N011173,4,P020
N011181,0,P025
N011189,1,P094
N011197,4,P020
N011205,0,P229
N011213,0,P020
N011221,8,P116
N011229,0,P094
N011237,47,P004
N011245,150,P002
N011253,90,P001
N011261,4,P181
N011269,111,P001
N011277,3,P257
N011285,11,P003
N011293,22,P001
N011301,5,P020
N011309,6,P096
N011317,8,P167
N011325,4,P232
N011333,119,P005
N011341,0,P223
N011349,148,P005
N011357,80,P005
N011365,36,P004
N011373,0,P162
N011381,6,P217
N011389,0,P094
N011397,7,P249
N011405,0,P081
N011413,16,P006
N011421,81,P003
N011429,7,P214
N011437,7,P053
N011445,4,P094
N011453,13,P204
N011461,61,P002
N011469,119,P005
N011477,0,P087
N011485,19,P003
N011493,0,P020
N011501,2,P003
N011509,52,P005
N011517,1,P004
N011525,0,P214
N011533,113,P006
N011541,7,P094
N011549,8,P020
N011557,9,P181
N011565,8,P006
N011573,4,P231
N011581,7,P058
N011589,21,P136
N011597,2,P250
N011605,0,P219
N011613,83,P005
N011621,0,P151
N011629,44,P002
N011637,312,P002
N011645,1,P160
N011653,21,P004
N011661,3,P094
N011669,10,P028
N011677,12,P094
N011685,65,P003
N011693,0,P094
N011701,0,P239
N011709,2,P208
N011717,1,P028
N011725,1,P013
N011733,2,P255
N011741,3,P141
N011749,36,P002
N011757,13,P003
N011765,4,P240
N011773,3,P020
N011781,1,P020
N011789,303,P005
N011797,2,P094
N011805,2,P094
N011813,0,P221
N011821,8,P067
N011829,11,P020
N011837,1,P057
N011845,72,P001
N011853,131,P001
N011861,3,P116
N011869,247,P002
N011877,132,P005
N011885,9,P006
N011893,0,P124
N011901,1,P006
N011909,1,P240
N011917,5,P044
N011925,48,P001
N011933,75,P004
N011941,4,P215
N011949,61,P005
N011957,3,P027
N011965,2,P111
N011973,4,P240
N011981,10,P217
N011989,22,P003
N011997,5,P136
N000006,4,P069
N000014,0,P094
N000022,6,P235
N000030,1,P021
N000038,4,P020
N000046,46,P005
N000054,3,P141
N000062,2,P172
N000070,80,P002
N000078,0,P153
N000086,29,P004
N000094,9,P069
N000102,3,P094
N000110,9,P239
N000118,57,P004
N000126,0,P221
N000134,3,P020
N000142,3,P240
N000150,8,P232
N000158,0,P221
N000166,2,P174
N000174,4,P098
N000182,3,P006
N000190,5,P207
N000198,45,P003
N000206,1,P215
N000214,1,P240
N000222,1,P163
N000230,98,P002
N000238,6,P094
N000246,17,P232
N000254,117,P001
N000262,4,P006
N000270,73,P006
N000278,0,P073
N000286,230,P002
N000294,206,P002
N000302,150,P001
N000310,3,P088
N000318,173,P002
N000326,83,P006
N000334,0,P167
N000342,13,P004
N000350,1,P096
N000358,2,P222
N000366,301,P005
N000374,13,P100
N000382,107,P003
N000390,2,P146
N000398,207,P005
N000406,9,P094
N000414,2,P215
N000422,76,P001
N000430,124,P001
N000438,0,P075
N000446,7,P004
N000454,2,P217
N000462,0,P233
N000470,3,P024
N000478,5,P240
N000486,7,P082
N000494,0,P006
N000502,65,P004
N000510,0,P008
N000518,70,P005
N000526,8,P006
N000534,14,P002
N000542,19,P094
N000550,153,P002
N000558,3,P031
N000566,248,P005
N000574,32,P003
N000582,21,P005
N000590,0,P180
N000598,132,P005
N000606,2,P003
N000614,106,P002
N000622,7,P044
N000630,116,P001
N000638,23,P240
N000646,3,P131
N000654,73,P004
N000662,7,P006
N000670,13,P094
N000678,0,P020
N000686,6,P181
N000694,0,P199
N000702,176,P004
N000710,5,P060
N000718,189,P001
N000726,10,P094
N000734,313,P002
N000742,7,P018
N000750,67,P002
N000758,236,P005
N000766,0,P013
N000774,1,P094
N000782,5,P003
N000790,8,P195
N000798,156,P004
N000806,0,P240
N000814,5,P003
N000822,114,P001
N000830,8,P229
N000838,111,P001
N000846,2,P094
N000854,0,P254
N000862,3,P152
N000870,2,P225
N000878,0,P225
N000886,3,P173
N000894,2,P006
N000902,8,P188
N000910,312,P001
N000918,3,P088
N000926,256,P001
N000934,7,P006
N000942,4,P091
N000950,4,P240
N000958,0,P200
N000966,81,P005
N000974,2,P094
N000982,1,P102
N000990,6,P003
N000998,0,P241
N001006,0,P046
N001014,238,P002
N001022,1,P026
N001030,1,P044
N001038,87,P003
N001046,0,P020
N001054,16,P002
N001062,5,P020
N001070,87,P006
N001078,58,P004
N001086,5,P005
N001094,1,P217
N001102,313,P005
N001110,1,P225
N001118,20,P129
N001126,0,P131
N001134,10,P003
N001142,7,P107
N001150,1,P232
N001158,54,P003
N001166,4,P004
N001174,2,P188
N001182,2,P241
N001190,1,P192
N001198,11,P006
N001206,155,P006
N001214,114,P002
N001222,19,P005
N001230,1,P098
N001238,382,P001
N001246,17,P179
N001254,7,P006
N001262,4,P007
N001270,4,P044
N001278,0,P094
N001286,64,P003
N001294,0,P003
N001302,171,P005
N001310,29,P005
N001318,4,P020
N001326,79,P002
N001334,9,P006
N001342,3,P057
N001350,25,P003
N001358,2,P094
N001366,3,P189
N001374,41,P004
N001382,4,P227
N001390,2,P088
N001398,2,P046
N001406,104,P002
N001414,3,P094
N001422,0,P142
N001430,6,P246
N001438,0,P094
N001446,46,P006
N001454,51,P004
N001462,14,P044
N001470,0,P094
N001478,1,P002
N001486,3,P020
N001494,0,P094
N001502,7,P158
N001510,122,P002
N001518,2,P006
N001526,2,P094
N001534,14,P069
N001542,1,P027
N001550,0,P013
N001558,1,P026
N001566,1,P255
N001574,1,P175
N001582,0,P094
N001590,4,P001
N001598,23,P094
N001606,362,P005
N001614,255,P001
N001622,3,P071
N001630,2,P020
N001638,15,P136
N001646,24,P094
N001654,1,P096
N001662,7,P215
N001670,31,P003
N001678,69,P003
N001686,1,P094
N001694,4,P001
N001702,35,P006
N001710,14,P005
N001718,2,P094
N001726,0,P016
N001734,3,P147
N001742,3,P094
N001750,4,P227
N001758,1,P053
N001766,0,P023
N001774,251,P002
N001782,3,P037
N001790,2,P189
N001798,7,P004
N001806,31,P044
N001814,149,P006
N001822,272,P005
N001830,1,P196
N001838,8,P094
N001846,62,P006
N001854,17,P001
N001862,21,P003
N001870,1,P020
N001878,75,P003
N001886,1,P145
N001894,10,P232
N001902,62,P004
N001910,0,P094
N001918,107,P002
N001926,305,P001
N001934,2,P006
N001942,3,P240
N001950,194,P002
N001958,1,P246
N001966,1,P094
N001974,22,P152
N001982,0,P094
N001990,3,P096
N001998,5,P020
N002006,3,P240
N002014,4,P116
N002022,4,P047
N002030,2,P006
N002038,32,P006
N002046,2,P094
N002054,1,P241
N002062,73,P001
N002070,91,P005
N002078,7,P134
N002086,11,P004
N002094,110,P005
N002102,5,P020
N002110,16,P006
N002118,7,P239
N002126,0,P028
N002134,296,P002
N002142,4,P229
N002150,150,P001
N002158,4,P215
N002166,72,P005
N002174,5,P094
N002182,24,P094
N002190,7,P005
N002198,41,P001
N002206,51,P003
N002214,82,P001
N002222,36,P004
N002230,36,P021
N002238,5,P003
N002246,11,P005
N002254,3,P044
N002262,3,P004
N002270,21,P005
N002278,0,P200
N002286,0,P004
N002294,5,P094
N002302,3,P047
N002310,1,P227
N002318,3,P094
N002326,88,P002
N002334,49,P003
N002342,3,P158
N002350,0,P241
N002358,1,P158
N002366,0,P094
N002374,0,P094
N002382,2,P104
N002390,25,P200
N002398,11,P002
N002406,0,P094
N002414,55,P001
N002422,0,P020
N002430,4,P106
N002438,0,P020
N002446,1,P006
N002454,0,P094
N002462,0,P011
N002470,14,P195
N002478,0,P013
N002486,0,P184
N002494,250,P001
N002502,11,P020
N002510,1,P227
N002518,70,P006
N002526,1,P240
N002534,5,P049
N002542,0,P200
N002550,7,P004
N002558,3,P044
N002566,0,P017
N002574,1,P159
N002582,4,P006
N002590,4,P215
N002598,4,P095
N002606,6,P050
N002614,4,P003
N002622,0,P225
N002630,0,P073
N002638,11,P225
N002646,43,P001
N002654,4,P047
N002662,3,P044
N002670,1,P006
N002678,5,P215
N002686,105,P005
N002694,5,P094
N002702,3,P094
N002710,1,P240
N002718,2,P166
N002726,127,P005
N002734,3,P172
N002742,0,P142
N002750,1,P184
N002758,2,P241
N002766,5,P088
N002774,1,P080
N002782,24,P005
N002790,1,P056
N002798,9,P178
N002806,6,P004
N002814,1,P040
N002822,8,P044
N002830,79,P005
N002838,2,P120
N002846,1,P088
N002854,81,P006
N002862,0,P144
N002870,50,P006
N002878,1,P202
N002886,73,P006
N002894,8,P257
N002902,13,P074
N002910,19,P122
N002918,1,P227
N002926,8,P094
N002934,17,P094
N002942,0,P007
N002950,9,P146
N002958,0,P189
N002966,16,P006
N002974,11,P005
N002982,2,P094
N002990,62,P006
N002998,4,P056
N003006,0,P020
N003014,3,P003
N003022,2,P227
N003030,0,P235
N003038,1,P013
N003046,13,P167
N003054,5,P197
N003062,5,P216
N003070,1,P200
N003078,3,P129
N003086,83,P004
N003094,2,P003
N003102,2,P003
N003110,73,P001
N003118,135,P005
N003126,118,P001
N003134,19,P170
N003142,0,P167
N003150,27,P004
N003158,2,P068
N003166,80,P003
N003174,230,P001
N003182,1,P215
N003190,7,P238
N003198,1,P094
N003206,106,P001
N003214,16,P006
N003222,246,P005
N003230,2,P094
N003238,3,P006
N003246,126,P001
N003254,0,P094
N003262,1,P246
N003270,14,P005
N003278,41,P006
N003286,22,P006
N003294,19,P003
N003302,110,P002
N003310,0,P184
N003318,37,P014
N003326,3,P003
N003334,5,P004
N003342,77,P004
N003350,2,P221
N003358,3,P004
N003366,0,P094
N003374,0,P094
N003382,110,P002
N003390,0,P159
N003398,147,P001
N003406,1,P106
N003414,1,P006
N003422,31,P001
N003430,0,P044
N003438,7,P167
N003446,3,P094
N003454,0,P087
N003462,2,P195
N003470,4,P004
N003478,4,P240
N003486,4,P001
N003494,0,P209
N003502,5,P004
N003510,31,P094
N003518,4,P089
N003526,18,P064
N003534,2,P031
N003542,27,P005
N003550,71,P006
N003558,236,P005
N003566,90,P004
N003574,2,P004
N003582,24,P001
N003590,0,P091
N003598,118,P006
N003606,0,P096
N003614,2,P227
N003622,51,P004
N003630,0,P109
N003638,0,P244
N003646,0,P068
N003654,2,P202
N003662,0,P008
N003670,3,P017
N003678,1,P044
N003686,6,P192
N003694,10,P004
N003702,3,P240
N003710,309,P001
N003718,0,P072
N003726,2,P127
N003734,11,P004
N003742,4,P094
N003750,4,P177
N003758,58,P002
N003766,2,P061
N003774,7,P088
N003782,3,P094
N003790,54,P005
N003798,279,P005
N003806,2,P240
N003814,159,P002
N003822,270,P001
N003830,91,P002
N003838,130,P002
N003846,104,P001
N003854,9,P232
N003862,1,P005
N003870,5,P241
N003878,1,P241
N003886,5,P001
N003894,131,P005
N003902,51,P005
N003910,24,P001
N003918,34,P003
N003926,12,P057
N003934,0,P094
N003942,2,P186
N003950,95,P003
N003958,5,P181
N003966,6,P017
N003974,3,P225
N003982,318,P005
N003990,3,P044
N003998,3,P004
N004006,132,P001
N004014,0,P015
N004022,191,P001
N004030,1,P064
N004038,3,P189
N004046,1,P208
N004054,217,P004
N004062,22,P256
N004070,3,P041
N004078,9,P006
N004086,52,P172
N004094,1,P015
N004102,3,P130
N004110,3,P031
N004118,8,P056
N004126,4,P094
N004134,5,P232
N004142,0,P094
N004150,1,P031
N004158,2,P104
N004166,4,P043
N004174,4,P135
N004182,4,P094
N004190,10,P006
N004198,114,P005
N004206,0,P035
N004214,1,P231
N004222,52,P004
N004230,156,P004
N004238,3,P231
N004246,2,P228
N004254,27,P003
N004262,7,P006
N004270,255,P005
N004278,0,P004
N004286,5,P094
N004294,1,P088
N004302,1,P094
N004310,214,P001
N004318,51,P001
N004326,227,P005
N004334,1,P014
N004342,0,P094
N004350,6,P146
N004358,5,P091
N004366,43,P001
N004374,4,P207
N004382,154,P001
N004390,19,P004
N004398,100,P002
N004406,0,P257
N004414,3,P004
N004422,2,P088
N004430,43,P001
N004438,4,P256
N004446,0,P044
N004454,4,P044
N004462,13,P189
N004470,23,P004
N004478,131,P005
N004486,0,P189
N004494,65,P003
N004502,249,P005
N004510,3,P094
N004518,4,P094
N004526,7,P094
N004534,264,P001
N004542,7,P042
N004550,2,P038
N004558,0,P013
N004566,1,P147
N004574,3,P181
N004582,54,P005
N004590,3,P228
N004598,4,P227
N004606,46,P004
N004614,1,P207
N004622,15,P005
N004630,0,P049
N004638,16,P094
N004646,4,P094
N004654,56,P006
N004662,10,P002
N004670,0,P094
N004678,130,P002
N004686,2,P227
N004694,43,P006
N004702,2,P004
N004710,33,P045
N004718,1,P137
N004726,8,P240
N004734,1,P094
N004742,1,P068
N004750,22,P021
N004758,54,P001
N004766,0,P136
N004774,197,P001
N004782,2,P217
N004790,70,P003
N004798,0,P094
N004806,175,P002
N004814,15,P240
N004822,240,P002
N004830,0,P241
N004838,1,P236
N004846,2,P020
N004854,3,P069
N004862,84,P006
N004870,2,P101
N004878,1,P255
N004886,2,P050
N004894,1,P094
N004902,11,P001
N004910,20,P087
N004918,67,P006
N004926,0,P168
N004934,2,P170
N004942,0,P107
N004950,93,P006
N004958,1,P120
N004966,4,P004
N004974,7,P091
N004982,268,P005
N004990,3,P116
N004998,0,P216
N005006,0,P094
N005014,2,P094
N005022,5,P232
N005030,0,P216
N005038,14,P004
N005046,0,P071
N005054,22,P146
N005062,7,P006
N005070,1,P167
N005078,57,P003
N005086,0,P014
N005094,113,P005
N005102,2,P160
N005110,1,P006
N005118,13,P146
N005126,48,P006
N005134,185,P005
N005142,0,P013
N005150,77,P003
N005158,7,P069
N005166,0,P094
N005174,2,P044
N005182,2,P003
N005190,82,P001
N005198,21,P002
N005206,0,P094
N005214,1,P094
N005222,268,P002
N005230,3,P211
N005238,21,P006
N005246,190,P004
N005254,7,P044
N005262,5,P065
N005270,10,P213
N005278,2,P020
N005286,1,P044
N005294,3,P004
N005302,2,P094
N005310,12,P006
N005318,4,P232
N005326,0,P064
N005334,0,P122
N005342,3,P020
N005350,2,P215
N005358,0,P094
N005366,1,P040
N005374,3,P193
N005382,3,P161
N005390,4,P100
N005398,39,P004
N005406,2,P003
N005414,63,P003
N005422,31,P005
N005430,0,P133
N005438,2,P068
N005446,23,P004
N005454,0,P221
N005462,81,P005
N005470,1,P238
N005478,8,P003
N005486,23,P003
N005494,1,P007
N005502,19,P006
N005510,4,P200
N005518,0,P094
N005526,0,P004
N005534,142,P004
N005542,1,P012
N005550,7,P002
N005558,0,P241
N005566,2,P054
N005574,0,P181
N005582,1,P094
N005590,0,P094
N005598,1,P020
N005606,98,P001
N005614,5,P094
N005622,0,P094
N005630,2,P094
N005638,3,P189
N005646,84,P005
N005654,79,P006
N005662,5,P240
N005670,46,P004
N005678,2,P056
N005686,0,P044
N005694,1,P244
N005702,1,P181
N005710,54,P001
N005718,7,P020
N005726,0,P102
N005734,14,P181
N005742,2,P073
N005750,75,P004
N005758,13,P158
N005766,0,P233
N005774,9,P020
N005782,0,P048
N005790,0,P013
N005798,6,P240
N005806,0,P006
N005814,1,P003
N005822,202,P001
N005830,1,P096
N005838,4,P241
N005846,88,P006
N005854,0,P240
N005862,283,P002
N005870,1,P230
N005878,0,P013
N005886,5,P003
N005894,2,P014
N005902,7,P227
N005910,4,P110
N005918,0,P033
N005926,4,P089
N005934,0,P094
N005942,3,P020
N005950,2,P207
N005958,176,P003
N005966,4,P065
N005974,1,P211
N005982,1,P031
N005990,53,P147
N005998,51,P002
N006006,4,P003
N006014,27,P001
N006022,0,P081
N006030,0,P094
N006038,2,P006
N006046,22,P004
N006054,3,P094
N006062,1,P231
N006070,1,P166
N006078,110,P001
N006086,4,P137
N006094,24,P002
N006102,8,P098
N006110,0,P094
N006118,8,P240
N006126,11,P246
N006134,1,P050
N006142,3,P216
N006150,50,P003
N006158,5,P232
N006166,0,P195
N006174,36,P006
N006182,2,P096
N006190,1,P094
N006198,24,P006
N006206,21,P001
N006214,60,P001
N006222,4,P004
N006230,36,P208
N006238,0,P194
N006246,94,P004
N006254,150,P001
N006262,0,P240
N006270,47,P005
N006278,3,P003
N006286,5,P227
N006294,2,P148
N006302,0,P150
N006310,5,P136
N006318,24,P215
N006326,3,P094
N006334,7,P003
N006342,71,P002
N006350,12,P005
N006358,3,P006
N006366,43,P006
N006374,1,P069
N006382,2,P181
N006390,6,P006
N006398,0,P094
N006406,36,P228
N006414,7,P020
N006422,14,P006
N006430,89,P004
N006438,3,P167
N006446,6,P054
N006454,5,P214
N006462,2,P200
N006470,302,P001
N006478,13,P002
N006486,13,P006
N006494,3,P020
N006502,0,P013
N006510,20,P170
N006518,4,P253
N006526,175,P003
N006534,20,P005
N006542,70,P004
N006550,2,P136
N006558,2,P020
N006566,15,P006
N006574,1,P244
N006582,5,P094
N006590,0,P067
N006598,118,P005
N006606,23,P002
N006614,4,P006
N006622,267,P001
N006630,0,P094
N006638,97,P006
N006646,5,P006
N006654,1,P106
N006662,153,P005
N006670,247,P002
N006678,81,P003
N006686,0,P200
N006694,0,P094
N006702,1,P240
N006710,188,P005
N006718,171,P003
N006726,4,P020
N006734,1,P067
N006742,12,P001
N006750,0,P046
N006758,7,P003
N006766,0,P175
N006774,0,P006
N006782,5,P215
N006790,88,P005
N006798,143,P001
N006806,8,P207
N006814,299,P001
N006822,1,P195
N006830,1,P004
N006838,4,P027
N006846,105,P002
N006854,6,P073
N006862,124,P006
N006870,7,P006
N006878,1,P191
N006886,0,P153
N006894,19,P001
N006902,247,P005
N006910,1,P094
N006918,2,P240
N006926,0,P096
N006934,2,P094
N006942,24,P005
N006950,162,P002
N006958,156,P004
N006966,1,P091
N006974,1,P057
N006982,0,P191
N006990,7,P227
N006998,122,P005
N007006,13,P063
N007014,0,P006
N007022,8,P240
N007030,1,P013
N007038,0,P013
N007046,1,P020
N007054,2,P016
N007062,221,P001
N007070,12,P034
N007078,4,P020
N007086,5,P181
N007094,1,P240
N007102,1,P215
N007110,2,P146
N007118,103,P001
N007126,18,P235
N007134,13,P006
N007142,90,P001
N007150,14,P005
N007158,0,P006
N007166,4,P222
N007174,1,P004
N007182,4,P240
N007190,0,P228
N007198,3,P020
N007206,9,P215
N007214,176,P001
N007222,207,P005
N007230,0,P140
N007238,55,P004
N007246,15,P004
N007254,1,P003
N007262,80,P004
N007270,38,P006
N007278,0,P215
N007286,17,P003
N007294,2,P094
N007302,2,P063
N007310,106,P001
N007318,2,P152
N007326,4,P089
N007334,2,P094
N007342,0,P007
N007350,20,P227
N007358,0,P094
N007366,0,P184
N007374,1,P006
N007382,9,P003
N007390,17,P001
N007398,93,P005
N007406,6,P141
N007414,22,P052
N007422,30,P004
N007430,175,P005
N007438,2,P181
N007446,1,P044
N007454,90,P004
N007462,30,P006
N007470,2,P094
N007478,6,P004
N007486,8,P002
N007494,5,P044
N007502,2,P002
N007510,0,P240
N007518,0,P200
N007526,48,P003
N007534,1,P003
N007542,57,P001
N007550,26,P002
N007558,6,P004
N007566,4,P003
N007574,2,P006
N007582,127,P005
N007590,3,P020
N007598,14,P004
N007606,7,P036
N007614,0,P005
N007622,5,P044
N007630,1,P094
N007638,4,P048
N007646,7,P004
N007654,5,P094
N007662,19,P004
N007670,93,P003
N007678,53,P006
N007686,10,P240
N007694,0,P013
N007702,94,P004
N007710,2,P094
N007718,13,P003
N007726,0,P020
N007734,81,P006
N007742,30,P002
N007750,0,P094
N007758,0,P006
N007766,2,P099
N007774,5,P017
N007782,5,P006
N007790,157,P004
N007798,196,P001
N007806,5,P094
N007814,0,P094
N007822,0,P047
N007830,0,P198
N007838,4,P215
N007846,0,P202
N007854,1,P094
N007862,1,P087
N007870,253,P002
N007878,1,P151
N007886,0,P199
N007894,1,P094
N007902,0,P001
N007910,55,P003
N007918,2,P006
N007926,1,P094
N007934,0,P094
N007942,0,P024
N007950,169,P001
N007958,1,P003
N007966,101,P002
N007974,62,P006
N007982,263,P001
N007990,115,P005
N007998,0,P094
N008006,28,P001
N008014,1,P211
N008022,102,P005
N008030,41,P005
N008038,3,P189
N008046,13,P005
N008054,3,P028
N008062,33,P005
N008070,2,P094
N008078,1,P094
N008086,3,P219
N008094,30,P003
N008102,15,P006
N008110,102,P005
N008118,3,P183
N008126,1,P221
N008134,57,P004
N008142,2,P003
N008150,1,P094
N008158,2,P238
N008166,75,P002
N008174,3,P094
N008182,3,P175
N008190,22,P020
N008198,2,P004
N008206,4,P240
N008214,0,P207
N008222,157,P003
N008230,269,P005
N008238,19,P006
N008246,1,P123
N008254,7,P044
N008262,6,P210
N008270,3,P006
N008278,0,P059
N008286,6,P004
N008294,72,P002
N008302,6,P003
N008310,20,P240
N008318,162,P003
N008326,1,P003
N008334,2,P021
N008342,82,P006
N008350,2,P094
N008358,41,P001
N008366,13,P241
N008374,57,P005
N008382,62,P001
N008390,0,P248
N008398,1,P094
N008406,0,P006
N008414,3,P094
N008422,0,P003
N008430,53,P006
N008438,0,P244
N008446,123,P001
N008454,0,P246
N008462,91,P005
N008470,4,P004
N008478,7,P006
N008486,0,P037
N008494,3,P091
N008502,82,P006
N008510,5,P120
N008518,0,P221
N008526,1,P181
N008534,2,P020
N008542,8,P064
N008550,3,P094
N008558,85,P001
N008566,2,P219
N008574,0,P157
N008582,0,P215
N008590,60,P002
N008598,3,P073
N008606,49,P006
N008614,0,P246
N008622,94,P001
N008630,205,P002
N008638,82,P005
N008646,6,P196
N008654,159,P005
N008662,0,P250
N008670,6,P003
N008678,162,P004
N008686,281,P001
N008694,1,P240
N008702,6,P006
N008710,4,P094
N008718,2,P114
N008726,38,P004
N008734,2,P004
N008742,0,P189
N008750,4,P003
N008758,112,P002
N008766,1,P094
N008774,40,P005
N008782,0,P189
N008790,2,P179
N008798,3,P104
N008806,68,P001
N008814,268,P002
N008822,0,P094
N008830,6,P206
N008838,6,P024
N008846,5,P028
N008854,7,P006
N008862,4,P221
N008870,4,P094
N008878,8,P006
N008886,0,P215
N008894,1,P221
N008902,3,P172
N008910,143,P005
N008918,170,P002
N008926,120,P002
N008934,1,P122
N008942,13,P199
N008950,0,P004
N008958,3,P240
N008966,0,P228
N008974,1,P003
N008982,7,P100
N008990,2,P057
N008998,11,P004
N009006,4,P088
N009014,0,P131
N009022,0,P209
N009030,139,P002
N009038,4,P094
N009046,0,P003
N009054,1,P136
N009062,149,P002
N009070,1,P216
N009078,74,P001
N009086,1,P232
N009094,5,P215
N009102,13,P020
N009110,2,P017
N009118,10,P006
N009126,108,P002
N009134,0,P209
N009142,3,P088
N009150,1,P133
N009158,2,P181
N009166,1,P167
N009174,22,P073
N009182,58,P001
N009190,1,P234
N009198,0,P083
N009206,2,P170
N009214,122,P001
N009222,20,P105
N009230,3,P250
N009238,181,P005
N009246,0,P172
N009254,55,P003
N009262,1,P100
N009270,5,P227
N009278,8,P094
N009286,0,P014
N009294,0,P221
N009302,2,P028
N009310,0,P006
N009318,3,P249
N009326,4,P087
N009334,0,P222
N009342,177,P002
N009350,1,P240
N009358,0,P202
N009366,155,P003
N009374,12,P241
N009382,2,P116
N009390,50,P057
N009398,52,P002
N009406,3,P002
N009414,32,P004
N009422,2,P094
N009430,5,P020
N009438,0,P094
N009446,1,P097
N009454,1,P228
N009462,5,P006
N009470,5,P153
N009478,250,P001
N009486,17,P001
N009494,188,P005
N009502,5,P239
N009510,144,P001
N009518,6,P006
N009526,1,P201
N009534,0,P215
N009542,87,P004
N009550,6,P002
N009558,159,P006
N009566,8,P255
N009574,37,P005
N009582,290,P001
N009590,0,P217
N009598,6,P086
N009606,2,P044
N009614,11,P087
N009622,3,P073
N009630,8,P006
N009638,1,P253
N009646,45,P005
N009654,10,P003
N009662,28,P002
N009670,2,P214
N009678,82,P003
N009686,21,P004
N009694,117,P002
N009702,243,P001
N009710,298,P002
N009718,2,P094
N009726,2,P240
N009734,3,P069
N009742,6,P094
N009750,8,P003
N009758,11,P003
N009766,14,P003
N009774,32,P001
N009782,7,P206
N009790,3,P004
N009798,80,P006
N009806,34,P002
N009814,2,P077
N009822,22,P044
N009830,0,P221
N009838,1,P070
N009846,1,P185
N009854,152,P002
N009862,99,P004
N009870,0,P094
N009878,0,P094
N009886,98,P001
N009894,10,P004
N009902,1,P094
N009910,14,P094
N009918,0,P109
N009926,6,P253
N009934,7,P217
N009942,36,P002
N009950,5,P215
N009958,0,P094
N009966,0,P257
N009974,7,P097
N009982,5,P004
N009990,114,P006
N009998,0,P151
N010006,1,P094
N010014,36,P003
N010022,122,P002
N010030,6,P020
N010038,3,P094
N010046,5,P182
N010054,1,P094
N010062,103,P002
N010070,5,P094
N010078,0,P202
N010086,3,P074
N010094,1,P081
N010102,2,P080
N010110,3,P097
N010118,81,P004
N010126,1,P221
N010134,8,P003
N010142,273,P001
N010150,0,P008
N010158,7,P088
N010166,2,P181
N010174,114,P003
N010182,1,P153
N010190,0,P094
N010198,101,P005
N010206,0,P121
N010214,2,P005
N010222,0,P097
N010230,0,P221
N010238,1,P094
N010246,2,P081
N010254,1,P094
N010262,1,P003
N010270,2,P044
N010278,2,P039
N010286,253,P005
N010294,4,P094
N010302,194,P005
N010310,0,P013
N010318,2,P243
N010326,52,P168
N010334,4,P229
N010342,236,P005
N010350,6,P009
N010358,4,P020
N010366,14,P141
N010374,163,P001
N010382,6,P075
N010390,90,P006
N010398,111,P001
N010406,3,P136
N010414,1,P139
N010422,21,P003
N010430,8,P136
N010438,0,P013
N010446,4,P163
N010454,2,P146
N010462,0,P094
N010470,123,P002
N010478,16,P004
N010486,6,P014
N010494,5,P112
N010502,3,P003
N010510,0,P051
N010518,91,P002
N010526,2,P225
N010534,0,P073
N010542,5,P259
N010550,261,P005
N010558,4,P020
N010566,2,P138
N010574,76,P002
N010582,36,P094
N010590,11,P006
N010598,66,P006
N010606,0,P094
N010614,41,P001
N010622,22,P094
N010630,5,P244
N010638,10,P003
N010646,3,P255
N010654,5,P003
N010662,6,P071
N010670,4,P146
N010678,75,P004
N010686,15,P005
N010694,0,P015
N010702,3,P020
N010710,13,P004
N010718,90,P004
N010726,7,P112
N010734,0,P232
N010742,0,P131
N010750,4,P181
N010758,190,P001
N010766,6,P053
N010774,25,P073
N010782,4,P096
N010790,0,P094
N010798,23,P002
N010806,2,P222
N010814,28,P006
N010822,2,P091
N010830,1,P036
N010838,2,P240
N010846,1,P222
N010854,5,P088
N010862,0,P202
N010870,21,P003
N010878,128,P001
N010886,3,P002
N010894,0,P020
N010902,16,P006
N010910,13,P034
N010918,1,P186
N010926,4,P003
N010934,27,P003
N010942,36,P051
N010950,0,P181
N010958,0,P031
N010966,4,P148
N010974,3,P240
N010982,191,P005
N010990,268,P005
N010998,0,P094
N011006,0,P227
N011014,106,P002
N011022,0,P020
N011030,1,P136
N011038,55,P001
N011046,6,P044
N011054,2,P091
N011062,198,P002
N011070,0,P094
N011078,2,P241
N011086,27,P004
N011094,11,P004
N011102,1,P006
N011110,10,P070
N011118,9,P240
N011126,8,P003
N011134,21,P088
N011142,3,P105
N011150,6,P073
N011158,5,P004
N011166,0,P167
N011174,25,P120
N011182,5,P003
N011190,1,P189
N011198,4,P094
N011206,0,P112
N011214,20,P005
N011222,8,P094
N011230,49,P005
N011238,15,P006
N011246,4,P218
N011254,8,P006
N011262,4,P215
N011270,2,P006
N011278,3,P185
N011286,20,P001
N011294,91,P003
N011302,7,P032
N011310,6,P146
N011318,8,P075
N011326,0,P094
N011334,12,P002
N011342,0,P037
N011350,148,P002
N011358,0,P034
N011366,1,P094
N011374,6,P004
N011382,6,P001
N011390,1,P156
N011398,14,P144
N011406,0,P044
N011414,0,P080
N011422,4,P222
N011430,22,P002
N011438,2,P232
N011446,38,P005
N011454,0,P216
N011462,1,P181
N011470,120,P005
N011478,3,P227
N011486,2,P240
N011494,3,P087
N011502,4,P005
N011510,156,P003
N011518,1,P096
N011526,0,P044
N011534,3,P004
N011542,6,P006
N011550,166,P003
N011558,5,P166
N011566,7,P166
N011574,6,P120
N011582,8,P002
N011590,253,P002
N011598,0,P094
N011606,0,P181
N011614,5,P094
N011622,107,P001
N011630,0,P241
N011638,4,P225
N011646,0,P022
N011654,21,P003
N011662,3,P136
N011670,10,P031
N011678,13,P020
N011686,8,P004
N011694,156,P002
N011702,0,P120
N011710,2,P060
N011718,0,P094
N011726,10,P219
N011734,54,P001
N011742,3,P003
N011750,6,P098
N011758,2,P004
N011766,4,P215
N011774,107,P005
N011782,1,P240
N011790,0,P013
N011798,2,P020
N011806,2,P044
N011814,0,P044
N011822,254,P001
N011830,1,P200
N011838,206,P001
N011846,0,P090
N011854,0,P072
N011862,1,P006
N011870,270,P001
N011878,18,P003
N011886,308,P001
N011894,0,P097
N011902,0,P021
N011910,8,P006
N011918,5,P020
N011926,0,P094
N011934,0,P094
N011942,0,P240
N011950,4,P122
N011958,2,P094
N011966,1,P098
N011974,6,P004
N011982,3,P246
N011990,0,P240
N011998,10,P006
N000007,160,P004
N000015,16,P004
N000023,55,P006
N000031,1,P120
N000039,4,P094
N000047,44,P001
N000055,11,P004
N000063,2,P063
N000071,5,P094
N000079,18,P004
N000087,14,P094
N000095,9,P175
N000103,3,P200
N000111,22,P094
N000119,7,P001
N000127,16,P004
N000135,61,P002
N000143,4,P004
N000151,8,P098
N000159,7,P006
N000167,2,P033
N000175,0,P183
N000183,261,P002
N000191,111,P003
N000199,0,P254
N000207,2,P102
N000215,114,P001
N000223,212,P002
N000231,0,P211
N000239,3,P152
N000247,3,P242
N000255,6,P004
N000263,5,P223
N000271,0,P094
N000279,3,P020
N000287,17,P111
N000295,169,P002
N000303,8,P003
N000311,3,P146
N000319,6,P094
N000327,10,P249
N000335,3,P151
N000343,1,P020
N000351,1,P040
N000359,2,P054
N000367,3,P034
N000375,13,P088
N000383,0,P020
N000391,42,P006
N000399,2,P005
N000407,7,P005
N000415,4,P240
N000423,65,P005
N000431,6,P094
N000439,0,P094
N000447,4,P003
N000455,2,P198
N000463,12,P006
N000471,417,P001
N000479,11,P004
N000487,7,P098
N000495,3,P005
N000503,6,P195
N000511,3,P206
N000519,0,P127
N000527,247,P005
N000535,2,P096
N000543,19,P215
N000551,6,P133
N000559,19,P001
N000567,0,P006
N000575,44,P203
N000583,6,P064
N000591,157,P004
N000599,126,P001
N000607,2,P065
N000615,2,P166
N000623,4,P227
N000631,5,P036
N000639,20,P001
N000647,50,P006
N000655,73,P006
N000663,0,P105
N000671,13,P122
N000679,21,P006
N000687,6,P014
N000695,80,P003
N000703,96,P001
N000711,5,P189
N000719,5,P027
N000727,287,P005
N000735,278,P001
N000743,7,P044
N000751,76,P001
N000759,4,P250
N000767,54,P002
N000775,2,P014
N000783,4,P094
N000791,5,P018
N000799,4,P134
N000807,2,P048
N000815,4,P134
N000823,0,P094
N000831,10,P094
N000839,0,P073
N000847,2,P191
N000855,289,P002
N000863,53,P001
N000871,11,P006
N000879,3,P071
N000887,403,P001
N000895,157,P004
N000903,5,P094
N000911,2,P249
N000919,90,P004
N000927,5,P232
N000935,0,P013
N000943,9,P003
N000951,4,P219
N000959,0,P094
N000967,251,P005
N000975,2,P181
N000983,1,P003
N000991,34,P002
N000999,0,P189
N001007,3,P181
N001015,8,P240
N001023,159,P001
N001031,0,P001
N001039,0,P255
N001047,299,P005
N001055,18,P006
N001063,5,P171
N001071,5,P181
N001079,6,P181
N001087,3,P006
N001095,1,P246
N001103,13,P240
N001111,384,P005
N001119,18,P122
N001127,21,P122
N001135,109,P001
N001143,10,P004
N001151,0,P020
N001159,13,P189
N001167,1,P044
N001175,1,P057
N001183,2,P172
N001191,120,P001
N001199,88,P003
N001207,0,P015
N001215,0,P240
N001223,31,P003
N001231,200,P005
N001239,0,P260
N001247,20,P197
N001255,6,P191
N001263,78,P004
N001271,10,P174
N001279,322,P001
N001287,117,P002
N001295,2,P020
N001303,19,P002
N001311,1,P243
N001319,0,P192
N001327,43,P006
N001335,102,P005
N001343,0,P046
N001351,0,P240
N001359,2,P031
N001367,3,P094
N001375,163,P004
N001383,46,P003
N001391,0,P013
N001399,8,P004
N001407,116,P001
N001415,4,P006
N001423,2,P073
N001431,0,P044
N001439,7,P003
N001447,2,P060
N001455,0,P051
N001463,14,P073
N001471,10,P044
N001479,0,P221
N001487,3,P127
N001495,6,P244
N001503,24,P001
N001511,3,P229
N001519,15,P094
N001527,0,P094
N001535,3,P094
N001543,1,P221
N001551,6,P004
N001559,7,P002
N001567,0,P133
N001575,10,P094
N001583,156,P003
N001591,1,P094
N001599,23,P049
N001607,3,P013
N001615,0,P240
N001623,287,P002
N001631,0,P053
N001639,2,P238
N001647,163,P004
N001655,7,P122
N001663,7,P053
N001671,65,P004
N001679,134,P005
N001687,2,P006
N001695,6,P094
N001703,3,P004
N001711,0,P003
N001719,1,P094
N001727,0,P084
N001735,168,P006
N001743,3,P020
N001751,4,P096
N001759,4,P006
N001767,30,P005
N001775,2,P195
N001783,3,P005
N001791,10,P006
N001799,2,P240
N001807,37,P003
N001815,0,P096
N001823,2,P072
N001831,17,P006
N001839,5,P098
N001847,36,P231
N001855,61,P005
N001863,17,P005
N001871,9,P240
N001879,22,P001
N001887,6,P240
N001895,0,P142
N001903,1,P094
N001911,0,P152
N001919,107,P001
N001927,1,P094
N001935,100,P005
N001943,14,P001
N001951,0,P094
N001959,1,P041
N001967,0,P013
N001975,1,P006
N001983,0,P131
N001991,60,P005
N001999,5,P227
N002007,3,P086
N002015,10,P004
N002023,4,P136
N002031,257,P002
N002039,25,P003
N002047,2,P200
N002055,3,P094
N002063,0,P199
N002071,91,P002
N002079,4,P221
N002087,4,P094
N002095,0,P120
N002103,0,P221
N002111,14,P006
N002119,261,P002
N002127,50,P240
N002135,77,P004
N002143,4,P042
N002151,23,P003
N002159,78,P005
N002167,15,P006
N002175,27,P006
N002183,0,P094
N002191,1,P004
N002199,0,P003
N002207,86,P003
N002215,2,P094
N002223,1,P094
N002231,34,P002
N002239,0,P241
N002247,16,P003
N002255,3,P094
N002263,2,P003
N002271,109,P002
N002279,3,P050
N002287,1,P096
N002295,49,P005
N002303,3,P094
N002311,1,P189
N002319,3,P133
N002327,1,P184
N002335,49,P004
N002343,2,P146
N002351,3,P006
N002359,17,P006
N002367,0,P090
N002375,0,P094
N002383,48,P001
N002391,144,P005
N002399,3,P058
N002407,65,P003
N002415,7,P094
N002423,198,P002
N002431,4,P189
N002439,77,P004
N002447,1,P205
N002455,0,P091
N002463,105,P003
N002471,168,P001
N002479,5,P004
N002487,0,P259
N002495,7,P021
N002503,11,P094
N002511,111,P005
N002519,1,P227
N002527,0,P094
N002535,5,P175
N002543,0,P219
N002551,2,P103
N002559,3,P094
N002567,2,P094
N002575,25,P004
N002583,40,P003
N002591,4,P094
N002599,4,P094
N002607,0,P094
N002615,11,P006
N002623,1,P085
N002631,0,P094
N002639,4,P069
N002647,29,P006
N002655,164,P003
N002663,15,P001
N002671,1,P229
N002679,0,P011
N002687,79,P006
N002695,0,P094
N002703,1,P002
N002711,11,P094
N002719,2,P003
N002727,1,P172
N002735,3,P088
N002743,2,P044
N002751,58,P001
N002759,2,P240
N002767,0,P017
N002775,1,P180
N002783,0,P200
N002791,45,P004
N002799,0,P046
N002807,0,P180
N002815,0,P221
N002823,8,P094
N002831,46,P006
N002839,2,P143
N002847,1,P020
N002855,73,P002
N002863,90,P006
N002871,30,P001
N002879,2,P004
N002887,37,P003
N002895,6,P094
N002903,80,P004
N002911,14,P240
N002919,1,P214
N002927,11,P006
N002935,2,P221
N002943,177,P001
N002951,9,P094
N002959,4,P046
N002967,14,P004
N002975,4,P044
N002983,0,P007
N002991,3,P094
N002999,4,P094
N003007,36,P235
N003015,75,P005
N003023,2,P242
N003031,1,P232
N003039,2,P020
N003047,13,P020
N003055,5,P035
N003063,16,P003
N003071,94,P001
N003079,262,P001
N003087,7,P004
N003095,149,P002
N003103,1,P184
N003111,2,P026
N003119,2,P146
N003127,10,P240
N003135,2,P128
N003143,2,P094
N003151,178,P002
N003159,158,P006
N003167,13,P235
N003175,158,P003
N003183,2,P227
N003191,6,P003
N003199,2,P235
N003207,8,P081
N003215,143,P004
N003223,0,P094
N003231,92,P005
N003239,0,P094
N003247,64,P006
N003255,0,P069
N003263,1,P094
N003271,3,P004
N003279,18,P004
N003287,7,P094
N003295,12,P006
N003303,0,P225
N003311,0,P094
N003319,73,P006
N003327,7,P005
N003335,3,P241
N003343,0,P094
N003351,2,P005
N003359,4,P003
N003367,0,P255
N003375,0,P181
N003383,3,P004
N003391,3,P094
N003399,10,P191
N003407,0,P094
N003415,266,P005
N003423,5,P240
N003431,3,P094
N003439,7,P238
N003447,2,P243
N003455,0,P066
N003463,256,P002
N003471,3,P006
N003479,4,P094
N003487,161,P004
N003495,311,P001
N003503,3,P092
N003511,2,P094
N003519,158,P003
N003527,3,P090
N003535,2,P203
N003543,1,P128
N003551,0,P189
N003559,87,P006
N003567,5,P006
N003575,17,P003
N003583,34,P006
N003591,26,P005
N003599,2,P232
N003607,119,P002
N003615,6,P002
N003623,0,P215
N003631,51,P003
N003639,5,P183
N003647,0,P216
N003655,7,P240
N003663,3,P006
N003671,77,P004
N003679,129,P001
N003687,6,P097
N003695,4,P094
N003703,9,P060
N003711,35,P004
N003719,6,P239
N003727,0,P240
N003735,92,P001
N003743,4,P105
N003751,86,P006
N003759,1,P085
N003767,2,P094
N003775,7,P094
N003783,3,P020
N003791,26,P073
N003799,0,P159
N003807,3,P060
N003815,85,P003
N003823,147,P001
N003831,5,P003
N003839,111,P003
N003847,104,P002
N003855,87,P004
N003863,21,P006
N003871,6,P136
N003879,1,P232
N003887,4,P242
N003895,3,P020
N003903,79,P003
N003911,1,P094
N003919,34,P004
N003927,2,P013
N003935,0,P131
N003943,9,P004
N003951,88,P005
N003959,5,P094
N003967,6,P181
N003975,82,P004
N003983,2,P020
N003991,3,P240
N003999,2,P240
N004007,14,P005
N004015,11,P168
N004023,2,P234
N004031,2,P240
N004039,3,P112
N004047,1,P094
N004055,0,P094
N004063,223,P002
N004071,3,P181
N004079,0,P142
N004087,0,P246
N004095,2,P088
N004103,1,P090
N004111,3,P111
N004119,2,P228
N004127,4,P195
N004135,74,P003
N004143,0,P232
N004151,5,P002
N004159,3,P094
N004167,76,P003
N004175,4,P094
N004183,4,P020
N004191,10,P004
N004199,88,P004
N004207,159,P003
N004215,121,P005
N004223,52,P003
N004231,2,P240
N004239,72,P005
N004247,26,P002
N004255,111,P001
N004263,6,P088
N004271,4,P077
N004279,6,P003
N004287,8,P228
N004295,78,P004
N004303,105,P006
N004311,1,P088
N004319,0,P044
N004327,5,P225
N004335,1,P216
N004343,12,P003
N004351,6,P003
N004359,0,P258
N004367,4,P146
N004375,0,P094
N004383,3,P152
N004391,28,P006
N004399,0,P221
N004407,1,P097
N004415,1,P094
N004423,1,P235
N004431,4,P020
N004439,5,P020
N004447,2,P094
N004455,4,P094
N004463,13,P241
N004471,2,P094
N004479,5,P020
N004487,3,P094
N004495,155,P002
N004503,0,P094
N004511,19,P004
N004519,4,P228
N004527,1,P200
N004535,1,P020
N004543,7,P216
N004551,3,P089
N004559,145,P001
N004567,1,P195
N004575,53,P003
N004583,0,P003
N004591,2,P094
N004599,22,P006
N004607,0,P142
N004615,1,P101
N004623,1,P006
N004631,1,P042
N004639,0,P142
N004647,7,P232
N004655,66,P002
N004663,9,P004
N004671,1,P094
N004679,11,P021
N004687,0,P142
N004695,2,P094
N004703,2,P097
N004711,32,P094
N004719,1,P136
N004727,12,P006
N004735,1,P056
N004743,0,P181
N004751,0,P227
N004759,6,P004
N004767,5,P094
N004775,0,P209
N004783,2,P094
N004791,214,P001
N004799,3,P006
N004807,13,P166
N004815,5,P227
N004823,8,P094
N004831,43,P006
N004839,94,P003
N004847,2,P232
N004855,3,P143
N004863,7,P094
N004871,0,P094
N004879,59,P005
N004887,2,P094
N004895,32,P001
N004903,4,P094
N004911,94,P006
N004919,7,P094
N004927,2,P137
N004935,8,P097
N004943,49,P001
N004951,4,P003
N004959,2,P006
N004967,4,P006
N004975,7,P094
N004983,1,P147
N004991,3,P068
N004999,0,P070
N005007,47,P001
N005015,8,P094
N005023,5,P094
N005031,45,P006
N005039,8,P094
N005047,155,P005
N005055,2,P214
N005063,5,P116
N005071,1,P088
N005079,94,P002
N005087,12,P004
N005095,0,P150
N005103,4,P146
N005111,0,P058
N005119,85,P006
N005127,117,P005
N005135,10,P068
N005143,8,P089
N005151,5,P088
N005159,194,P005
N005167,58,P005
N005175,1,P094
N005183,0,P207
N005191,7,P003
N005199,7,P240
N005207,1,P094
N005215,1,P089
N005223,0,P221
N005231,1,P136
N005239,2,P046
N005247,0,P181
N005255,0,P001
N005263,266,P005
N005271,34,P003
N005279,3,P003
N005287,1,P131
N005295,3,P120
N005303,311,P005
N005311,6,P078
N005319,4,P088
N005327,0,P106
N005335,165,P001
N005343,6,P006
N005351,2,P094
N005359,106,P005
N005367,1,P020
N005375,13,P002
N005383,271,P002
N005391,1,P013
N005399,0,P094
N005407,2,P010
N005415,0,P221
N005423,0,P246
N005431,157,P002
N005439,0,P020
N005447,3,P006
N005455,0,P136
N005463,6,P240
N005471,1,P200
N005479,22,P094
N005487,19,P089
N005495,4,P216
N005503,5,P141
N005511,4,P020
N005519,3,P094
N005527,2,P062
N005535,104,P002
N005543,1,P094
N005551,3,P150
N005559,13,P004
N005567,2,P069
N005575,5,P004
N005583,1,P020
N005591,431,P001
N005599,0,P046
N005607,9,P069
N005615,5,P020
N005623,2,P044
N005631,0,P177
N005639,3,P227
N005647,1,P227
N005655,0,P109
N005663,52,P006
N005671,3,P094
N005679,2,P098
N005687,1,P094
N005695,42,P005
N005703,1,P094
N005711,0,P027
N005719,25,P003
N005727,28,P002
N005735,0,P145
N005743,115,P001
N005751,386,P005
N005759,30,P001
N005767,1,P210
N005775,7,P172
N005783,0,P146
N005791,3,P175
N005799,155,P006
N005807,2,P094
N005815,2,P143
N005823,1,P013
N005831,1,P094
N005839,4,P239
N005847,26,P003
N005855,50,P214
N005863,74,P003
N005871,0,P142
N005879,0,P044
N005887,3,P200
N005895,2,P094
N005903,1,P189
N005911,4,P088
N005919,2,P003
N005927,17,P001
N005935,1,P106
N005943,0,P071
N005951,0,P215
N005959,3,P094
N005967,4,P094
N005975,1,P005
N005983,226,P005
N005991,53,P141
N005999,0,P094
N006007,3,P089
N006015,6,P058
N006023,3,P077
N006031,1,P136
N006039,63,P001
N006047,81,P001
N006055,0,P094
N006063,26,P006
N006071,1,P094
N006079,0,P021
N006087,2,P044
N006095,5,P006
N006103,8,P228
N006111,0,P004
N006119,5,P014
N006127,56,P004
N006135,55,P006
N006143,1,P005
N006151,50,P006
N006159,0,P024
N006167,0,P072
N006175,1,P189
N006183,3,P006
N006191,155,P004
N006199,29,P005
N006207,0,P094
N006215,3,P045
N006223,1,P094
N006231,0,P023
N006239,0,P106
N006247,94,P003
N006255,156,P005
N006263,3,P059
N006271,1,P203
N006279,3,P094
N006287,5,P094
N006295,2,P229
N006303,6,P235
N006311,8,P088
N006319,17,P004
N006327,0,P240
N006335,11,P094
N006343,0,P120
N006351,0,P120
N006359,109,P005
N006367,4,P146
N006375,39,P006
N006383,2,P004
N006391,12,P003
N006399,65,P002
N006407,28,P002
N006415,7,P097
N006423,2,P079
N006431,0,P044
N006439,0,P240
N006447,7,P141
N006455,2,P013
N006463,2,P094
N006471,1,P151
N006479,3,P094
N006487,0,P248
N006495,11,P240
N006503,3,P180
N006511,4,P115
N006519,69,P005
N006527,1,P245
N006535,90,P003
N006543,6,P241
N006551,2,P086
N006559,122,P001
N006567,2,P094
N006575,4,P146
N006583,5,P228
N006591,0,P019
N006599,107,P001
N006607,5,P088
N006615,5,P061
N006623,248,P002
N006631,0,P142
N006639,0,P120
N006647,19,P004
N006655,2,P001
N006663,165,P001
N006671,84,P002
N006679,3,P232
N006687,248,P005
N006695,28,P001
N006703,1,P219
N006711,2,P240
N006719,8,P005
N006727,0,P254
N006735,129,P002
N006743,4,P020
N006751,116,P002
N006759,0,P013
N006767,80,P005
N006775,0,P046
N006783,5,P020
N006791,2,P062
N006799,0,P088
N006807,8,P093
N006815,10,P094
N006823,167,P001
N006831,6,P094
N006839,81,P004
N006847,5,P258
N006855,3,P240
N006863,10,P005
N006871,1,P207
N006879,1,P167
N006887,7,P002
N006895,6,P146
N006903,9,P006
N006911,71,P002
N006919,11,P003
N006927,1,P094
N006935,2,P020
N006943,2,P177
N006951,0,P221
N006959,0,P120
N006967,0,P094
N006975,47,P005
N006983,0,P094
N006991,7,P141
N006999,81,P003
N007007,133,P001
N007015,2,P094
N007023,25,P006
N007031,12,P004
N007039,2,P115
N007047,0,P221
N007055,3,P094
N007063,1,P003
N007071,188,P002
N007079,75,P001
N007087,5,P172
N007095,1,P094
N007103,1,P005
N007111,2,P189
N007119,1,P218
N007127,109,P002
N007135,0,P094
N007143,3,P227
N007151,7,P099
N007159,0,P185
N007167,8,P004
N007175,1,P176
N007183,70,P006
N007191,2,P004
N007199,4,P094
N007207,9,P136
N007215,0,P227
N007223,5,P179
N007231,4,P004
N007239,5,P241
N007247,9,P003
N007255,1,P020
N007263,2,P094
N007271,26,P002
N007279,0,P257
N007287,315,P005
N007295,61,P002
N007303,253,P002
N007311,22,P020
N007319,45,P006
N007327,4,P232
N007335,10,P147
N007343,7,P004
N007351,20,P232
N007359,1,P119
N007367,18,P006
N007375,1,P146
N007383,85,P006
N007391,2,P211
N007399,0,P013
N007407,6,P023
N007415,0,P088
N007423,75,P005
N007431,159,P006
N007439,2,P146
N007447,1,P020
N007455,6,P239
N007463,15,P094
N007471,46,P001
N007479,0,P240
N007487,5,P020
N007495,207,P002
N007503,3,P002
N007511,74,P005
N007519,3,P166
N007527,1,P013
N007535,1,P137
N007543,46,P002
N007551,0,P225
N007559,1,P094
N007567,5,P204
N007575,164,P003
N007583,1,P024
N007591,2,P001
N007599,7,P094
N007607,4,P058
N007615,164,P006
N007623,108,P001
N007631,99,P005
N007639,4,P137
N007647,14,P001
N007655,41,P240
N007663,24,P094
N007671,15,P163
N007679,5,P108
N007687,113,P006
N007695,14,P089
N007703,4,P240
N007711,6,P094
N007719,5,P112
N007727,0,P219
N007735,0,P240
N007743,81,P006
N007751,2,P248
N007759,0,P004
N007767,2,P026
N007775,14,P039
N007783,11,P036
N007791,20,P216
N007799,108,P001
N007807,57,P004
N007815,6,P005
N007823,67,P003
N007831,6,P006
N007839,4,P240
N007847,159,P003
N007855,17,P006
N007863,17,P006
N007871,113,P004
N007879,13,P006
N007887,18,P020
N007895,0,P094
N007903,4,P240
N007911,4,P047
N007919,3,P020
N007927,72,P002
N007935,0,P013
N007943,2,P088
N007951,34,P002
N007959,1,P006
N007967,5,P094
N007975,1,P057
N007983,7,P088
N007991,9,P004
N007999,3,P166
N008007,4,P146
N008015,13,P060
N008023,27,P094
N008031,1,P181
N008039,2,P235
N008047,20,P005
N008055,42,P001
N008063,8,P167
N008071,35,P006
N008079,0,P094
N008087,71,P003
N008095,1,P136
N008103,263,P001
N008111,28,P003
N008119,1,P053
N008127,3,P011
N008135,57,P006
N008143,23,P094
N008151,11,P003
N008159,0,P031
N008167,1,P131
N008175,3,P216
N008183,65,P004
N008191,0,P044
N008199,0,P089
N008207,4,P094
N008215,1,P094
N008223,24,P240
N008231,0,P215
N008239,5,P031
N008247,0,P073
N008255,7,P208
N008263,2,P094
N008271,103,P002
N008279,3,P220
N008287,0,P221
N008295,15,P004
N008303,0,P120
N008311,134,P005
N008319,93,P004
N008327,3,P240
N008335,0,P094
N008343,14,P003
N008351,2,P044
N008359,9,P003
N008367,13,P014
N008375,102,P001
N008383,2,P240
N008391,1,P228
N008399,157,P002
N008407,4,P069
N008415,3,P183
N008423,20,P001
N008431,3,P215
N008439,85,P003
N008447,22,P028
N008455,0,P041
N008463,3,P160
N008471,1,P094
N008479,76,P002
N008487,36,P232
N008495,26,P001
N008503,6,P006
N008511,77,P003
N008519,1,P062
N008527,11,P060
N008535,2,P184
N008543,10,P196
N008551,4,P094
N008559,2,P003
N008567,4,P134
N008575,0,P046
N008583,6,P004
N008591,0,P235
N008599,125,P005
N008607,1,P140
N008615,0,P189
N008623,2,P045
N008631,7,P020
N008639,2,P192
N008647,5,P044
N008655,25,P004
N008663,2,P004
N008671,6,P136
N008679,2,P088
N008687,138,P005
N008695,7,P169
N008703,6,P240
N008711,3,P183
N008719,69,P005
N008727,36,P003
N008735,33,P009
N008743,13,P215
N008751,3,P160
N008759,0,P006
N008767,1,P044
N008775,4,P240
N008783,7,P002
N008791,45,P005
N008799,12,P003
N008807,7,P152
N008815,3,P044
N008823,13,P004
N008831,92,P003
N008839,6,P094
N008847,5,P094
N008855,16,P005
N008863,4,P013
N008871,67,P002
N008879,3,P043
N008887,28,P003
N008895,3,P165
N008903,3,P240
N008911,64,P241
N008919,37,P002
N008927,3,P044
N008935,81,P006
N008943,13,P217
N008951,167,P001
N008959,0,P044
N008967,0,P244
N008975,7,P241
N008983,7,P049
N008991,0,P221
N008999,1,P003
N009007,328,P001
N009015,8,P020
N009023,81,P006
N009031,6,P146
N009039,82,P003
N009047,97,P002
N009055,51,P004
N009063,0,P017
N009071,0,P006
N009079,224,P001
N009087,1,P240
N009095,5,P071
N009103,3,P241
N009111,3,P073
N009119,2,P192
N009127,5,P002
N009135,2,P215
N009143,3,P020
N009151,380,P001
N009159,2,P094
N009167,124,P005
N009175,22,P072
N009183,3,P004
N009191,0,P142
N009199,12,P005
N009207,2,P146
N009215,31,P232
N009223,2,P146
N009231,3,P020
N009239,33,P005
N009247,0,P195
N009255,154,P005
N009263,1,P227
N009271,0,P221
N009279,120,P001
N009287,0,P142
N009295,3,P096
N009303,2,P006
N009311,97,P004
N009319,218,P003
N009327,0,P190
N009335,303,P002
N009343,6,P141
N009351,0,P013
N009359,0,P120
N009367,5,P240
N009375,12,P087
N009383,2,P004
N009391,3,P240
N009399,9,P094
N009407,0,P223
N009415,4,P063
N009423,2,P044
N009431,9,P239
N009439,3,P003
N009447,1,P094
N009455,67,P002
N009463,6,P003
N009471,111,P004
N009479,0,P094
N009487,3,P194
N009495,4,P003
N009503,5,P105
N009511,15,P098
N009519,135,P001
N009527,1,P197
N009535,0,P181
N009543,3,P217
N009551,20,P005
N009559,3,P094
N009567,2,P024
N009575,4,P240
N009583,0,P049
N009591,0,P096
N009599,5,P020
N009607,1,P003
N009615,0,P221
N009623,3,P133
N009631,23,P137
N009639,50,P077
N009647,0,P013
N009655,1,P094
N009663,8,P004
N009671,2,P014
N009679,112,P005
N009687,122,P002
N009695,0,P126
N009703,243,P002
N009711,4,P003
N009719,2,P232
N009727,210,P002
N009735,2,P006
N009743,7,P116
N009751,60,P002
N009759,15,P001
N009767,66,P002
N009775,3,P006
N009783,7,P004
N009791,1,P207
N009799,1,P094
N009807,43,P003
N009815,92,P003
N009823,153,P002
N009831,1,P094
N009839,128,P001
N009847,294,P005
N009855,2,P094
N009863,141,P006
N009871,2,P016
N009879,41,P094
N009887,19,P006
N009895,3,P232
N009903,1,P240
N009911,14,P167
N009919,0,P044
N009927,6,P031
N009935,7,P175
N009943,77,P004
N009951,144,P002
N009959,0,P066
N009967,3,P020
N009975,5,P067
N009983,5,P031
N009991,0,P094
N009999,50,P001
N010007,1,P020
N010015,7,P259
N010023,1,P240
N010031,6,P215
N010039,91,P004
N010047,5,P094
N010055,0,P065
N010063,2,P136
N010071,272,P005
N010079,263,P005
N010087,3,P020
N010095,1,P122
N010103,19,P001
N010111,13,P001
N010119,81,P003
N010127,4,P006
N010135,2,P094
N010143,1,P094
N010151,14,P003
N010159,17,P006
N010167,2,P227
N010175,66,P001
N010183,221,P002
N010191,0,P094
N010199,0,P094
N010207,16,P006
N010215,2,P001
N010223,64,P004
N010231,130,P001
N010239,1,P141
N010247,2,P227
N010255,1,P094
N010263,2,P044
N010271,2,P094
N010279,2,P238
N010287,4,P236
N010295,9,P003
N010303,347,P002
N010311,266,P005
N010319,2,P112
N010327,81,P005
N010335,26,P002
N010343,3,P098
N010351,5,P006
N010359,4,P260
N010367,19,P216
N010375,0,P176
N010383,0,P004
N010391,1,P044
N010399,4,P207
N010407,2,P247
N010415,43,P232
N010423,8,P240
N010431,1,P041
N010439,136,P001
N010447,4,P240
N010455,0,P153
N010463,0,P122
N010471,3,P207
N010479,3,P094
N010487,0,P189
N010495,18,P005
N010503,2,P240
N010511,13,P020
N010519,2,P142
N010527,2,P232
N010535,4,P005
N010543,5,P087
N010551,5,P094
N010559,4,P094
N010567,2,P115
N010575,1,P024
N010583,163,P006
N010591,3,P120
N010599,2,P203
N010607,187,P005
N010615,2,P020
N010623,2,P195
N010631,2,P028
N010639,127,P001
N010647,7,P003
N010655,2,P003
N010663,6,P094
N010671,4,P094
N010679,9,P167
N010687,60,P005
N010695,59,P005
N010703,3,P058
N010711,2,P224
N010719,1,P227
N010727,7,P056
N010735,0,P094
N010743,0,P240
N010751,4,P044
N010759,156,P003
N010767,6,P094
N010775,4,P094
N010783,2,P020
N010791,1,P094
N010799,4,P020
N010807,7,P003
N010815,3,P183
N010823,28,P004
N010831,13,P004
N010839,1,P117
N010847,1,P120
N010855,91,P003
N010863,15,P202
N010871,0,P245
N010879,0,P167
N010887,3,P088
N010895,4,P006
N010903,6,P042
N010911,0,P215
N010919,5,P004
N010927,2,P120
N010935,107,P002
N010943,368,P005
N010951,2,P199
N010959,0,P088
N010967,8,P003
N010975,3,P031
N010983,23,P094
N010991,0,P200
N010999,1,P240
N011007,0,P020
N011015,0,P181
N011023,1,P088
N011031,0,P215
N011039,2,P004
N011047,6,P045
N011055,5,P001
N011063,11,P094
N011071,116,P001
N011079,128,P002
N011087,5,P044
N011095,2,P182
N011103,0,P098
N011111,23,P002
N011119,1,P092
N011127,7,P004
N011135,22,P122
N011143,86,P002
N011151,226,P005
N011159,2,P094
N011167,3,P013
N011175,4,P131
N011183,205,P001
N011191,215,P002
N011199,4,P164
N011207,26,P003
N011215,20,P002
N011223,4,P197
N011231,0,P098
N011239,2,P094
N011247,4,P094
N011255,0,P167
N011263,22,P116
N011271,0,P215
N011279,11,P004
N011287,215,P002
N011295,4,P227
N011303,42,P004
N011311,73,P004
N011319,4,P026
N011327,0,P221
N011335,10,P004
N011343,148,P002
N011351,5,P209
N011359,1,P013
N011367,1,P136
N011375,0,P207
N011383,17,P005
N011391,1,P094
N011399,15,P094
N011407,2,P225
N011415,11,P004
N011423,4,P106
N011431,7,P088
N011439,2,P020
N011447,0,P083
N011455,10,P001
N011463,8,P094
N011471,25,P240
N011479,3,P215
N011487,0,P104
N011495,16,P006
N011503,2,P094
N011511,132,P001
N011519,4,P094
N011527,2,P003
N011535,2,P094
N011543,3,P229
N011551,3,P200
N011559,5,P240
N011567,7,P031
N011575,0,P169
N011583,8,P001
N011591,256,P001
N011599,195,P002
N011607,0,P099
N011615,1,P104
N011623,0,P240
N011631,39,P002
N011639,0,P199
N011647,15,P004
N011655,164,P006
N011663,1,P003
N011671,10,P113
N011679,270,P001
N011687,1,P214
N011695,219,P002
N011703,3,P094
N011711,1,P094
N011719,3,P183
N011727,10,P094
N011735,1,P215
N011743,69,P002
N011751,6,P216
N011759,3,P080
N011767,4,P094
N011775,3,P094
N011783,10,P094
N011791,4,P094
N011799,209,P002
N011807,0,P140
N011815,0,P189
N011823,0,P232
N011831,1,P159
N011839,0,P122
N011847,12,P199
N011855,0,P211
N011863,268,P001
N011871,2,P006
N011879,15,P094
N011887,2,P044
N011895,5,P227
N011903,1,P021
N011911,1,P042
N011919,5,P181
N011927,0,P207
N011935,2,P019
N011943,61,P001
N011951,0,P053
N011959,3,P003
N011967,36,P193
N011975,4,P227
N011983,3,P152
N011991,41,P002
N011999,5,P189
N000008,4,P094
N000016,0,P098
N000024,0,P215
N000032,23,P207
N000040,4,P094
N000048,4,P094
N000056,139,P002
N000064,0,P004
N000072,5,P236
N000080,12,P021
N000088,13,P239
N000096,3,P069
N000104,3,P216
N000112,9,P130
N000120,0,P240
N000128,118,P006
N000136,3,P229
N000144,45,P001
N000152,4,P065
N000160,1,P215
N000168,4,P094
N000176,1,P228
N000184,220,P005
N000192,3,P180
N000200,195,P002
N000208,93,P005
N000216,37,P094
N000224,0,P109
N000232,0,P026
N000240,156,P005
N000248,17,P001
N000256,4,P056
N000264,0,P153
N000272,50,P094
N000280,3,P094
N000288,6,P094
N000296,10,P006
N000304,1,P020
N000312,3,P167
N000320,12,P240
N000328,12,P004
N000336,0,P215
N000344,1,P071
N000352,57,P002
N000360,2,P006
N000368,3,P181
N000376,0,P139
N000384,212,P002
N000392,6,P094
N000400,3,P044
N000408,17,P227
N000416,3,P094
N000424,117,P002
N000432,0,P046
N000440,3,P094
N000448,3,P230
N000456,2,P094
N000464,2,P146
N000472,3,P089
N000480,5,P105
N000488,7,P242
N000496,0,P094
N000504,7,P003
N000512,3,P079
N000520,1,P020
N000528,6,P093
N000536,4,P094
N000544,19,P240
N000552,6,P163
N000560,10,P005
N000568,114,P005
N000576,105,P005
N000584,0,P094
N000592,1,P215
N000600,19,P134
N000608,66,P005
N000616,2,P094
N000624,4,P094
N000632,5,P242
N000640,109,P005
N000648,0,P042
N000656,252,P001
N000664,50,P069
N000672,13,P002
N000680,6,P227
N000688,6,P020
N000696,0,P228
N000704,1,P094
N000712,12,P143
N000720,0,P028
N000728,10,P141
N000736,5,P167
N000744,7,P020
N000752,2,P094
N000760,4,P073
N000768,1,P120
N000776,2,P235
N000784,4,P215
N000792,0,P014
N000800,0,P132
N000808,3,P003
N000816,4,P094
N000824,32,P004
N000832,103,P004
N000840,95,P001
N000848,0,P106
N000856,0,P131
N000864,3,P198
N000872,2,P221
N000880,3,P240
N000888,25,P094
N000896,4,P094
N000904,5,P225
N000912,10,P071
N000920,0,P181
N000928,2,P242
N000936,1,P116
N000944,4,P189
N000952,335,P002
N000960,103,P005
N000968,1,P181
N000976,2,P039
N000984,67,P003
N000992,2,P044
N001000,4,P167
N001008,248,P001
N001016,0,P221
N001024,0,P200
N001032,0,P251
N001040,145,P006
N001048,7,P227
N001056,21,P001
N001064,5,P005
N001072,36,P005
N001080,6,P073
N001088,67,P004
N001096,113,P002
N001104,13,P063
N001112,1,P232
N001120,18,P240
N001128,5,P136
N001136,0,P180
N001144,0,P181
N001152,0,P181
N001160,66,P004
N001168,1,P253
N001176,1,P232
N001184,2,P073
N001192,1,P063
N001200,27,P005
N001208,84,P001
N001216,26,P001
N001224,6,P094
N001232,79,P006
N001240,260,P005
N001248,160,P003
N001256,0,P236
N001264,0,P114
N001272,49,P002
N001280,320,P002
N001288,341,P005
N001296,11,P004
N001304,14,P048
N001312,1,P235
N001320,2,P062
N001328,2,P183
N001336,1,P020
N001344,3,P106
N001352,20,P003
N001360,5,P094
N001368,2,P094
N001376,13,P003
N001384,28,P006
N001392,4,P002
N001400,7,P094
N001408,1,P056
N001416,1,P181
N001424,3,P003
N001432,48,P003
N001440,14,P240
N001448,1,P153
N001456,188,P002
N001464,3,P094
N001472,10,P183
N001480,0,P020
N001488,3,P062
N001496,25,P146
N001504,6,P200
N001512,3,P181
N001520,16,P003
N001528,316,P001
N001536,3,P060
N001544,0,P225
N001552,2,P002
N001560,6,P044
N001568,83,P003
N001576,46,P005
N001584,1,P222
N001592,1,P003
N001600,23,P167
N001608,38,P004
N001616,9,P004
N001624,1,P244
N001632,2,P013
N001640,2,P096
N001648,0,P094
N001656,18,P004
N001664,7,P071
N001672,0,P003
N001680,6,P004
N001688,0,P094
N001696,4,P044
N001704,1,P002
N001712,43,P001
N001720,17,P003
N001728,9,P003
N001736,12,P020
N001744,3,P089
N001752,4,P240
N001760,1,P094
N001768,0,P232
N001776,162,P003
N001784,28,P004
N001792,2,P073
N001800,2,P041
N001808,31,P094
N001816,1,P003
N001824,101,P005
N001832,6,P003
N001840,8,P020
N001848,17,P006
N001856,6,P094
N001864,185,P006
N001872,312,P001
N001880,7,P005
N001888,0,P033
N001896,10,P215
N001904,0,P255
N001912,97,P002
N001920,6,P216
N001928,305,P002
N001936,0,P221
N001944,16,P005
N001952,41,P006
N001960,3,P094
N001968,3,P006
N001976,0,P137
N001984,4,P003
N001992,0,P013
N002000,0,P173
N002008,3,P026
N002016,4,P094
N002024,10,P240
N002032,0,P095
N002040,6,P189
N002048,2,P146
N002056,9,P004
N002064,87,P002
N002072,2,P006
N002080,69,P005
N002088,6,P006
N002096,49,P001
N002104,3,P194
N002112,7,P044
N002120,9,P094
N002128,329,P005
N002136,2,P088
N002144,0,P253
N002152,43,P006
N002160,1,P006
N002168,0,P001
N002176,4,P215
N002184,2,P238
N002192,58,P002
N002200,27,P004
N002208,0,P098
N002216,3,P094
N002224,156,P003
N002232,15,P199
N002240,0,P136
N002248,2,P092
N002256,4,P125
N002264,57,P002
N002272,2,P172
N002280,11,P003
N002288,1,P094
N002296,5,P163
N002304,49,P006
N002312,1,P094
N002320,70,P004
N002328,0,P221
N002336,7,P004
N002344,127,P001
N002352,11,P181
N002360,8,P006
N002368,7,P006
N002376,2,P004
N002384,3,P004
N002392,50,P020
N002400,0,P013
N002408,74,P004
N002416,58,P002
N002424,1,P147
N002432,52,P001
N002440,2,P165
N002448,1,P006
N002456,1,P044
N002464,0,P097
N002472,14,P094
N002480,28,P001
N002488,2,P114
N002496,7,P240
N002504,11,P200
N002512,55,P199
N002520,0,P054
N002528,10,P042
N002536,5,P088
N002544,309,P001
N002552,6,P002
N002560,0,P214
N002568,2,P042
N002576,0,P094
N002584,40,P006
N002592,5,P240
N002600,229,P002
N002608,0,P094
N002616,13,P094
N002624,78,P006
N002632,66,P006
N002640,13,P094
N002648,3,P061
N002656,18,P001
N002664,3,P181
N002672,4,P004
N002680,5,P141
N002688,233,P002
N002696,35,P003
N002704,3,P044
N002712,316,P002
N002720,0,P013
N002728,1,P094
N002736,7,P044
N002744,2,P041
N002752,75,P005
N002760,2,P250
N002768,2,P004
N002776,65,P006
N002784,24,P005
N002792,172,P001
N002800,0,P037
N002808,1,P200
N002816,1,P200
N002824,13,P003
N002832,4,P189
N002840,1,P020
N002848,58,P006
N002856,0,P094
N002864,18,P005
N002872,4,P227
N002880,47,P001
N002888,37,P006
N002896,6,P215
N002904,2,P125
N002912,0,P140
N002920,1,P052
N002928,58,P004
N002936,56,P001
N002944,3,P003
N002952,4,P076
N002960,15,P003
N002968,0,P013
N002976,4,P094
N002984,0,P228
N002992,80,P003
N003000,3,P193
N003008,30,P211
N003016,1,P046
N003024,2,P094
N003032,120,P001
N003040,59,P006
N003048,10,P240
N003056,5,P088
N003064,0,P094
N003072,0,P240
N003080,221,P005
N003088,4,P213
N003096,213,P005
N003104,29,P006
N003112,5,P004
N003120,58,P006
N003128,0,P013
N003136,2,P020
N003144,105,P001
N003152,2,P197
N003160,5,P091
N003168,13,P087
N003176,230,P002
N003184,1,P240
N003192,2,P001
N003200,6,P061
N003208,9,P003
N003216,7,P234
N003224,267,P005
N003232,2,P004
N003240,6,P094
N003248,267,P001
N003256,21,P005
N003264,3,P097
N003272,2,P109
N003280,100,P006
N003288,55,P001
N003296,11,P229
N003304,75,P006
N003312,1,P240
N003320,0,P255
N003328,1,P065
N003336,3,P004
N003344,314,P002
N003352,156,P006
N003360,2,P020
N003368,8,P001
N003376,0,P094
N003384,8,P215
N003392,0,P215
N003400,10,P200
N003408,0,P003
N003416,0,P240
N003424,78,P002
N003432,39,P001
N003440,0,P141
N003448,3,P003
N003456,69,P003
N003464,2,P200
N003472,0,P249
N003480,83,P004
N003488,69,P240
N003496,3,P236
N003504,5,P006
N003512,2,P146
N003520,4,P229
N003528,13,P006
N003536,9,P020
N003544,0,P013
N003552,14,P001
N003560,7,P001
N003568,3,P094
N003576,14,P005
N003584,88,P003
N003592,0,P089
N003600,2,P020
N003608,38,P002
N003616,2,P094
N003624,2,P240
N003632,136,P005
N003640,61,P001
N003648,0,P046
N003656,5,P215
N003664,6,P042
N003672,97,P006
N003680,2,P192
N003688,17,P005
N003696,170,P005
N003704,8,P116
N003712,1,P094
N003720,2,P046
N003728,22,P081
N003736,25,P094
N003744,4,P041
N003752,4,P179
N003760,1,P094
N003768,2,P188
N003776,7,P122
N003784,3,P240
N003792,26,P129
N003800,1,P073
N003808,254,P001
N003816,142,P002
N003824,0,P094
N003832,7,P200
N003840,8,P231
N003848,32,P006
N003856,0,P094
N003864,12,P004
N003872,0,P066
N003880,248,P005
N003888,48,P003
N003896,10,P004
N003904,94,P002
N003912,1,P227
N003920,6,P202
N003928,72,P006
N003936,93,P004
N003944,2,P229
N003952,12,P002
N003960,5,P071
N003968,247,P002
N003976,4,P079
N003984,144,P004
N003992,3,P235
N004000,2,P219
N004008,0,P248
N004016,112,P002
N004024,2,P094
N004032,2,P094
N004040,7,P232
N004048,20,P005
N004056,9,P191
N004064,4,P034
N004072,3,P150
N004080,8,P002
N004088,3,P181
N004096,2,P135
N004104,0,P006
N004112,131,P002
N004120,142,P003
N004128,4,P225
N004136,0,P020
N004144,72,P001
N004152,2,P019
N004160,0,P094
N004168,248,P001
N004176,78,P004
N004184,75,P002
N004192,0,P172
N004200,4,P073
N004208,0,P112
N004216,0,P050
N004224,6,P166
N004232,2,P245
N004240,0,P147
N004248,2,P169
N004256,27,P006
N004264,6,P120
N004272,8,P014
N004280,0,P240
N004288,1,P202
N004296,0,P111
N004304,1,P096
N004312,2,P231
N004320,262,P001
N004328,5,P052
N004336,0,P231
N004344,3,P094
N004352,6,P094
N004360,4,P227
N004368,1,P020
N004376,2,P005
N004384,3,P078
N004392,247,P001
N004400,52,P002
N004408,0,P240
N004416,0,P094
N004424,2,P001
N004432,4,P094
N004440,5,P081
N004448,3,P143
N004456,93,P002
N004464,0,P228
N004472,2,P203
N004480,5,P091
N004488,3,P003
N004496,10,P228
N004504,0,P200
N004512,72,P003
N004520,4,P098
N004528,21,P235
N004536,1,P044
N004544,17,P005
N004552,1,P184
N004560,0,P087
N004568,126,P005
N004576,7,P013
N004584,0,P242
N004592,1,P180
N004600,52,P004
N004608,24,P004
N004616,2,P084
N004624,13,P005
N004632,72,P004
N004640,36,P122
N004648,4,P239
N004656,29,P006
N004664,19,P005
N004672,20,P001
N004680,100,P001
N004688,2,P094
N004696,2,P200
N004704,1,P156
N004712,91,P001
N004720,0,P131
N004728,13,P006
N004736,165,P001
N004744,1,P094
N004752,74,P004
N004760,1,P232
N004768,7,P161
N004776,157,P006
N004784,2,P227
N004792,1,P228
N004800,0,P094
N004808,13,P094
N004816,2,P229
N004824,8,P181
N004832,0,P215
N004840,3,P143
N004848,112,P002
N004856,16,P001
N004864,7,P189
N004872,3,P255
N004880,1,P094
N004888,18,P002
N004896,1,P044
N004904,4,P044
N004912,0,P233
N004920,296,P001
N004928,1,P020
N004936,0,P096
N004944,49,P002
N004952,218,P001
N004960,0,P094
N004968,7,P189
N004976,7,P215
N004984,26,P004
N004992,11,P003
N005000,19,P058
N005008,70,P005
N005016,19,P004
N005024,9,P171
N005032,24,P006
N005040,2,P235
N005048,0,P227
N005056,2,P253
N005064,25,P006
N005072,55,P005
N005080,85,P003
N005088,2,P225
N005096,0,P144
N005104,4,P064
N005112,1,P020
N005120,5,P189
N005128,48,P004
N005136,0,P094
N005144,0,P094
N005152,77,P006
N005160,7,P041
N005168,16,P003
N005176,4,P094
N005184,50,P215
N005192,31,P003
N005200,7,P094
N005208,2,P003
N005216,0,P061
N005224,2,P143
N005232,1,P094
N005240,18,P003
N005248,88,P002
N005256,5,P181
N005264,5,P160
N005272,17,P006
N005280,4,P091
N005288,176,P005
N005296,5,P094
N005304,5,P122
N005312,1,P006
N005320,13,P004
N005328,0,P114
N005336,45,P001
N005344,2,P094
N005352,6,P003
N005360,1,P057
N005368,0,P094
N005376,36,P240
N005384,0,P094
N005392,223,P001
N005400,0,P221
N005408,2,P004
N005416,79,P004
N005424,11,P004
N005432,2,P166
N005440,2,P193
N005448,4,P094
N005456,0,P120
N005464,53,P004
N005472,30,P005
N005480,68,P001
N005488,0,P081
N005496,3,P044
N005504,5,P195
N005512,4,P232
N005520,2,P006
N005528,287,P001
N005536,0,P094
N005544,329,P001
N005552,3,P094
N005560,0,P143
N005568,4,P240
N005576,1,P073
N005584,1,P094
N005592,2,P181
N005600,1,P006
N005608,56,P004
N005616,5,P094
N005624,2,P077
N005632,0,P214
N005640,3,P240
N005648,89,P006
N005656,101,P006
N005664,1,P120
N005672,3,P195
N005680,2,P152
N005688,1,P227
N005696,64,P006
N005704,0,P094
N005712,146,P003
N005720,7,P044
N005728,1,P088
N005736,88,P001
N005744,3,P004
N005752,0,P244
N005760,11,P240
N005768,1,P120
N005776,0,P142
N005784,118,P001
N005792,14,P003
N005800,37,P020
N005808,1,P124
N005816,0,P094
N005824,52,P003
N005832,0,P020
N005840,5,P003
N005848,5,P058
N005856,0,P221
N005864,179,P005
N005872,1,P033
N005880,0,P189
N005888,5,P240
N005896,36,P002
N005904,59,P006
N005912,9,P003
N005920,29,P001
N005928,3,P006
N005936,1,P136
N005944,2,P260
N005952,0,P013
N005960,35,P005
N005968,80,P004
N005976,0,P003
N005984,1,P196
N005992,1,P044
N006000,118,P001
N006008,0,P215
N006016,6,P168
N006024,3,P215
N006032,21,P020
N006040,0,P077
N006048,7,P165
N006056,14,P002
N006064,24,P003
N006072,0,P116
N006080,0,P003
N006088,4,P053
N006096,5,P003
N006104,196,P001
N006112,407,P002
N006120,5,P020
N006128,0,P041
N006136,102,P002
N006144,4,P006
N006152,5,P094
N006160,76,P003
N006168,108,P001
N006176,63,P002
N006184,3,P215
N006192,123,P001
N006200,5,P003
N006208,6,P003
N006216,252,P002
N006224,2,P004
N006232,0,P211
N006240,45,P005
N006248,0,P020
N006256,185,P001
N006264,1,P004
N006272,2,P181
N006280,1,P035
N006288,177,P002
N006296,4,P044
N006304,0,P025
N006312,0,P094
N006320,265,P001
N006328,404,P002
N006336,11,P199
N006344,0,P181
N006352,0,P020
N006360,41,P005
N006368,0,P094
N006376,0,P215
N006384,107,P003
N006392,180,P002
N006400,168,P001
N006408,0,P094
N006416,8,P004
N006424,2,P215
N006432,2,P044
N006440,6,P004
N006448,6,P081
N006456,5,P189
N006464,0,P200
N006472,2,P127
N006480,328,P005
N006488,0,P004
N006496,5,P044
N006504,48,P005
N006512,31,P001
N006520,5,P087
N006528,160,P003
N006536,39,P044
N006544,251,P001
N006552,2,P040
N006560,68,P006
N006568,18,P003
N006576,27,P002
N006584,4,P224
N006592,0,P120
N006600,0,P229
N006608,23,P005
N006616,8,P094
N006624,4,P094
N006632,8,P003
N006640,152,P003
N006648,0,P240
N006656,1,P094
N006664,3,P240
N006672,19,P246
N006680,3,P094
N006688,300,P005
N006696,1,P240
N006704,4,P175
N006712,2,P108
N006720,8,P041
N006728,10,P004
N006736,1,P004
N006744,4,P094
N006752,3,P095
N006760,76,P002
N006768,33,P006
N006776,0,P094
N006784,3,P141
N006792,3,P240
N006800,46,P073
N006808,8,P240
N006816,12,P003
N006824,5,P094
N006832,188,P001
N006840,5,P020
N006848,2,P069
N006856,59,P004
N006864,1,P111
N006872,20,P044
N006880,0,P064
N006888,75,P004
N006896,6,P044
N006904,5,P001
N006912,2,P094
N006920,4,P065
N006928,4,P129
N006936,2,P003
N006944,12,P006
N006952,6,P191
N006960,57,P001
N006968,0,P240
N006976,49,P001
N006984,126,P003
N006992,0,P013
N007000,13,P202
N007008,3,P255
N007016,55,P001
N007024,8,P098
N007032,1,P039
N007040,148,P002
N007048,1,P073
N007056,3,P207
N007064,1,P215
N007072,6,P200
N007080,3,P146
N007088,6,P004
N007096,279,P001
N007104,1,P175
N007112,22,P005
N007120,157,P003
N007128,19,P162
N007136,0,P229
N007144,2,P004
N007152,14,P002
N007160,1,P240
N007168,186,P002
N007176,0,P229
N007184,97,P002
N007192,44,P005
N007200,4,P004
N007208,9,P240
N007216,5,P028
N007224,5,P094
N007232,8,P002
N007240,0,P013
N007248,1,P094
N007256,1,P088
N007264,1,P071
N007272,26,P001
N007280,3,P006
N007288,0,P006
N007296,82,P005
N007304,3,P094
N007312,4,P214
N007320,8,P132
N007328,59,P001
N007336,5,P003
N007344,65,P005
N007352,20,P094
N007360,4,P006
N007368,79,P004
N007376,29,P003
N007384,34,P006
N007392,0,P221
N007400,2,P181
N007408,79,P004
N007416,0,P215
N007424,0,P094
N007432,0,P240
N007440,188,P001
N007448,7,P006
N007456,56,P006
N007464,7,P101
N007472,126,P001
N007480,0,P094
N007488,210,P002
N007496,3,P146
N007504,198,P002
N007512,32,P005
N007520,6,P003
N007528,0,P066
N007536,133,P005
N007544,4,P003
N007552,3,P127
N007560,192,P002
N007568,4,P240
N007576,159,P001
N007584,23,P006
N007592,3,P085
N007600,7,P020
N007608,5,P255
N007616,3,P041
N007624,4,P255
N007632,1,P044
N007640,54,P006
N007648,1,P116
N007656,258,P002
N007664,5,P181
N007672,1,P215
N007680,5,P004
N007688,7,P003
N007696,2,P094
N007704,245,P001
N007712,6,P014
N007720,4,P042
N007728,0,P003
N007736,9,P020
N007744,0,P234
N007752,3,P238
N007760,13,P038
N007768,100,P001
N007776,6,P240
N007784,3,P233
N007792,1,P183
N007800,0,P013
N007808,4,P225
N007816,10,P094
N007824,1,P003
N007832,49,P001
N007840,25,P004
N007848,2,P003
N007856,23,P052
N007864,16,P002
N007872,1,P221
N007880,13,P004
N007888,0,P094
N007896,81,P004
N007904,113,P002
N007912,85,P005
N007920,9,P005
N007928,1,P004
N007936,268,P002
N007944,2,P238
N007952,6,P133
N007960,28,P001
N007968,5,P040
N007976,12,P001
N007984,18,P006
N007992,0,P172
N008000,4,P003
N008008,4,P237
N008016,1,P018
N008024,5,P003
N008032,268,P005
N008040,2,P006
N008048,2,P020
N008056,3,P094
N008064,8,P094
N008072,2,P027
N008080,331,P001
N008088,180,P001
N008096,0,P020
N008104,69,P005
N008112,3,P006
N008120,147,P001
N008128,3,P006
N008136,126,P005
N008144,2,P003
N008152,1,P036
N008160,0,P136
N008168,1,P181
N008176,120,P002
N008184,0,P155
N008192,3,P240
N008200,3,P003
N008208,21,P002
N008216,6,P002
N008224,24,P094
N008232,103,P006
N008240,2,P096
N008248,1,P065
N008256,7,P146
N008264,96,P006
N008272,8,P050
N008280,0,P034
N008288,11,P006
N008296,0,P227
N008304,166,P004
N008312,1,P004
N008320,0,P013
N008328,3,P020
N008336,50,P001
N008344,2,P159
N008352,0,P004
N008360,0,P221
N008368,13,P094
N008376,1,P006
N008384,2,P141
N008392,76,P004
N008400,0,P146
N008408,0,P136
N008416,3,P007
N008424,101,P006
N008432,8,P094
N008440,3,P057
N008448,6,P196
N008456,74,P003
N008464,52,P006
N008472,2,P013
N008480,0,P244
N008488,36,P253
N008496,0,P094
N008504,7,P094
N008512,2,P078
N008520,50,P006
N008528,3,P044
N008536,0,P244
N008544,0,P137
N008552,3,P069
N008560,107,P003
N008568,4,P235
N008576,1,P216
N008584,0,P021
N008592,0,P094
N008600,8,P180
N008608,55,P005
N008616,3,P231
N008624,5,P232
N008632,7,P105
N008640,8,P100
N008648,45,P004
N008656,114,P001
N008664,4,P107
N008672,6,P223
N008680,0,P094
N008688,81,P006
N008696,6,P094
N008704,6,P200
N008712,43,P001
N008720,3,P004
N008728,116,P002
N008736,89,P003
N008744,12,P104
N008752,3,P076
N008760,1,P235
N008768,1,P094
N008776,0,P044
N008784,1,P001
N008792,2,P122
N008800,1,P094
N008808,9,P003
N008816,251,P005
N008824,13,P118
N008832,0,P094
N008840,6,P026
N008848,12,P002
N008856,5,P026
N008864,1,P181
N008872,3,P139
N008880,3,P194
N008888,2,P078
N008896,4,P227
N008904,64,P240
N008912,64,P094
N008920,20,P240
N008928,21,P004
N008936,3,P221
N008944,13,P019
N008952,9,P052
N008960,167,P006
N008968,0,P059
N008976,7,P027
N008984,1,P215
N008992,48,P001
N009000,7,P073
N009008,0,P048
N009016,63,P004
N009024,11,P235
N009032,6,P001
N009040,13,P004
N009048,1,P105
N009056,63,P001
N009064,0,P042
N009072,1,P093
N009080,1,P003
N009088,96,P002
N009096,3,P235
N009104,3,P094
N009112,14,P003
N009120,3,P001
N009128,146,P002
N009136,2,P222
N009144,5,P002
N009152,1,P211
N009160,0,P233
N009168,0,P094
N009176,0,P131
N009184,3,P219
N009192,63,P005
N009200,45,P005
N009208,98,P004
N009216,31,P044
N009224,2,P003
N009232,325,P001
N009240,0,P138
N009248,80,P005
N009256,24,P136
N009264,198,P002
N009272,38,P004
N009280,13,P195
N009288,0,P094
N009296,3,P172
N009304,1,P006
N009312,0,P240
N009320,3,P136
N009328,2,P094
N009336,1,P241
N009344,13,P240
N009352,5,P044
N009360,208,P002
N009368,54,P001
N009376,0,P094
N009384,223,P005
N009392,4,P020
N009400,1,P003
N009408,0,P224
N009416,4,P241
N009424,102,P001
N009432,6,P167
N009440,2,P094
N009448,0,P013
N009456,1,P216
N009464,4,P020
N009472,1,P081
N009480,0,P094
N009488,131,P006
N009496,1,P094
N009504,88,P002
N009512,103,P005
N009520,2,P225
N009528,1,P031
N009536,68,P003
N009544,79,P002
N009552,27,P215
N009560,0,P209
N009568,2,P053
N009576,4,P094
N009584,6,P004
N009592,3,P206
N009600,127,P002
N009608,45,P002
N009616,3,P227
N009624,258,P002
N009632,23,P020
N009640,1,P146
N009648,21,P005
N009656,1,P216
N009664,3,P200
N009672,4,P106
N009680,143,P001
N009688,4,P144
N009696,8,P002
N009704,120,P004
N009712,4,P094
N009720,2,P096
N009728,0,P094
N009736,3,P094
N009744,116,P003
N009752,2,P013
N009760,14,P006
N009768,7,P021
N009776,3,P173
N009784,1,P240
N009792,1,P094
N009800,0,P214
N009808,227,P002
N009816,332,P002
N009824,0,P009
N009832,0,P094
N009840,1,P227
N009848,300,P002
N009856,90,P004
N009864,5,P189
N009872,0,P094
N009880,260,P002
N009888,54,P004
N009896,2,P202
N009904,0,P077
N009912,17,P141
N009920,6,P241
N009928,156,P003
N009936,4,P061
N009944,0,P193
N009952,8,P202
N009960,173,P001
N009968,133,P005
N009976,2,P097
N009984,5,P189
N009992,52,P005
N010000,7,P005
N010008,189,P002
N010016,247,P001
N010024,1,P094
N010032,6,P200
N010040,3,P028
N010048,5,P061
N010056,104,P002
N010064,2,P156
N010072,4,P044
N010080,2,P088
N010088,26,P003
N010096,0,P044
N010104,0,P200
N010112,32,P004
N010120,8,P122
N010128,51,P005
N010136,2,P023
N010144,3,P203
N010152,36,P002
N010160,6,P183
N010168,8,P003
N010176,3,P024
N010184,1,P246
N010192,12,P041
N010200,164,P001
N010208,0,P084
N010216,1,P240
N010224,12,P004
N010232,1,P003
N010240,23,P006
N010248,36,P188
N010256,1,P020
N010264,0,P021
N010272,55,P001
N010280,10,P042
N010288,0,P077
N010296,4,P240
N010304,5,P003
N010312,254,P001
N010320,0,P221
N010328,145,P001
N010336,3,P255
N010344,30,P003
N010352,6,P253
N010360,45,P002
N010368,2,P094
N010376,1,P044
N010384,1,P134
N010392,174,P002
N010400,37,P002
N010408,3,P078
N010416,178,P001
N010424,20,P004
N010432,1,P141
N010440,1,P008
N010448,3,P006
N010456,0,P094
N010464,33,P002
N010472,156,P003
N010480,13,P006
N010488,0,P179
N010496,18,P094
N010504,2,P235
N010512,13,P094
N010520,2,P005
N010528,2,P146
N010536,1,P215
N010544,5,P104
N010552,1,P189
N010560,69,P006
N010568,3,P020
N010576,1,P094
N010584,2,P096
N010592,75,P004
N010600,2,P227
N010608,0,P200
N010616,0,P098
N010624,2,P094
N010632,2,P255
N010640,2,P046
N010648,0,P044
N010656,2,P006
N010664,6,P043
N010672,23,P006
N010680,110,P005
N010688,0,P204
N010696,2,P094
N010704,3,P122
N010712,11,P002
N010720,3,P006
N010728,7,P136
N010736,1,P100
N010744,103,P004
N010752,5,P127
N010760,90,P005
N010768,131,P001
N010776,90,P006
N010784,10,P004
N010792,28,P002
N010800,4,P057
N010808,0,P238
N010816,3,P094
N010824,6,P211
N010832,0,P218
N010840,2,P035
N010848,0,P240
N010856,3,P094
N010864,2,P240
N010872,0,P094
N010880,1,P003
N010888,3,P006
N010896,95,P003
N010904,75,P005
N010912,20,P005
N010920,1,P167
N010928,11,P095
N010936,0,P167
N010944,3,P073
N010952,236,P005
N010960,0,P215
N010968,0,P094
N010976,1,P248
N010984,23,P020
N010992,160,P004
N011000,1,P236
N011008,124,P002
N011016,171,P005
N011024,0,P044
N011032,0,P240
N011040,2,P013
N011048,6,P006
N011056,2,P073
N011064,0,P013
N011072,1,P060
N011080,5,P240
N011088,0,P013
N011096,0,P202
N011104,118,P001
N011112,157,P002
N011120,4,P003
N011128,3,P007
N011136,215,P004
N011144,14,P020
N011152,166,P003
N011160,2,P044
N011168,2,P224
N011176,76,P004
N011184,1,P169
N011192,37,P122
N011200,0,P013
N011208,0,P106
N011216,116,P005
N011224,0,P044
N011232,1,P021
N011240,156,P003
N011248,4,P183
N011256,2,P088
N011264,60,P002
N011272,0,P004
N011280,3,P240
N011288,168,P005
N011296,4,P096
N011304,7,P094
N011312,1,P240
N011320,8,P129
N011328,1,P094
N011336,6,P001
N011344,1,P018
N011352,32,P228
N011360,16,P240
N011368,2,P094
N011376,0,P044
N011384,6,P055
N011392,0,P240
N011400,15,P235
N011408,2,P044
N011416,2,P026
N011424,4,P240
N011432,3,P004
N011440,160,P003
N011448,1,P243
N011456,1,P094
N011464,173,P003
N011472,0,P189
N011480,4,P004
N011488,1,P094
N011496,3,P098
N011504,2,P032
N011512,134,P002
N011520,5,P006
N011528,265,P005
N011536,1,P094
N011544,3,P094
N011552,7,P094
N011560,7,P088
N011568,74,P002
N011576,28,P005
N011584,10,P094
N011592,0,P120
N011600,0,P094
N011608,0,P020
N011616,1,P193
N011624,227,P005
N011632,17,P005
N011640,0,P094
N011648,1,P041
N011656,1,P129
N011664,103,P001
N011672,45,P001
N011680,22,P006
N011688,1,P094
N011696,0,P167
N011704,13,P003
N011712,1,P182
N011720,3,P081
N011728,10,P113
N011736,1,P078
N011744,3,P240
N011752,75,P004
N011760,2,P205
N011768,4,P026
N011776,1,P097
N011784,2,P024
N011792,2,P211
N011800,2,P219
N011808,5,P004
N011816,27,P005
N011824,19,P001
N011832,1,P094
N011840,2,P013
N011848,12,P044
N011856,0,P020
N011864,0,P028
N011872,0,P240
N011880,0,P216
N011888,69,P005
N011896,4,P004
N011904,0,P202
N011912,0,P044
N011920,60,P006
N011928,108,P002
N011936,27,P003
N011944,172,P004
N011952,3,P240
N011960,91,P004
N011968,36,P255
N011976,6,P006
N011984,57,P002
N011992,65,P002
N012000,5,P202
