notice_id,opportunity_id
N000001,09ae8a3b-2e2f-44c2-81a4-2b21cf68e3fa
N000002,1199d87d-0e63-4787-9ae0-d6c34d82a4f4
N000003,e2cf73d1-1510-42ab-b8b2-bc4107f87670
N000004,0ea07f0a-c39f-443b-9914-8625a7659245
N000005,0ea07f0a-c39f-443b-9914-8625a7659245
N000006,0ea07f0a-c39f-443b-9914-8625a7659245
N000007,0ea07f0a-c39f-443b-9914-8625a7659245
N000008,0ea07f0a-c39f-443b-9914-8625a7659245
N000009,ecfe4bdb-163b-4397-a311-cbaf10f27193
N000010,c231d783-a951-400d-8863-ef61ffd38f9a
N000011,ab89fbc4-cd08-4455-89ee-aa24c872b5a9
N000012,ab89fbc4-cd08-4455-89ee-aa24c872b5a9
N000013,ab89fbc4-cd08-4455-89ee-aa24c872b5a9
N000014,2a71a6f1-1f81-42c6-849c-9915341e540a
N000015,9a4a1c02-008d-4c79-8bfa-7cbe4407ba65
N000016,afcf8d8f-a8d6-42a5-ab37-ba4b2e62bb7b
N000017,4ef1a317-836d-4c60-baea-5c096350d02f
N000018,2fa5d1d5-a10c-4e1d-aa52-caff3dec751b
N000019,36115fa9-f3b1-44b4-b1e4-4722f249f8b0
N000020,52317e84-7832-45ec-9777-35f417da9aec
N000021,1695bc24-dca9-43e0-9777-393250e598ff
N000022,b689d6b4-914d-4300-90a2-38c0ed974331
N000023,d6bccb8e-5b68-4c94-a516-2c8a7964dac2
N000024,f7aff06b-d661-4dca-bafb-2e5e2b6883de
N000025,2bc67f7d-9e65-4b5b-adc5-c1d78c1179ab
N000026,017a9165-f135-4150-966c-8a64c1fee3ed
N000027,1605108a-c94f-4eac-a2af-1e30584e319e
N000028,dc6fef52-cf6e-48cc-9654-baacff7daddf
N000029,dc6fef52-cf6e-48cc-9654-baacff7daddf
N000030,6b8f774f-02bd-4eb6-94c8-006a591de76f
N000031,6b8f774f-02bd-4eb6-94c8-006a591de76f
N000032,c93e9422-6c5f-4c69-8041-e94598878727
N000033,c93e9422-6c5f-4c69-8041-e94598878727
N000034,c93e9422-6c5f-4c69-8041-e94598878727
N000035,37f50bad-a2af-4858-ae4c-8c07596066cf
N000036,727a60bf-6555-4502-8559-4990e1679064
N000037,2ef1c862-8799-41c0-82af-7693d43a252d
N000038,cea5c958-6907-4c11-9a3f-8680e111ca87
N000039,cea5c958-6907-4c11-9a3f-8680e111ca87
N000040,a2d3b295-ee33-4010-8ccd-d4b310d3e595
N000041,a2d3b295-ee33-4010-8ccd-d4b310d3e595
N000042,8d0fe9cf-6ddc-4fdd-83ca-3783da5e5f82
N000043,8d0fe9cf-6ddc-4fdd-83ca-3783da5e5f82
N000044,992eaaf6-67db-49f9-9010-bea0a5163121
N000045,8d0fe9cf-6ddc-4fdd-83ca-3783da5e5f82
N000046,992eaaf6-67db-49f9-9010-bea0a5163121
N000047,992eaaf6-67db-49f9-9010-bea0a5163121
N000048,8d0fe9cf-6ddc-4fdd-83ca-3783da5e5f82
N000049,5eebdb04-1017-4193-815c-e0925f01f182
N000050,8d0fe9cf-6ddc-4fdd-83ca-3783da5e5f82
N000051,e0fe8b60-cb60-4789-a64a-46f6b84a9744
N000052,e0fe8b60-cb60-4789-a64a-46f6b84a9744
N000053,78a22a05-b68a-4a1f-b82f-25dcda1ad7b6
N000054,78a22a05-b68a-4a1f-b82f-25dcda1ad7b6
N000055,78a22a05-b68a-4a1f-b82f-25dcda1ad7b6
N000056,2af1cb29-5dfc-44b4-9e0e-07189f0bdc2b
N000057,78a22a05-b68a-4a1f-b82f-25dcda1ad7b6
N000058,2af1cb29-5dfc-44b4-9e0e-07189f0bdc2b
N000059,59888345-e561-40ce-a4bf-83bfc166c33e
N000060,78e63714-887c-4772-b9f6-823c3db6f8b1
N000061,99eb5e97-8dbc-4a03-972b-5762d274efb5
N000062,99eb5e97-8dbc-4a03-972b-5762d274efb5
N000063,99eb5e97-8dbc-4a03-972b-5762d274efb5
N000064,fed10f31-e2da-4ee0-9471-8bb249827b1b
N000065,b5cab8f2-4554-46b4-8957-a97fb010b61c
N000066,1897ae92-9869-4bae-816b-912793439171
N000067,a3f03df3-669f-4b20-8c30-ffef8b523902
N000068,d455fa0f-8675-4d81-bcaf-059003772981
N000069,a16fcf0a-1493-4f9b-a066-9f72818a0b6c
N000070,7c0ab77d-71ba-4538-b1cf-fe7e3fccbb24
N000071,7c0ab77d-71ba-4538-b1cf-fe7e3fccbb24
N000072,7c0ab77d-71ba-4538-b1cf-fe7e3fccbb24
N000073,1197cd8d-6398-4716-ac91-2509da8e67ce
N000074,0effd78f-8759-4108-991c-6f606cf702eb
N000075,472b291f-2db3-4df3-9927-b5a1a45f3ce3
N000076,6f805196-7b41-4cda-ac28-d76113e50c49
N000077,169ce2f3-4d6d-4e3b-856e-5a142f9d01cf
N000078,c571ba9f-5e52-4102-a426-e7ae20108f79
N000079,169ce2f3-4d6d-4e3b-856e-5a142f9d01cf
N000080,d0890348-3d81-470a-8bd0-ee74f64ba006
N000081,85a2f3fa-d946-4b48-8239-ba40930db887
N000082,1188bfa6-f87c-44ec-8fb0-e023731c82c7
N000083,b4f38166-f3ba-40d4-8dc7-a528377ac081
N000084,b1007148-0d61-4411-a909-09a40721c509
N000085,ac57a76d-44b0-4e40-bffb-3152cb139de4
N000086,ac57a76d-44b0-4e40-bffb-3152cb139de4
N000087,ac57a76d-44b0-4e40-bffb-3152cb139de4
N000088,ac57a76d-44b0-4e40-bffb-3152cb139de4
N000089,69b034c2-491d-453f-bd6b-a5f402162fdb
N000090,ac57a76d-44b0-4e40-bffb-3152cb139de4
N000091,7e18a988-1489-44ed-a247-b5f73dfd08e3
N000092,abe3e438-a929-4a29-9ceb-b760fac6f278
N000093,d37e2555-3720-4383-98bd-3c1de8e6b8b0
N000094,3ca4e362-3519-4f7a-a714-3ffe8217076d
N000095,3ca4e362-3519-4f7a-a714-3ffe8217076d
N000096,1f49147a-31d3-41f2-b73d-9e062c308fd4
N000097,09f3fac8-e019-45cb-8dfc-b59ad736baca
N000098,0fb9c688-d8f1-496a-965f-f8d2aa0ae1d3
N000099,70b082d0-a4fd-46e0-9821-28ea7935f4b4
N000100,7ae0f8d3-4128-4032-8680-55997e70b617
N000101,5028eb73-f72d-4fbe-8790-66e9297231bb
N000102,5028eb73-f72d-4fbe-8790-66e9297231bb
N000103,5028eb73-f72d-4fbe-8790-66e9297231bb
N000104,5028eb73-f72d-4fbe-8790-66e9297231bb
N000105,0fb9c688-d8f1-496a-965f-f8d2aa0ae1d3
N000106,0211f976-0f1a-4abe-a78d-8d9994515986
N000107,5630bfb4-0e8d-4a36-bb74-e733de5e15cb
N000108,74a3b635-a63c-4587-84b9-e2691bbad717
N000109,ef88921e-6cbf-49df-9a4a-3e09ccd3dc37
N000110,74a3b635-a63c-4587-84b9-e2691bbad717
N000111,74a3b635-a63c-4587-84b9-e2691bbad717
N000112,74a3b635-a63c-4587-84b9-e2691bbad717
N000113,74a3b635-a63c-4587-84b9-e2691bbad717
N000114,74a3b635-a63c-4587-84b9-e2691bbad717
N000115,74a3b635-a63c-4587-84b9-e2691bbad717
N000116,65d37496-53fc-4b74-812b-1dbc06a9c46a
N000117,65d37496-53fc-4b74-812b-1dbc06a9c46a
N000118,65d37496-53fc-4b74-812b-1dbc06a9c46a
N000119,31e9e135-3fb1-412d-b580-98dc64b16924
N000120,34ebf2cb-bb21-4089-8bd4-1a4601a8a598
N000121,449cbb8b-898d-42de-b105-ae5fd7e998c7
N000122,6a7c6f61-e822-4c7b-8c96-d2af429c574a
N000123,6a7c6f61-e822-4c7b-8c96-d2af429c574a
N000124,2c8f1739-ec3c-4d3d-a0a9-906b6a0395aa
N000125,05592925-2b95-4f3d-a7ab-a6b46026f673
N000126,4519f0dc-37cf-4cd5-95e1-6c9b3e0e4751
N000127,9ce744da-abff-42b7-bd0b-74ee665d9d42
N000128,6edb257e-e56f-4b45-bcad-870877908a12
N000129,a2f862bd-3859-4a4e-b931-52c9d135e680
N000130,9ce744da-abff-42b7-bd0b-74ee665d9d42
N000131,c8cf8794-878c-402f-9943-59b603495b44
N000132,b5299c63-e076-4c59-9d85-342c7767f6a5
N000133,ab81c261-f6a1-4017-b5d5-909e1c46100c
N000134,67a6267b-eab3-414a-b9ec-94dbbf426d3b
N000135,4e8a2aa3-98a1-496a-8ecf-0462bbddb10c
N000136,67a6267b-eab3-414a-b9ec-94dbbf426d3b
N000137,67a6267b-eab3-414a-b9ec-94dbbf426d3b
N000138,789e0aaf-c1b4-409c-909b-6d13a401f332
N000139,0d24d1a6-3a3a-4594-95b1-6570ae27c00f
N000140,0d24d1a6-3a3a-4594-95b1-6570ae27c00f
N000141,0d24d1a6-3a3a-4594-95b1-6570ae27c00f
N000142,0d24d1a6-3a3a-4594-95b1-6570ae27c00f
N000143,0d24d1a6-3a3a-4594-95b1-6570ae27c00f
N000144,d12a87a3-3992-41dd-86f3-7dadc115c211
N000145,3a73bbae-6a2e-464e-9a99-b6641cfed6aa
N000146,2664d1f2-2f8b-4717-8340-4f81a00a959f
N000147,2664d1f2-2f8b-4717-8340-4f81a00a959f
N000148,2664d1f2-2f8b-4717-8340-4f81a00a959f
N000149,a513618a-f784-43e1-8070-11a981ef1c9d
N000150,a513618a-f784-43e1-8070-11a981ef1c9d
N000151,a513618a-f784-43e1-8070-11a981ef1c9d
N000152,9d7654a3-e4e6-48d5-bb2a-7b01b31a15d5
N000153,2917bdeb-0ac1-4bf1-9fb7-42fb857e1116
N000154,9d7654a3-e4e6-48d5-bb2a-7b01b31a15d5
N000155,9d7654a3-e4e6-48d5-bb2a-7b01b31a15d5
N000156,9d7654a3-e4e6-48d5-bb2a-7b01b31a15d5
N000157,9d7654a3-e4e6-48d5-bb2a-7b01b31a15d5
N000158,dc857fdd-4e86-48fe-b01f-78f7173760d7
N000159,30355b15-4343-4c96-ae5a-7abf197db5a7
N000160,9a737a0b-3618-48c1-87d5-0518150d0645
N000161,9a737a0b-3618-48c1-87d5-0518150d0645
N000162,d12a87a3-3992-41dd-86f3-7dadc115c211
N000163,83c29cd4-ca77-48b8-9c24-c27df78533b8
N000164,0c43bf48-daba-46f0-ab6d-72864092b8b4
N000165,0c43bf48-daba-46f0-ab6d-72864092b8b4
N000166,83c29cd4-ca77-48b8-9c24-c27df78533b8
N000167,77a715bd-767c-4eb5-b0ea-adc6b7811435
N000168,dfd9eeab-9a7a-4f57-a58b-04bd259753a0
N000169,dfd9eeab-9a7a-4f57-a58b-04bd259753a0
N000170,dfd9eeab-9a7a-4f57-a58b-04bd259753a0
N000171,dfc0fc68-5d0f-4474-a350-269890efce2b
N000172,b71f722c-d235-40d1-9046-59f6e88be778
N000173,dfd9eeab-9a7a-4f57-a58b-04bd259753a0
N000174,dfd9eeab-9a7a-4f57-a58b-04bd259753a0
N000175,585ed7ff-49be-4e69-8ff1-1dbbbf44d420
N000176,5333eb8c-87af-4c81-9671-555c49b495d0
N000177,5333eb8c-87af-4c81-9671-555c49b495d0
N000178,3169c83d-dea5-46c6-97fb-d1f0d4989734
N000179,3169c83d-dea5-46c6-97fb-d1f0d4989734
N000180,e013e3f9-7a77-4186-bfbf-bb231d76b6e0
N000181,5d505bc2-532e-473b-b1a1-ae4bdff45557
N000182,5e210597-921d-4e6c-8c38-78d79ed47ff6
N000183,9f4a42de-af85-4ebd-afb7-7cd4a9a1008b
N000184,9f4a42de-af85-4ebd-afb7-7cd4a9a1008b
N000185,1b3f195d-a3ed-441e-b30c-8a5598f99b2b
N000186,9f4a42de-af85-4ebd-afb7-7cd4a9a1008b
N000187,1b3f195d-a3ed-441e-b30c-8a5598f99b2b
N000188,1b3f195d-a3ed-441e-b30c-8a5598f99b2b
N000189,a91072b0-c712-43b5-a11a-83ea686d9b27
N000190,a91072b0-c712-43b5-a11a-83ea686d9b27
N000191,e0770d68-86a7-4668-86f1-504096c516a7
N000192,504fa531-9019-474d-b755-e1978ea30e9b
N000193,504fa531-9019-474d-b755-e1978ea30e9b
N000194,504fa531-9019-474d-b755-e1978ea30e9b
N000195,8be57112-4ad4-4fe3-9a26-9facf220565a
N000196,8be57112-4ad4-4fe3-9a26-9facf220565a
N000197,8be57112-4ad4-4fe3-9a26-9facf220565a
N000198,835171b1-f8b5-4007-a749-f9f581eccca9
N000199,17c05e6f-a800-494c-8d27-00d8c5af0988
N000200,835171b1-f8b5-4007-a749-f9f581eccca9
N000201,835171b1-f8b5-4007-a749-f9f581eccca9
N000202,835171b1-f8b5-4007-a749-f9f581eccca9
N000203,835171b1-f8b5-4007-a749-f9f581eccca9
N000204,835171b1-f8b5-4007-a749-f9f581eccca9
N000205,fd226c69-94b2-49d0-b0ff-93cc4b2e1c35
N000206,bd04a802-a6c5-40a2-b149-41bdc610f2e9
N000207,bd04a802-a6c5-40a2-b149-41bdc610f2e9
N000208,f4205c96-282e-4a42-abe9-3095a0b73af9
N000209,466c88ee-e2da-4c5d-a56a-bc9de02e6c1a
N000210,b63c28f2-8e46-441d-abce-9d005d8eeb84
N000211,61e209d4-9b68-404b-9b80-a7eac923bf0e
N000212,6edb257e-e56f-4b45-bcad-870877908a12
N000213,d524d808-89a2-4c60-a056-0af790d55d2f
N000214,8613e7c5-2dd7-4704-b30d-339baedc6d16
N000215,9f4a42de-af85-4ebd-afb7-7cd4a9a1008b
N000216,8613e7c5-2dd7-4704-b30d-339baedc6d16
N000217,b527a49c-8fd1-464e-800f-c52f9225ebed
N000218,d6e4c46c-2a90-4975-8a23-7c9e1029ae56
N000219,d6e4c46c-2a90-4975-8a23-7c9e1029ae56
N000220,d6e4c46c-2a90-4975-8a23-7c9e1029ae56
N000221,c904616f-94d0-4db9-adb0-a3f75c3ae945
N000222,1170f57c-50c9-4aa3-a136-2a726053f35f
N000223,bde69511-afaa-48f5-b3e6-d64102b0b5f2
N000224,b5e4cc78-2c1f-40ac-b1ea-cbe0856449c9
N000225,0dfc923e-60bd-4ea0-bafb-302395bd4cbd
N000226,0dfc923e-60bd-4ea0-bafb-302395bd4cbd
N000227,e790e96a-2aac-4c99-9fb8-6ee83fad9fbf
N000228,be57edef-67a9-489c-9acd-a868d568f318
N000229,79ab2789-036f-4c10-9068-310c093c1543
N000230,58a9a71d-8f5d-4d41-821d-1c3e15889dfc
N000231,d049ca68-ef8d-4f7d-9ec2-35b757f1e76d
N000232,40636336-0b05-47e8-8bf2-b5a993e19915
N000233,a58a6341-19e3-4444-ab49-f431ecdf93ce
N000234,f10e4659-1ac1-4520-8642-1fea76eaf522
N000235,139ac9b8-c15a-4a90-bcda-2c74f464297d
N000236,4f616800-6810-4428-ab89-387a8bd56524
N000237,4f616800-6810-4428-ab89-387a8bd56524
N000238,4f616800-6810-4428-ab89-387a8bd56524
N000239,4f616800-6810-4428-ab89-387a8bd56524
N000240,58a9a71d-8f5d-4d41-821d-1c3e15889dfc
N000241,2b50f854-4cff-4dc6-9fab-02d1995e867c
N000242,c4b506ae-d4a2-4f19-b463-332cc45c4626
N000243,c4b506ae-d4a2-4f19-b463-332cc45c4626
N000244,c4b506ae-d4a2-4f19-b463-332cc45c4626
N000245,c4b506ae-d4a2-4f19-b463-332cc45c4626
N000246,1e14d008-f8d2-4ab8-a9f6-8eeff285e29a
N000247,1e14d008-f8d2-4ab8-a9f6-8eeff285e29a
N000248,1e14d008-f8d2-4ab8-a9f6-8eeff285e29a
N000249,1e14d008-f8d2-4ab8-a9f6-8eeff285e29a
N000250,a46577d6-8a97-4ca3-bbad-e3ea1b6d72bc
N000251,1cbd8e70-effe-4fc7-88a3-fefb7e77777e
N000252,1cbd8e70-effe-4fc7-88a3-fefb7e77777e
N000253,be98d0c2-d8ba-494d-8acc-66b7d3f66e47
N000254,2590f486-870d-42ae-95e1-fd28d66c7f83
N000255,deedc16c-442e-4c57-a45a-096efa5e7c97
N000256,1cbd8e70-effe-4fc7-88a3-fefb7e77777e
N000257,1cbd8e70-effe-4fc7-88a3-fefb7e77777e
N000258,2590f486-870d-42ae-95e1-fd28d66c7f83
N000259,1cbd8e70-effe-4fc7-88a3-fefb7e77777e
N000260,2d9a7e16-95b3-435b-adb4-267636890af0
N000261,1f881d32-5b99-480a-9df1-cc5bf4e2a07f
N000262,88c8f106-85b4-430d-a301-a0bb17c36530
N000263,c9d68623-f9a4-4eef-b2e2-56d3572b8756
N000264,4930112f-dfd4-4c71-a752-77ad6fa9e132
N000265,c9d68623-f9a4-4eef-b2e2-56d3572b8756
N000266,c9d68623-f9a4-4eef-b2e2-56d3572b8756
N000267,c9d68623-f9a4-4eef-b2e2-56d3572b8756
N000268,d12a87a3-3992-41dd-86f3-7dadc115c211
N000269,c9d68623-f9a4-4eef-b2e2-56d3572b8756
N000270,c9d68623-f9a4-4eef-b2e2-56d3572b8756
N000271,2a9cb93e-4cc7-44e6-aed8-d3748044ddbd
N000272,9a628d47-6f36-482f-946c-fa5d810c9834
N000273,502e648b-e872-4682-920d-04e5226504d6
N000274,c6bf6829-2532-43fa-a59d-3f880d6aa968
N000275,b46ee2f1-a680-4f96-b089-8c4cd5b351b3
N000276,eb07da5c-74c1-4426-bce1-fb4bcb7f6106
N000277,0fb9c688-d8f1-496a-965f-f8d2aa0ae1d3
N000278,14f4a8fb-52f0-40f2-9e35-ee4846625325
N000279,43bdfc97-be5d-4cbf-aa4e-b181c07d6558
N000280,43bdfc97-be5d-4cbf-aa4e-b181c07d6558
N000281,43bdfc97-be5d-4cbf-aa4e-b181c07d6558
N000282,43bdfc97-be5d-4cbf-aa4e-b181c07d6558
N000283,765713c6-e3a7-4cc5-a521-c6995b1bbc2b
N000284,2013f447-6b3e-41ba-b68a-672a327bd52b
N000285,06e55e83-3a78-4f5c-b131-8cfa8f6681cd
N000286,082f96ae-4e11-44de-8be6-455fcc35e558
N000287,06e55e83-3a78-4f5c-b131-8cfa8f6681cd
N000288,06e55e83-3a78-4f5c-b131-8cfa8f6681cd
N000289,06e55e83-3a78-4f5c-b131-8cfa8f6681cd
N000290,d041b8d4-0c75-4906-95b1-b2584e877d5b
N000291,0df83fbf-43da-4252-af4b-bbe6e1f671c6
N000292,e1e64694-c4f4-4700-b248-8ea45f6c9073
N000293,e1e64694-c4f4-4700-b248-8ea45f6c9073
N000294,58a9a71d-8f5d-4d41-821d-1c3e15889dfc
N000295,5bbc269c-1dd7-4e3b-8ff0-1543f16c2efd
N000296,3f376cfd-76d0-45e3-99e8-764ff3622581
N000297,3a12b90f-d8ff-4738-8b7e-488b54b83445
N000298,b5b9df1d-13b0-4e33-b3a8-d418911e6160
N000299,320c7407-4fd0-4e32-bd1e-2fadda5b2755
N000300,e0e8aaef-a60c-410b-8109-4a3084a1d4db
N000301,edbe14ec-6ed7-4365-938a-e2ed41c4bb3e
N000302,a0ae42e4-8a29-462c-83ea-1c22156753ca
N000303,edbe14ec-6ed7-4365-938a-e2ed41c4bb3e
N000304,70e2e261-df3d-403f-8920-caaa54461c1f
N000305,70e2e261-df3d-403f-8920-caaa54461c1f
N000306,edbe14ec-6ed7-4365-938a-e2ed41c4bb3e
N000307,a0ae42e4-8a29-462c-83ea-1c22156753ca
N000308,b6494b9c-e3c7-40b3-aa60-4377171a0818
N000309,18ec5b67-5e53-4f10-add7-70fe910d2ae8
N000310,dcee5a79-65ab-4893-88a2-f030811cf6b9
N000311,dcee5a79-65ab-4893-88a2-f030811cf6b9
N000312,dcee5a79-65ab-4893-88a2-f030811cf6b9
N000313,dcee5a79-65ab-4893-88a2-f030811cf6b9
N000314,2c3aa5a5-3693-4b82-92c9-2d8b3f5ff2f0
N000315,cc7942fc-353b-43f3-aff1-87b0d7c657c1
N000316,36eb149d-bc00-4a23-b839-8ffa5668c192
N000317,d7359f43-ac85-4300-bd45-a71ff92f2b23
N000318,7b9ac35a-c988-4b14-9799-5583ee243b2f
N000319,15a6c1ea-f9d0-4dd0-a763-597b30c48744
N000320,15a6c1ea-f9d0-4dd0-a763-597b30c48744
N000321,0917239d-0650-4755-98a9-b0e13a0d1859
N000322,15a6c1ea-f9d0-4dd0-a763-597b30c48744
N000323,15a6c1ea-f9d0-4dd0-a763-597b30c48744
N000324,15a6c1ea-f9d0-4dd0-a763-597b30c48744
N000325,15a6c1ea-f9d0-4dd0-a763-597b30c48744
N000326,2e6c8939-90fc-4030-ab6d-ac4702950a1a
N000327,2e6c8939-90fc-4030-ab6d-ac4702950a1a
N000328,46e36dfd-f1c6-4873-96b3-5dd1a9756083
N000329,a5518d0d-f63b-4377-843f-6073148f0637
N000330,de3bf31b-7892-4d7c-91a8-9a18696af5a0
N000331,8b9f1984-2c45-4111-adc6-4da5404ad462
N000332,8b9f1984-2c45-4111-adc6-4da5404ad462
N000333,06900d68-b932-4db0-a220-5ef346179bc1
N000334,8d0364d2-1b22-4d9b-98bc-77b766b75f52
N000335,d2220d77-37eb-47a8-91c3-3228a3f18f6a
N000336,52ea37b4-2681-431a-b1d6-d6c6b9436f87
N000337,9d7c8c61-917e-4594-bf29-eea446d1d911
N000338,3ca1754f-c589-4c54-81e2-009f95fa1c9f
N000339,4383b1d1-ef5a-48d1-ba65-0216238d0500
N000340,0fb9c688-d8f1-496a-965f-f8d2aa0ae1d3
N000341,422f0edb-2394-47b0-9816-711b0deb2b35
N000342,120cf85e-8514-4ae6-bbbd-9bb1b4579014
N000343,597a624b-576e-4831-aec1-70bf98ace2e6
N000344,597a624b-576e-4831-aec1-70bf98ace2e6
N000345,75f4170f-7b4d-4f93-b97f-10ea1febcba6
N000346,bf025ec1-b28b-48a4-a77d-ae071090bd9a
N000347,20dc3364-556c-4406-9d1d-e93b8693a8ed
N000348,f16a4c91-5624-4e30-b0f0-5133cc7cc965
N000349,1f997ec3-95a9-48ef-85f8-61bf90bdba7c
N000350,1f997ec3-95a9-48ef-85f8-61bf90bdba7c
N000351,fc0a4aa3-b0ef-4c7e-898a-ceb841ed1daa
N000352,4ef7817a-2095-4c25-82c5-f3c560b43dff
N000353,604060ca-7c93-4c3d-a9cc-9e85a6bac86a
N000354,604060ca-7c93-4c3d-a9cc-9e85a6bac86a
N000355,604060ca-7c93-4c3d-a9cc-9e85a6bac86a
N000356,5560db2c-0602-4306-87a6-af4b8c7a5b8a
N000357,edac0c3f-01a2-47b6-8ff5-5d599121e148
N000358,edac0c3f-01a2-47b6-8ff5-5d599121e148
N000359,edac0c3f-01a2-47b6-8ff5-5d599121e148
N000360,656642ea-1741-40bf-b77e-9161dc050dcf
N000361,ffa223fd-4333-4241-9411-c88df1cc8e76
N000362,db2df243-27c5-4ce5-8d19-b45087f5f133
N000363,5e295b37-62d9-4930-a276-9cb7a2955a26
N000364,2f7535e0-43cd-464f-ae92-9bbfeeaeda30
N000365,db2df243-27c5-4ce5-8d19-b45087f5f133
N000366,2f7535e0-43cd-464f-ae92-9bbfeeaeda30
N000367,db2df243-27c5-4ce5-8d19-b45087f5f133
N000368,db2df243-27c5-4ce5-8d19-b45087f5f133
N000369,b1357ea7-6720-4435-9fd3-322cab7d4c33
N000370,599618ce-d034-402b-a299-56531538f23e
N000371,461434d3-ea7a-4dd1-aad1-89d91385aac8
N000372,6be42913-7b84-4e42-abcd-397684be5998
N000373,befc9d1a-19e1-4ff7-a612-d43dd88d7914
N000374,befc9d1a-19e1-4ff7-a612-d43dd88d7914
N000375,befc9d1a-19e1-4ff7-a612-d43dd88d7914
N000376,fcc3d76b-2fe7-43a7-8152-1b193b33c106
N000377,8d1ee100-303c-44db-8e05-4759ed7da8b5
N000378,2b503345-841d-4b6b-bf5e-0b60a9f3585f
N000379,84b80e10-c8d8-40e5-83eb-111253275d8e
N000380,2b503345-841d-4b6b-bf5e-0b60a9f3585f
N000381,2b503345-841d-4b6b-bf5e-0b60a9f3585f
N000382,dcca7003-9c72-4685-9ccc-207afe409612
N000383,6906b9d7-d0eb-4714-b846-8b4341ef7a07
N000384,58a9a71d-8f5d-4d41-821d-1c3e15889dfc
N000385,f5c79d80-83cb-48fd-8784-212a8724273f
N000386,cf964b1a-3cbb-4d7d-a004-73c5a5bc6d92
N000387,cf964b1a-3cbb-4d7d-a004-73c5a5bc6d92
N000388,ec4774b6-c29d-4a2f-8f3f-3c74c41e99cd
N000389,ec4774b6-c29d-4a2f-8f3f-3c74c41e99cd
N000390,ec4774b6-c29d-4a2f-8f3f-3c74c41e99cd
N000391,ec4774b6-c29d-4a2f-8f3f-3c74c41e99cd
N000392,246be142-c4cc-464c-b666-64d371e3a891
N000393,246be142-c4cc-464c-b666-64d371e3a891
N000394,26853106-9bb3-4737-bc91-d0494c9f5010
N000395,d6bccb8e-5b68-4c94-a516-2c8a7964dac2
N000396,0fb9c688-d8f1-496a-965f-f8d2aa0ae1d3
N000397,69e1fc99-a8b0-46ee-8185-4dfd99da3e6f
N000398,be98d0c2-d8ba-494d-8acc-66b7d3f66e47
N000399,ac1e52a5-b122-417b-9a5a-45c223e452ff
N000400,56f886a9-b2a2-4c51-aca5-40700d223103
N000401,56f886a9-b2a2-4c51-aca5-40700d223103
N000402,ac1e52a5-b122-417b-9a5a-45c223e452ff
N000403,15e3f36a-3f58-4714-9f7b-24e2f6e9be47
N000404,c523f322-3ed2-4d99-b9e2-8c6bbbbea188
N000405,d1263275-a6af-4caf-bf82-57e310843956
N000406,d1263275-a6af-4caf-bf82-57e310843956
N000407,d12a87a3-3992-41dd-86f3-7dadc115c211
N000408,a23ea2a0-c698-448d-8f14-56cf9f3421de
N000409,a23ea2a0-c698-448d-8f14-56cf9f3421de
N000410,a23ea2a0-c698-448d-8f14-56cf9f3421de
N000411,a23ea2a0-c698-448d-8f14-56cf9f3421de
N000412,6f56f15e-a212-4525-a53b-4cf2092f80fb
N000413,e903aac6-3963-4a92-a912-dd09cabd0529
N000414,e903aac6-3963-4a92-a912-dd09cabd0529
N000415,e903aac6-3963-4a92-a912-dd09cabd0529
N000416,b04ae7b1-fbde-49dc-9ee2-005bce86f27a
N000417,b04ae7b1-fbde-49dc-9ee2-005bce86f27a
N000418,b04ae7b1-fbde-49dc-9ee2-005bce86f27a
N000419,b04ae7b1-fbde-49dc-9ee2-005bce86f27a
N000420,3bb85353-46b9-43fe-afad-70ce1123fa87
N000421,3bb85353-46b9-43fe-afad-70ce1123fa87
N000422,683613e3-8dbf-464f-8edb-65838ae290a8
N000423,babbb6bf-f6a8-42a1-993f-17682a8cc4c4
N000424,eee08cb6-7c50-48ab-ae0b-76e6e269abca
N000425,698c5b89-33a0-44cf-ade4-fafda4577fa7
N000426,c51d0e88-5bc3-4592-9ac7-b53db534ef2a
N000427,c51d0e88-5bc3-4592-9ac7-b53db534ef2a
N000428,c51d0e88-5bc3-4592-9ac7-b53db534ef2a
N000429,c51d0e88-5bc3-4592-9ac7-b53db534ef2a
N000430,698c5b89-33a0-44cf-ade4-fafda4577fa7
N000431,8681cc1e-e5d4-4162-8584-f372a09c5de7
N000432,f7db7771-a9a5-4b80-88b7-67bcefcac803
N000433,8681cc1e-e5d4-4162-8584-f372a09c5de7
N000434,8681cc1e-e5d4-4162-8584-f372a09c5de7
N000435,9d5e174f-f4cf-4a56-8e48-44026ba420f6
N000436,d12a87a3-3992-41dd-86f3-7dadc115c211
N000437,e41ba1b8-85e9-498a-924c-44f66f174cf6
N000438,10ac12e3-b78c-4cfd-91c7-5bfaa4ae0c26
N000439,3c8be3a3-0e8a-459a-90af-6d70f26a66f7
N000440,4e6ccddd-7141-4028-ba54-b30e9a19b7d6
N000441,25bd7f53-700d-4d88-82a0-dea2da6615fb
N000442,0200958a-3275-4f68-b91d-9155e4482134
N000443,d12a87a3-3992-41dd-86f3-7dadc115c211
N000444,85afd645-b41a-4fd5-94e6-1e1fb792133e
N000445,d12a87a3-3992-41dd-86f3-7dadc115c211
N000446,c38b1af6-3856-4577-944d-c30bb2953146
N000447,85afd645-b41a-4fd5-94e6-1e1fb792133e
N000448,85afd645-b41a-4fd5-94e6-1e1fb792133e
N000449,85afd645-b41a-4fd5-94e6-1e1fb792133e
N000450,81091014-fc4f-47d1-bcce-3c309d723996
N000451,0a425d2d-4a59-4cf8-aa65-bf4478e5c820
N000452,63ad157d-3233-490b-95b7-85acca2fd929
N000453,63ad157d-3233-490b-95b7-85acca2fd929
N000454,0d4e2877-f24a-4883-a136-d2192f6f3e75
N000455,0d4e2877-f24a-4883-a136-d2192f6f3e75
N000456,0d4e2877-f24a-4883-a136-d2192f6f3e75
N000457,687a09a2-6884-4a91-b767-b81c47815e4d
N000458,7bad0757-9453-4a8d-80de-b55fbaaab752
N000459,2ad5b969-1778-4c80-88de-a98d2c8262d0
N000460,ae68a65b-fd86-447f-b265-b643f49f8768
N000461,5730152c-05ea-434a-87ce-a0e66ffc445e
N000462,89251b78-5fab-4deb-a72a-8025f8d911ee
N000463,87a849c6-c7c2-480e-a4c8-0bcd82a9dd1b
N000464,87a849c6-c7c2-480e-a4c8-0bcd82a9dd1b
N000465,87a849c6-c7c2-480e-a4c8-0bcd82a9dd1b
N000466,11604628-2d82-407e-a5a4-884becab5670
N000467,d12a87a3-3992-41dd-86f3-7dadc115c211
N000468,fbca6dca-f809-4117-847e-d996f7207c9f
N000469,805b3693-703d-40c3-8be8-9b0e9f4a75ce
N000470,805b3693-703d-40c3-8be8-9b0e9f4a75ce
N000471,2b037964-462b-4c02-a7f6-9c230e1a1306
N000472,805b3693-703d-40c3-8be8-9b0e9f4a75ce
N000473,2b037964-462b-4c02-a7f6-9c230e1a1306
N000474,7f8d0abb-3419-4386-b6f1-d9ba8af4e137
N000475,6140f573-5cf1-4343-9088-70b2d61213a0
N000476,6140f573-5cf1-4343-9088-70b2d61213a0
N000477,6140f573-5cf1-4343-9088-70b2d61213a0
N000478,6140f573-5cf1-4343-9088-70b2d61213a0
N000479,6140f573-5cf1-4343-9088-70b2d61213a0
N000480,6140f573-5cf1-4343-9088-70b2d61213a0
N000481,e0af5e05-5533-4d34-9a28-873b7bf1f03d
N000482,3d8a599d-be8f-49d7-b5a2-f2ad7a2385f7
N000483,5f75419c-0a9c-4073-9764-32928162aef6
N000484,5f75419c-0a9c-4073-9764-32928162aef6
N000485,5f75419c-0a9c-4073-9764-32928162aef6
N000486,5f75419c-0a9c-4073-9764-32928162aef6
N000487,5f75419c-0a9c-4073-9764-32928162aef6
N000488,5f75419c-0a9c-4073-9764-32928162aef6
N000489,31e774ea-d043-48c3-9587-6764692c633f
N000490,5fae8a00-74d0-4a24-9bef-8cf2f3b661b6
N000491,5fae8a00-74d0-4a24-9bef-8cf2f3b661b6
N000492,4f3c7f72-97d7-46fb-8c91-cc017d7d44c0
N000493,c7cffb10-a481-415a-bc59-b74757f1624a
N000494,96624bf8-3899-4d87-a674-0abe04625e28
N000495,c463caaf-9642-4b81-9583-1563a43d7806
N000496,6d2fe4fb-1fbd-42f9-b9c1-a4f02ee06e50
N000497,b75a1977-8a1c-4d86-b576-020bd194b6e9
N000498,a4bb7630-b4d5-4bc6-bca2-b0116d4b1ecf
N000499,d4bca264-097f-4f9f-8768-3ecf1905418f
N000500,0ef198bb-80a4-491b-837f-554cf366c6e6
N000501,692abed8-83d5-42d9-8daf-981e9f4f18f5
N000502,b60b9956-4afa-4860-ab74-c8a22ffbd9d0
N000503,3f5ad9a4-4cd4-4296-9e5c-35eea04d1a6e
N000504,3f5ad9a4-4cd4-4296-9e5c-35eea04d1a6e
N000505,3f5ad9a4-4cd4-4296-9e5c-35eea04d1a6e
N000506,3f5ad9a4-4cd4-4296-9e5c-35eea04d1a6e
N000507,3f5ad9a4-4cd4-4296-9e5c-35eea04d1a6e
N000508,e54bbef1-3e7e-4210-9180-4534d7cf815f
N000509,6873ab10-3fff-4b45-a27b-f21a3adb3a3a
N000510,932bcd70-0475-4154-a913-727d1bbd5ed8
N000511,a88148e9-1b3e-44bf-aa02-921302ff8c1d
N000512,a88148e9-1b3e-44bf-aa02-921302ff8c1d
N000513,a88148e9-1b3e-44bf-aa02-921302ff8c1d
N000514,a88148e9-1b3e-44bf-aa02-921302ff8c1d
N000515,0fb9c688-d8f1-496a-965f-f8d2aa0ae1d3
N000516,fe7f2bae-2f63-49cd-8f70-dcfd2b0467c2
N000517,e98deff8-64e8-4271-aedc-11b68355dc96
N000518,17d870d3-d89a-4a23-a3ab-c744de7851e9
N000519,ca06d99d-7fa9-4049-8c52-03ebe5182096
N000520,65aaf340-f366-4000-acfa-c7236d2161f9
N000521,65aaf340-f366-4000-acfa-c7236d2161f9
N000522,40631e39-d5bf-4cf5-b915-97e5bc8c080e
N000523,40631e39-d5bf-4cf5-b915-97e5bc8c080e
N000524,dac3ea48-7d8e-4227-a994-1dcc8566a1ae
N000525,d12a87a3-3992-41dd-86f3-7dadc115c211
N000526,0164c964-1c15-4097-97cf-ebb7b254de66
N000527,d12a87a3-3992-41dd-86f3-7dadc115c211
N000528,67bfcd42-2d1d-42a1-8712-0eb66f3ef5b0
N000529,67bfcd42-2d1d-42a1-8712-0eb66f3ef5b0
N000530,67bfcd42-2d1d-42a1-8712-0eb66f3ef5b0
N000531,67bfcd42-2d1d-42a1-8712-0eb66f3ef5b0
N000532,67bfcd42-2d1d-42a1-8712-0eb66f3ef5b0
N000533,67bfcd42-2d1d-42a1-8712-0eb66f3ef5b0
N000534,0db11e94-837c-4595-92a1-2c9ac1c94ed1
N000535,45070c95-b007-43b2-96f7-6681091988d2
N000536,45070c95-b007-43b2-96f7-6681091988d2
N000537,b68c05a9-021e-41ab-aeef-4e5b46875270
N000538,8a677204-1d68-435c-a193-34a22de308d2
N000539,9c0bca76-4871-40e8-9430-fdab79487e99
N000540,81f52405-245f-47ce-83d0-3d47279e3da5
N000541,81f52405-245f-47ce-83d0-3d47279e3da5
N000542,81f52405-245f-47ce-83d0-3d47279e3da5
N000543,81f52405-245f-47ce-83d0-3d47279e3da5
N000544,81f52405-245f-47ce-83d0-3d47279e3da5
N000545,81f52405-245f-47ce-83d0-3d47279e3da5
N000546,81f52405-245f-47ce-83d0-3d47279e3da5
N000547,d12a87a3-3992-41dd-86f3-7dadc115c211
N000548,0b417643-1a54-48a2-bd77-b85d05e8c977
N000549,0b417643-1a54-48a2-bd77-b85d05e8c977
N000550,d12a87a3-3992-41dd-86f3-7dadc115c211
N000551,0b417643-1a54-48a2-bd77-b85d05e8c977
N000552,0b417643-1a54-48a2-bd77-b85d05e8c977
N000553,0b417643-1a54-48a2-bd77-b85d05e8c977
N000554,0b417643-1a54-48a2-bd77-b85d05e8c977
N000555,38934b68-1bc0-4429-9d85-d73d9263cd18
N000556,35ed8c9a-9ed3-4b2c-8f85-e27f84987cf4
N000557,35ed8c9a-9ed3-4b2c-8f85-e27f84987cf4
N000558,35ed8c9a-9ed3-4b2c-8f85-e27f84987cf4
N000559,35ed8c9a-9ed3-4b2c-8f85-e27f84987cf4
N000560,992eaaf6-67db-49f9-9010-bea0a5163121
N000561,fa64f600-b32f-46c4-9d4c-f190f86f38bf
N000562,d12a87a3-3992-41dd-86f3-7dadc115c211
N000563,8566a872-dd1e-4fb6-a523-230ec4407850
N000564,9d5e174f-f4cf-4a56-8e48-44026ba420f6
N000565,1c3ffa1e-df6e-49e1-a4ec-e8a378debae8
N000566,9d5e174f-f4cf-4a56-8e48-44026ba420f6
N000567,b7d15a54-ad35-4b61-a35a-767ada60c93f
N000568,6097254c-a178-4bc1-980f-c5ba09132d89
N000569,59b2b8e6-360b-4ab5-8e25-744a69120fed
N000570,70297829-abf4-403a-88b0-1ec66cee836f
N000571,70297829-abf4-403a-88b0-1ec66cee836f
N000572,d6bccb8e-5b68-4c94-a516-2c8a7964dac2
N000573,b5159117-203b-4d7b-acb5-7f2e80ff01c0
N000574,c52eb08a-d453-461f-959b-bdade660b360
N000575,c52eb08a-d453-461f-959b-bdade660b360
N000576,b5159117-203b-4d7b-acb5-7f2e80ff01c0
N000577,f3bc5689-a0af-4830-8870-00f036ac4da2
N000578,c52eb08a-d453-461f-959b-bdade660b360
N000579,e8e92647-45f8-445b-8a9b-cab8c5567a6f
N000580,8ca99e09-e18a-4e9a-878f-75ad2c74b7fd
N000581,8bc41f3c-fe0e-4f11-a383-d01a19de56ac
N000582,5630bfb4-0e8d-4a36-bb74-e733de5e15cb
N000583,738e0b5e-a1c3-44b2-9e64-a7f61a1ddada
N000584,f0049b84-50d6-4b35-af7d-c67ae01dd637
N000585,26660f3b-fca0-4304-9859-b511aaaaa61c
N000586,7b46c52d-85ea-4771-bbf7-098df4ef1ad7
N000587,7b46c52d-85ea-4771-bbf7-098df4ef1ad7
N000588,5b6403ec-1874-4a0c-a50b-61bf07289abe
N000589,9ee3f608-3cad-42b9-9f3b-e4280d9708c3
N000590,14cda802-97f7-4ad2-a9d2-ee0b2f1e3861
N000591,5409c09f-f49d-4e3e-a45c-66fa92b632dc
N000592,5409c09f-f49d-4e3e-a45c-66fa92b632dc
N000593,d5f262d5-4c1e-49f8-bc3e-fda519654aab
N000594,eee08cb6-7c50-48ab-ae0b-76e6e269abca
N000595,c27ceee1-5e76-4803-9ca3-54435ff82699
N000596,8a9da454-1834-4c2e-b63d-3fbe382193e3
N000597,dfc0fc68-5d0f-4474-a350-269890efce2b
N000598,ab7b30e2-5ff3-4dc6-8b8f-69ddfc265eae
N000599,ab7b30e2-5ff3-4dc6-8b8f-69ddfc265eae
N000600,cc4aaac0-e19e-49ee-89fc-bd04b0d93b55
N000601,ab7b30e2-5ff3-4dc6-8b8f-69ddfc265eae
N000602,056ff41f-b3e2-4c92-a4c6-84bc272eb038
N000603,056ff41f-b3e2-4c92-a4c6-84bc272eb038
N000604,fa62d929-7b38-4caf-a86e-1308b304a244
N000605,a6656502-214b-447a-bfeb-3ef1dc91f5b1
N000606,bd200613-d40f-48b9-9250-4a1cf222a94e
N000607,bd200613-d40f-48b9-9250-4a1cf222a94e
N000608,5630bfb4-0e8d-4a36-bb74-e733de5e15cb
N000609,bd200613-d40f-48b9-9250-4a1cf222a94e
N000610,a246af63-a35d-4b00-922e-79d68225ec17
N000611,bd0a023a-de30-493c-a4f2-e278ef46ecc1
N000612,bd0a023a-de30-493c-a4f2-e278ef46ecc1
N000613,68a81944-f807-444f-a7ef-69d44293ddb1
N000614,fdae4b5f-1444-43a9-a6be-e52482a47536
N000615,783c253b-c8cc-45df-9a45-5c773405a60b
N000616,783c253b-c8cc-45df-9a45-5c773405a60b
N000617,5e2f7e50-b6e8-446b-9797-302c5dd6cd23
N000618,783c253b-c8cc-45df-9a45-5c773405a60b
N000619,df5617a8-cb84-423f-85ae-5b10c9b43adf
N000620,2d9a7e16-95b3-435b-adb4-267636890af0
N000621,df5617a8-cb84-423f-85ae-5b10c9b43adf
N000622,df5617a8-cb84-423f-85ae-5b10c9b43adf
N000623,df5617a8-cb84-423f-85ae-5b10c9b43adf
N000624,df5617a8-cb84-423f-85ae-5b10c9b43adf
N000625,d12a87a3-3992-41dd-86f3-7dadc115c211
N000626,aae976a2-6bfb-47c7-bb72-f897d09abf2d
N000627,aae976a2-6bfb-47c7-bb72-f897d09abf2d
N000628,9a539a84-4abb-4349-b3bd-ce6a23499eef
N000629,9a539a84-4abb-4349-b3bd-ce6a23499eef
N000630,b5159117-203b-4d7b-acb5-7f2e80ff01c0
N000631,9a539a84-4abb-4349-b3bd-ce6a23499eef
N000632,9a539a84-4abb-4349-b3bd-ce6a23499eef
N000633,d4bca264-097f-4f9f-8768-3ecf1905418f
N000634,215a49e2-92f1-4452-9041-0a12d9cabd48
N000635,811d2d84-44a0-4777-ad02-7e9192aa8add
N000636,811d2d84-44a0-4777-ad02-7e9192aa8add
N000637,464bd4b1-d407-40e6-aba4-cce49d4e5c48
N000638,8789b7de-83ba-403e-b144-1e0aa7202336
N000639,8789b7de-83ba-403e-b144-1e0aa7202336
N000640,c8c5469c-51b6-47e6-8565-0255e99ce046
N000641,c97ce034-50dc-473d-9b6c-5436c1ca0f43
N000642,58a9a71d-8f5d-4d41-821d-1c3e15889dfc
N000643,8e99dea5-8cf8-4870-bfc5-a813e95930f6
N000644,8e99dea5-8cf8-4870-bfc5-a813e95930f6
N000645,895f2109-1445-4eb2-8b94-e431a7d26627
N000646,895f2109-1445-4eb2-8b94-e431a7d26627
N000647,dae0494d-9e1a-4a39-935e-fee0722997cf
N000648,0ef9a9dc-af20-4523-b010-d2f12040596c
N000649,17504476-8fff-4812-8d37-bf9c8d270cd3
N000650,12033600-cbda-4170-8b4f-947a0afe5b5b
N000651,3a89f54d-0900-454e-948d-f9a0c04fe449
N000652,2e46b801-a788-41d7-9877-e2425491bfe8
N000653,2e46b801-a788-41d7-9877-e2425491bfe8
N000654,3a89f54d-0900-454e-948d-f9a0c04fe449
N000655,3a89f54d-0900-454e-948d-f9a0c04fe449
N000656,12033600-cbda-4170-8b4f-947a0afe5b5b
N000657,e253b9ba-1bf0-44b7-ab78-a92e91d55191
N000658,8186e1e3-6dbb-47fe-b9b7-c7979767b400
N000659,8eb9d6cf-fafa-4fe4-909b-4e80552c37f8
N000660,fd1dfe0f-c803-4e6e-92cd-47cb37f50a63
N000661,52445a80-a79e-45cf-ada7-aecd35a32848
N000662,e5e7b03b-0b26-4fd4-be10-edb1d0aaf405
N000663,f55db670-419f-4992-be58-ea60baf156d8
N000664,4c59c277-1d86-41af-b48e-5da886b49d96
N000665,4c59c277-1d86-41af-b48e-5da886b49d96
N000666,58a9a71d-8f5d-4d41-821d-1c3e15889dfc
N000667,37541e21-dafd-4527-b857-a935250340ff
N000668,612a07f2-5104-4d33-ba4c-61ee31214170
N000669,e723569c-5365-47be-ad0b-011870f11747
N000670,c0afea1a-02cf-4e5a-8813-b3da9c4e5051
N000671,c0afea1a-02cf-4e5a-8813-b3da9c4e5051
N000672,e1290383-9748-4b05-bf33-39e653c274f7
N000673,e1290383-9748-4b05-bf33-39e653c274f7
N000674,d1f962a5-91f4-4343-a385-3364d30368d9
N000675,d1f962a5-91f4-4343-a385-3364d30368d9
N000676,d1f962a5-91f4-4343-a385-3364d30368d9
N000677,d690d9a1-384f-4ad2-ba9a-3b2b18d96f80
N000678,323ea650-faad-4ad9-82e1-adb5e3b07acc
N000679,6dccf653-d313-49d5-8130-fae3de7408c3
N000680,011bf607-815b-4220-b0b9-07a3049228fc
N000681,011bf607-815b-4220-b0b9-07a3049228fc
N000682,a1e71821-3573-46f9-8b4a-555ad2be86b6
N000683,011bf607-815b-4220-b0b9-07a3049228fc
N000684,011bf607-815b-4220-b0b9-07a3049228fc
N000685,58a9a71d-8f5d-4d41-821d-1c3e15889dfc
N000686,011bf607-815b-4220-b0b9-07a3049228fc
N000687,011bf607-815b-4220-b0b9-07a3049228fc
N000688,011bf607-815b-4220-b0b9-07a3049228fc
N000689,3fd051b1-320e-4891-a836-2796d457ab2e
N000690,676c2170-18c2-498e-bd5c-f39e79ca2734
N000691,676c2170-18c2-498e-bd5c-f39e79ca2734
N000692,3fd051b1-320e-4891-a836-2796d457ab2e
N000693,676c2170-18c2-498e-bd5c-f39e79ca2734
N000694,082717cb-706a-4821-b955-df6e4e18ab57
N000695,bd749e01-4f66-4155-ad20-3a4c6eab2f43
N000696,25fc54fa-a0e8-4e9b-ac7d-bb88a3cb6dd9
N000697,5630bfb4-0e8d-4a36-bb74-e733de5e15cb
N000698,55e62239-33c7-4665-9352-4cf32b42ed97
N000699,c09badb0-c07d-4bbf-8903-f053bd608ef8
N000700,c09badb0-c07d-4bbf-8903-f053bd608ef8
N000701,6b78e521-7e94-48f0-ad62-c01fce9187b9
N000702,b4b4de2c-9cb4-40ac-bf36-e545127f8c10
N000703,07e95964-a449-472a-bd41-a8326a0c0c42
N000704,d69d7ff7-46b1-41c6-b862-740207d965d1
N000705,d69d7ff7-46b1-41c6-b862-740207d965d1
N000706,b1a1d2fe-eb6e-4a28-8450-2b88b8c3e6d6
N000707,b1a1d2fe-eb6e-4a28-8450-2b88b8c3e6d6
N000708,b1a1d2fe-eb6e-4a28-8450-2b88b8c3e6d6
N000709,b1a1d2fe-eb6e-4a28-8450-2b88b8c3e6d6
N000710,b1a1d2fe-eb6e-4a28-8450-2b88b8c3e6d6
N000711,b1a1d2fe-eb6e-4a28-8450-2b88b8c3e6d6
N000712,32a19e18-68c5-4bd4-8ef9-3dfc26dc43d6
N000713,14776b80-47ec-45c6-9d0b-cb62b28dfab3
N000714,14776b80-47ec-45c6-9d0b-cb62b28dfab3
N000715,8a08a865-3f78-46d8-99f5-1962d7696b29
N000716,7bab3cc6-7fb0-48ae-a639-d96f29c6e2b6
N000717,d12a87a3-3992-41dd-86f3-7dadc115c211
N000718,a5235f1b-ac8d-4d8e-a36a-61ba473c80ba
N000719,a5235f1b-ac8d-4d8e-a36a-61ba473c80ba
N000720,d786a1e5-7c20-4f91-903d-4d3a277ddd88
N000721,b3f4cb32-6880-47a4-9e50-c4b4247ee8f0
N000722,69799bd1-61fc-43a9-b39e-79721fc8ddf0
N000723,47aa6f73-def3-41bf-8e79-d8ea2d68c4af
N000724,a0131595-7006-4329-936b-7c8a39da75a7
N000725,ae1efaf7-03c6-4cea-9b70-11ddb8f7c671
N000726,ae1efaf7-03c6-4cea-9b70-11ddb8f7c671
N000727,58a9a71d-8f5d-4d41-821d-1c3e15889dfc
N000728,ae1efaf7-03c6-4cea-9b70-11ddb8f7c671
N000729,ae1efaf7-03c6-4cea-9b70-11ddb8f7c671
N000730,ae1efaf7-03c6-4cea-9b70-11ddb8f7c671
N000731,0319fbd0-415f-46a1-81b8-d1aa887c0154
N000732,0319fbd0-415f-46a1-81b8-d1aa887c0154
N000733,0319fbd0-415f-46a1-81b8-d1aa887c0154
N000734,94bd00a2-276b-4f11-892c-83d83f7ff6eb
N000735,0fb9c688-d8f1-496a-965f-f8d2aa0ae1d3
N000736,089f14cc-092e-4cb0-8a99-25c34e393d5a
N000737,6c53f5e4-5ca3-4c7a-bd74-55811c3e3e12
N000738,55389f8d-0adc-4f2d-944d-584847e5b2f9
N000739,668ae2c0-f1da-49c3-9143-e260b1b600cd
N000740,7418e0b5-be09-44a0-9528-6436cfb3f169
N000741,7418e0b5-be09-44a0-9528-6436cfb3f169
N000742,7418e0b5-be09-44a0-9528-6436cfb3f169
N000743,7418e0b5-be09-44a0-9528-6436cfb3f169
N000744,7418e0b5-be09-44a0-9528-6436cfb3f169
N000745,7418e0b5-be09-44a0-9528-6436cfb3f169
N000746,7418e0b5-be09-44a0-9528-6436cfb3f169
N000747,7418e0b5-be09-44a0-9528-6436cfb3f169
N000748,532d6f0c-358f-4f0c-a260-bc2338331cc7
N000749,532d6f0c-358f-4f0c-a260-bc2338331cc7
N000750,a4c4c62e-77cb-4ea5-8352-936657a51048
N000751,a4c4c62e-77cb-4ea5-8352-936657a51048
N000752,532d6f0c-358f-4f0c-a260-bc2338331cc7
N000753,088a064c-e823-4a00-aaa4-60e39444c63b
N000754,088a064c-e823-4a00-aaa4-60e39444c63b
N000755,088a064c-e823-4a00-aaa4-60e39444c63b
N000756,7daa6205-4f52-426e-b6d9-423d7392a216
N000757,f10e4659-1ac1-4520-8642-1fea76eaf522
N000758,5730152c-05ea-434a-87ce-a0e66ffc445e
N000759,eeec6a40-cc13-492d-bcf0-1fac7c534271
N000760,eeec6a40-cc13-492d-bcf0-1fac7c534271
N000761,eeec6a40-cc13-492d-bcf0-1fac7c534271
N000762,eeec6a40-cc13-492d-bcf0-1fac7c534271
N000763,eeec6a40-cc13-492d-bcf0-1fac7c534271
N000764,42e5532f-c441-4add-80bc-2abaf642e4d4
N000765,2dfa4899-b323-4640-ab12-4894ad23cb22
N000766,5e35d46c-2f9a-4656-8d21-a984bbd29f0c
N000767,5630bfb4-0e8d-4a36-bb74-e733de5e15cb
N000768,011746c1-bea8-403c-bd66-53410660ac6d
N000769,992eaaf6-67db-49f9-9010-bea0a5163121
N000770,011746c1-bea8-403c-bd66-53410660ac6d
N000771,7bffc442-efc3-4cd0-96b7-ad83ea2092ad
N000772,3123c285-900b-405d-ad7f-08611fe7d3ac
N000773,7fa4a664-e943-440a-80af-d8320d544d81
N000774,a2a19c77-30d5-4c4f-a876-abcae3fd38b3
N000775,260ff4aa-6392-405f-af59-549a8d16237d
N000776,260ff4aa-6392-405f-af59-549a8d16237d
N000777,260ff4aa-6392-405f-af59-549a8d16237d
N000778,7d38817b-d51c-4fc2-ae07-b96074747567
N000779,01849cca-e84b-4f9f-8074-6b4052c3cc6f
N000780,01849cca-e84b-4f9f-8074-6b4052c3cc6f
N000781,3105857d-459f-4d28-ab2c-8406ef6c9c14
N000782,50189184-280d-4cdb-8b78-50ce2c073917
N000783,ca4c6a33-694d-4992-93be-c7ecc00559f7
N000784,ca4c6a33-694d-4992-93be-c7ecc00559f7
N000785,ca4c6a33-694d-4992-93be-c7ecc00559f7
N000786,ca4c6a33-694d-4992-93be-c7ecc00559f7
N000787,ca4c6a33-694d-4992-93be-c7ecc00559f7
N000788,f4bf9173-2051-49e4-9f3c-2e15cd2ff981
N000789,f4bf9173-2051-49e4-9f3c-2e15cd2ff981
N000790,869bd8bb-033c-4638-b467-3220ac6beb2f
N000791,1af91af9-680f-43b2-9daf-1ddfcc63e66d
N000792,9896d695-c170-4f89-95f7-a326728ab2e7
N000793,8aae312e-9908-4638-9f02-576f0ba608d5
N000794,b2524d2b-2f7a-4db9-863a-0e4cf1bdfdc9
N000795,c8b85b94-2aed-4e34-96d5-36174e4cbc8a
N000796,7c0ab77d-71ba-4538-b1cf-fe7e3fccbb24
N000797,7c0ab77d-71ba-4538-b1cf-fe7e3fccbb24
N000798,9906f73f-7602-46d6-8962-d4cd430788d7
N000799,9906f73f-7602-46d6-8962-d4cd430788d7
N000800,6f0ea653-6267-41b0-9ff2-eea36526cb4f
N000801,cd614ee8-b5f2-4c61-bfef-7e399329254e
N000802,ca941015-488c-47df-93ea-7d07e5fe9652
N000803,f888aa6e-30d6-4763-ab02-0d1dd45dcb66
N000804,21de80b1-4bc0-4233-9f9a-19d08dbd5c09
N000805,f888aa6e-30d6-4763-ab02-0d1dd45dcb66
N000806,a9e3612a-3240-4465-ba4b-67f453cf8bba
N000807,e7f6d919-d409-45b9-8bc8-cdae8e2294b2
N000808,e7f6d919-d409-45b9-8bc8-cdae8e2294b2
N000809,e7f6d919-d409-45b9-8bc8-cdae8e2294b2
N000810,9429af80-4ec7-432f-8ce4-eeacc949b104
N000811,5db3af5e-e610-4aa7-92f6-1a71577c7fd1
N000812,5db3af5e-e610-4aa7-92f6-1a71577c7fd1
N000813,a8cb4a0a-e03e-4ed5-b4e7-fc99028f7553
N000814,9429af80-4ec7-432f-8ce4-eeacc949b104
N000815,5db3af5e-e610-4aa7-92f6-1a71577c7fd1
N000816,5db3af5e-e610-4aa7-92f6-1a71577c7fd1
N000817,037d8bd3-0b09-4283-92d3-5f206bbc25c0
N000818,037d8bd3-0b09-4283-92d3-5f206bbc25c0
N000819,037d8bd3-0b09-4283-92d3-5f206bbc25c0
N000820,037d8bd3-0b09-4283-92d3-5f206bbc25c0
N000821,44fa810b-38cd-45f4-9577-4b7c5312ed33
N000822,cfd109ef-b378-46b1-a7de-183a083ffa8a
N000823,7c12f8fd-ce16-439f-818f-957f8500ce0b
N000824,37740d87-198e-49e3-bcd5-cf7cf8e21b1a
N000825,56f59ebf-a3b3-43f3-90a5-54297d49df4a
N000826,40560951-80f4-40df-944a-1541547f8da0
N000827,3845b739-b0ad-41c2-a445-fbea809b1417
N000828,3845b739-b0ad-41c2-a445-fbea809b1417
N000829,3845b739-b0ad-41c2-a445-fbea809b1417
N000830,3845b739-b0ad-41c2-a445-fbea809b1417
N000831,3845b739-b0ad-41c2-a445-fbea809b1417
N000832,3845b739-b0ad-41c2-a445-fbea809b1417
N000833,3845b739-b0ad-41c2-a445-fbea809b1417
N000834,fb1ee774-ce16-4cc6-b070-bb9078ddf628
N000835,3845b739-b0ad-41c2-a445-fbea809b1417
N000836,78ea9bf3-9b46-4e73-a921-d66e9072b84c
N000837,a9b78ae3-b799-4ccf-a547-1cb0067baf6f
N000838,f8015273-e91e-46d1-a929-7e2786316c46
N000839,4abd7249-fcbc-47bf-9ca6-b4e36764c085
N000840,9f4a42de-af85-4ebd-afb7-7cd4a9a1008b
N000841,b36a4d7a-2657-41f0-9576-48eff13783dd
N000842,8e4a1790-5c7e-4c20-9c8d-7983e0db5e5f
N000843,eee08cb6-7c50-48ab-ae0b-76e6e269abca
N000844,5f794b2c-705f-44ce-b65a-38ca19676023
N000845,c7323a38-77bc-43e9-b90b-6cfd9a5d2550
N000846,c7323a38-77bc-43e9-b90b-6cfd9a5d2550
N000847,c7323a38-77bc-43e9-b90b-6cfd9a5d2550
N000848,c51246ca-728a-4537-ab93-365a32a4419c
N000849,902bc2a2-0cf8-46bc-9a5d-113f4645ed7e
N000850,b52b66b3-1664-4e70-b701-5fa5396f9f94
N000851,58a9a71d-8f5d-4d41-821d-1c3e15889dfc
N000852,58a9a71d-8f5d-4d41-821d-1c3e15889dfc
N000853,f934dd1b-71cd-42f8-a820-c54d72fa7264
N000854,50fc02d1-9e89-40b4-8af1-985f0efd968c
N000855,58a9a71d-8f5d-4d41-821d-1c3e15889dfc
N000856,151ed058-d833-45b4-a894-ae9888c7d124
N000857,743504f7-04c9-4e20-9fee-99bd6508abc1
N000858,b4e3a23c-237f-4e9c-a6a4-f554c9aad185
N000859,b4e3a23c-237f-4e9c-a6a4-f554c9aad185
N000860,b4e3a23c-237f-4e9c-a6a4-f554c9aad185
N000861,b4e3a23c-237f-4e9c-a6a4-f554c9aad185
N000862,700b44eb-00c8-47ca-91ec-f90c98b8da03
N000863,700b44eb-00c8-47ca-91ec-f90c98b8da03
N000864,700b44eb-00c8-47ca-91ec-f90c98b8da03
N000865,700b44eb-00c8-47ca-91ec-f90c98b8da03
N000866,e9be8bfd-059c-4c6c-879c-27f506505ce4
N000867,4929ba72-ac0a-49d7-b4f8-f283778f2ab9
N000868,9e0f855b-4a24-4378-aeda-4f78e108be6e
N000869,9e0f855b-4a24-4378-aeda-4f78e108be6e
N000870,9e0f855b-4a24-4378-aeda-4f78e108be6e
N000871,7f18afbb-46c7-450d-95bf-779af3c254dc
N000872,0c1867f2-9188-496e-90c1-c8569c0cb8f7
N000873,7f18afbb-46c7-450d-95bf-779af3c254dc
N000874,175a285f-2797-4edc-867c-2deaf4e820c5
N000875,175a285f-2797-4edc-867c-2deaf4e820c5
N000876,bf67d4e6-bf15-4b2f-874a-933d216ccad0
N000877,cecca2f1-d522-40fe-8cbb-fc25712bb64d
N000878,292523bd-0e2d-4e00-a530-187c9296144e
N000879,eec7db7e-7132-44d3-bd50-8a84f1fedf2d
N000880,eec7db7e-7132-44d3-bd50-8a84f1fedf2d
N000881,eec7db7e-7132-44d3-bd50-8a84f1fedf2d
N000882,eec7db7e-7132-44d3-bd50-8a84f1fedf2d
N000883,f1bcee9d-ca52-4016-9b03-5d45a3fd24e9
N000884,f1bcee9d-ca52-4016-9b03-5d45a3fd24e9
N000885,22b96f63-3cea-41e0-9162-12c7ba0c7a23
N000886,22b96f63-3cea-41e0-9162-12c7ba0c7a23
N000887,22b96f63-3cea-41e0-9162-12c7ba0c7a23
N000888,cb416109-63b3-4053-b68a-1dc09d741c73
N000889,cb416109-63b3-4053-b68a-1dc09d741c73
N000890,cb416109-63b3-4053-b68a-1dc09d741c73
N000891,cb416109-63b3-4053-b68a-1dc09d741c73
N000892,17aa0b58-90d5-4ee1-a50f-fd18ba6aba49
N000893,d4ad7579-f99f-49f1-b408-7e13bccc9e05
N000894,7df60ebc-ad6b-457f-8a06-ca8ebb501ef4
N000895,29ce7f1f-78b3-4564-91e9-2f96e8ab4230
N000896,29ce7f1f-78b3-4564-91e9-2f96e8ab4230
N000897,ddd791d0-1dde-4c83-9c66-d0146d5e4873
N000898,29ce7f1f-78b3-4564-91e9-2f96e8ab4230
N000899,29ce7f1f-78b3-4564-91e9-2f96e8ab4230
N000900,61e1aa34-7839-49cd-993e-ca83193b9a54
N000901,e30f0abc-9565-4c70-ad93-a6ef71b44ab4
N000902,83fdb0b6-3753-4dc2-ad3b-2b6a3bacad8f
N000903,ee5597f3-0e9c-4fea-8ab9-7270c6196efc
N000904,ee5597f3-0e9c-4fea-8ab9-7270c6196efc
N000905,ee5597f3-0e9c-4fea-8ab9-7270c6196efc
N000906,f6a72d1b-11da-479c-9c1d-54ea4d544509
N000907,f6a72d1b-11da-479c-9c1d-54ea4d544509
N000908,6594af7b-e4ef-4298-a7fd-e6008fdecb24
N000909,6594af7b-e4ef-4298-a7fd-e6008fdecb24
N000910,37e2f214-a572-4210-a09d-99592e188b41
N000911,6594af7b-e4ef-4298-a7fd-e6008fdecb24
N000912,db6b88cc-8e61-4339-8658-7a95cd7a7da7
N000913,db6b88cc-8e61-4339-8658-7a95cd7a7da7
N000914,44f23760-cd19-4966-ae71-f53c9ebc6dea
N000915,44f23760-cd19-4966-ae71-f53c9ebc6dea
N000916,9d5e174f-f4cf-4a56-8e48-44026ba420f6
N000917,44f23760-cd19-4966-ae71-f53c9ebc6dea
N000918,44f23760-cd19-4966-ae71-f53c9ebc6dea
N000919,765007a4-6991-4171-9365-cb031464c56d
N000920,31a051c0-7f25-4d4c-a5b7-726171a05db6
N000921,1c109dbb-ae64-4cda-9523-2a16513d241b
N000922,8f841f14-0c3f-417c-ae2a-67e742ceaf16
N000923,8f841f14-0c3f-417c-ae2a-67e742ceaf16
N000924,8f841f14-0c3f-417c-ae2a-67e742ceaf16
N000925,8f841f14-0c3f-417c-ae2a-67e742ceaf16
N000926,8f841f14-0c3f-417c-ae2a-67e742ceaf16
N000927,8f841f14-0c3f-417c-ae2a-67e742ceaf16
N000928,e700ff79-a72c-41a0-b5be-2dc7fc4b5920
N000929,e700ff79-a72c-41a0-b5be-2dc7fc4b5920
N000930,e700ff79-a72c-41a0-b5be-2dc7fc4b5920
N000931,63eb32cf-d4e6-4279-a794-e018535ae73a
N000932,c1fa6e66-a402-45de-8e13-55ac0f8ba53d
N000933,c1fa6e66-a402-45de-8e13-55ac0f8ba53d
N000934,c1fa6e66-a402-45de-8e13-55ac0f8ba53d
N000935,ec3151ca-263b-4ef0-b388-a80df9d411d1
N000936,db87e325-7f31-42ea-9353-3dfa066c156b
N000937,c9bc7661-9d86-4b52-8414-b65ae4a9846e
N000938,98fe94f6-d5a0-41e9-a8ac-6f340cf46a82
N000939,c28269b7-028c-481d-b1f4-823f3430a2db
N000940,ef284c51-fd75-4899-b6ce-d939720227d1
N000941,ef284c51-fd75-4899-b6ce-d939720227d1
N000942,ef284c51-fd75-4899-b6ce-d939720227d1
N000943,ef284c51-fd75-4899-b6ce-d939720227d1
N000944,ef284c51-fd75-4899-b6ce-d939720227d1
N000945,b9cb3130-9c30-4e88-994d-5e51a8cc1d76
N000946,111ebc86-ca25-4701-998e-dc9b539176a0
N000947,654dbab1-1113-4e9b-8f1e-791ef6f26718
N000948,ac682150-4ba9-4f3a-b727-e9bb3b7e1a3d
N000949,f6bf1987-26ca-44c0-95a7-a89957c05138
N000950,8d528426-dc51-4b9c-996f-e296d4f23e3e
N000951,8d528426-dc51-4b9c-996f-e296d4f23e3e
N000952,58a9a71d-8f5d-4d41-821d-1c3e15889dfc
N000953,6655ebc1-8748-48be-b1f4-54cc0d8e52dc
N000954,7305bef8-1267-4ebb-a020-d5dbbacbb83e
N000955,43b18c75-ef4b-4ce7-bd23-84a44f66688e
N000956,3808bd8a-48fa-451e-a110-775abbd69501
N000957,c67772a3-3997-463d-bea5-b8578a781b59
N000958,9c6f970d-3896-4cf0-bb31-c85f4e73324c
N000959,27a6e69e-640a-4598-858b-ed849739715c
N000960,7d348eda-23b2-49ae-aa3c-9b891ccbc909
N000961,88c36448-3d88-4d46-8d0f-67a42de3581a
N000962,88c36448-3d88-4d46-8d0f-67a42de3581a
N000963,88c36448-3d88-4d46-8d0f-67a42de3581a
N000964,88c36448-3d88-4d46-8d0f-67a42de3581a
N000965,8c19c963-9de4-4d94-a647-17cad0c63987
N000966,be98d0c2-d8ba-494d-8acc-66b7d3f66e47
N000967,9d5e174f-f4cf-4a56-8e48-44026ba420f6
N000968,68436072-2616-47a8-a35d-2108ec0252b8
N000969,ead04fba-5c3e-4fd5-a01b-cd473f05b29e
N000970,ead04fba-5c3e-4fd5-a01b-cd473f05b29e
N000971,f585a61d-9ed4-41c5-a008-8afb175f3029
N000972,ead04fba-5c3e-4fd5-a01b-cd473f05b29e
N000973,7f3edf41-3376-4e1c-8845-7643f34284f0
N000974,5a474617-0997-411c-8819-6ba0c9d82f02
N000975,5a474617-0997-411c-8819-6ba0c9d82f02
N000976,5a474617-0997-411c-8819-6ba0c9d82f02
N000977,088f3e51-ffa4-4418-915d-ebc6719b2253
N000978,f81c624c-215d-45c5-aa07-39aab6ec45b3
N000979,6c85680f-9929-42fd-8b23-06e4826d2bc2
N000980,f81c624c-215d-45c5-aa07-39aab6ec45b3
N000981,6c85680f-9929-42fd-8b23-06e4826d2bc2
N000982,b8c8b00d-489b-4437-be55-3c150b7d0cee
N000983,b8c8b00d-489b-4437-be55-3c150b7d0cee
N000984,6b3ef4f9-b2c1-442c-af66-06c551162646
N000985,6b3ef4f9-b2c1-442c-af66-06c551162646
N000986,53f2badb-64a3-4589-b81c-7aab1df7eb26
N000987,95a0c8b0-a20d-4319-88c6-4e4fee00d6c7
N000988,95a0c8b0-a20d-4319-88c6-4e4fee00d6c7
N000989,424a62e9-ef5c-4fcf-991c-b74c90627d23
N000990,1d5c12a2-373c-43cb-a23b-cbedcdc936df
N000991,ccdae834-5f9b-4b81-b483-0b2f2abacdce
N000992,dbc1320b-e1c7-4df8-86a7-6019d8d2441c
N000993,dbc1320b-e1c7-4df8-86a7-6019d8d2441c
N000994,dbc1320b-e1c7-4df8-86a7-6019d8d2441c
N000995,81574ab9-6902-4936-beb5-d6cd80e92e52
N000996,3a465989-3d80-4b64-8f16-5cd7e1e9d4c0
N000997,361a6636-8794-4b47-b626-e03032d82291
N000998,a990dbea-bfeb-4eeb-927f-1b9e4dd90d77
N000999,e0c52e33-d0b8-40f0-a0b0-fa46d7b09008
N001000,3cf7dd1a-e3fe-41b7-b4ac-fc9f4eec78c2
N001001,5c7271f8-f0e4-4cdb-9146-709365cc2710
N001002,41e4a3e1-a1e8-433f-a185-3e81da2aab52
N001003,ca1ffeaf-bf53-43ab-99b6-f6b0fe0b745d
N001004,dd1c8fa7-4292-40dc-a18c-9a1624a27fee
N001005,dd1c8fa7-4292-40dc-a18c-9a1624a27fee
N001006,ea6f093c-bd87-4685-aa8c-8c17d2451582
N001007,0d1fe2fd-0a3c-4371-a2b8-2fce02f29450
N001008,0d1fe2fd-0a3c-4371-a2b8-2fce02f29450
N001009,0d1fe2fd-0a3c-4371-a2b8-2fce02f29450
N001010,58a9a71d-8f5d-4d41-821d-1c3e15889dfc
N001011,0d1fe2fd-0a3c-4371-a2b8-2fce02f29450
N001012,0d1fe2fd-0a3c-4371-a2b8-2fce02f29450
N001013,db605fc5-1b08-4346-9cdc-632836cde622
N001014,794e055f-7b27-440e-b18f-ac71d9efffec
N001015,0ed7735a-d9dd-4125-8fc5-bc5858922e9b
N001016,9aedee6c-d50f-4a9e-b09b-56ccdbe5143c
N001017,0ed7735a-d9dd-4125-8fc5-bc5858922e9b
N001018,0ed7735a-d9dd-4125-8fc5-bc5858922e9b
N001019,0ed7735a-d9dd-4125-8fc5-bc5858922e9b
N001020,34abde4d-1df7-4044-a89d-70c4c7e686f7
N001021,34abde4d-1df7-4044-a89d-70c4c7e686f7
N001022,9578e462-282f-4b0c-a9e1-b17c001ad5ca
N001023,60a70874-7fa5-427b-8567-f2a9364bd125
N001024,7f3d4ffe-60f9-45f4-9fea-55eb0f78be7a
N001025,735bdc06-5506-4145-85c4-42f4f1e33c78
N001026,d09ec98f-a0be-47eb-85ba-f3327c2cfac9
N001027,7fb4a9e9-511f-4f0d-af83-94d7219b41d2
N001028,7fb4a9e9-511f-4f0d-af83-94d7219b41d2
N001029,3dee0a51-c692-44c1-900a-81ed579047cd
N001030,3dee0a51-c692-44c1-900a-81ed579047cd
N001031,63903648-938c-4351-9f78-00be5f429e4c
N001032,7da12821-ae86-447b-846d-9793472f342e
N001033,b62dd5d0-949e-4be7-a6f6-8e6f122ee06d
N001034,2e45d67a-4576-4d52-8456-13d161a1d432
N001035,0d604989-3066-413e-8646-5512a91cffd1
N001036,837578f7-bd87-4aa8-b85d-4f58ad1c178f
N001037,fb9bbb76-bb39-4972-9dc4-047d989e5328
N001038,88dfc067-8824-4f57-91aa-6ec3524507ee
N001039,28de45cd-0160-4011-8477-f7aba0079c2c
N001040,b9a35ef6-c987-48a7-a0e6-2b39dad03670
N001041,65d260d8-af65-41d2-a0fb-248fb095e658
N001042,65d260d8-af65-41d2-a0fb-248fb095e658
N001043,65d260d8-af65-41d2-a0fb-248fb095e658
N001044,9e81ccf9-2421-4f2c-9fc8-c5e049025f0d
N001045,65d260d8-af65-41d2-a0fb-248fb095e658
N001046,5f242c92-682f-4248-9b99-be1e0533dab0
N001047,ee5597f3-0e9c-4fea-8ab9-7270c6196efc
N001048,be881f52-f634-4cd8-8385-93d771a1717a
N001049,be881f52-f634-4cd8-8385-93d771a1717a
N001050,6c2791bd-7fd6-4a89-8835-951f39921eb8
N001051,6c2791bd-7fd6-4a89-8835-951f39921eb8
N001052,3184def4-d07d-4eb5-9cc0-67eef4cef3fd
N001053,3184def4-d07d-4eb5-9cc0-67eef4cef3fd
N001054,3184def4-d07d-4eb5-9cc0-67eef4cef3fd
N001055,440b1fed-ea19-47f6-9aa1-53a59c876674
N001056,3184def4-d07d-4eb5-9cc0-67eef4cef3fd
N001057,12cbf696-527d-4ae1-abab-b57ffc742620
N001058,ff4b996a-1563-4b9e-a74d-02c824a33067
N001059,6512eaf5-e406-4c7e-96f6-12d69911a587
N001060,6512eaf5-e406-4c7e-96f6-12d69911a587
N001061,6512eaf5-e406-4c7e-96f6-12d69911a587
N001062,6512eaf5-e406-4c7e-96f6-12d69911a587
N001063,6512eaf5-e406-4c7e-96f6-12d69911a587
N001064,6512eaf5-e406-4c7e-96f6-12d69911a587
N001065,a766873e-1a08-4424-8280-061c4df633fb
N001066,bcd7d637-a713-4dc3-84ed-be6ef0a1343a
N001067,a766873e-1a08-4424-8280-061c4df633fb
N001068,20ecfbd4-a2b2-4325-b3f8-b27c6a6c7388
N001069,20ecfbd4-a2b2-4325-b3f8-b27c6a6c7388
N001070,20ecfbd4-a2b2-4325-b3f8-b27c6a6c7388
N001071,20ecfbd4-a2b2-4325-b3f8-b27c6a6c7388
N001072,d12a87a3-3992-41dd-86f3-7dadc115c211
N001073,53e61dc2-a9a2-486c-8ddb-f800db1b6341
N001074,508d4b39-187e-4821-ae71-6ecb18a82dd4
N001075,53e61dc2-a9a2-486c-8ddb-f800db1b6341
N001076,53e61dc2-a9a2-486c-8ddb-f800db1b6341
N001077,53e61dc2-a9a2-486c-8ddb-f800db1b6341
N001078,53e61dc2-a9a2-486c-8ddb-f800db1b6341
N001079,53e61dc2-a9a2-486c-8ddb-f800db1b6341
N001080,53e61dc2-a9a2-486c-8ddb-f800db1b6341
N001081,ac6ee8ff-3b3c-43db-9a09-fc832eadfb66
N001082,5b1914bf-3447-4bee-92e5-8bc879737f95
N001083,5ea82e1a-1870-4eb2-b783-37621bf85cba
N001084,6e2927ac-5299-4107-bc3c-54b7e871b44c
N001085,07b4a308-9420-4392-8e0a-da0caef6ce5f
N001086,6e2927ac-5299-4107-bc3c-54b7e871b44c
N001087,252bce3d-2044-4c74-ae38-09b6229222f1
N001088,a378d49b-ac20-4c52-8580-cab07e6b72c9
N001089,a378d49b-ac20-4c52-8580-cab07e6b72c9
N001090,a378d49b-ac20-4c52-8580-cab07e6b72c9
N001091,a0d3ddc7-f749-47d9-a07b-c615b9fd300c
N001092,a0d3ddc7-f749-47d9-a07b-c615b9fd300c
N001093,992eaaf6-67db-49f9-9010-bea0a5163121
N001094,f24c4c9a-d5d7-4e1c-aa85-6c60b27fba64
N001095,f24c4c9a-d5d7-4e1c-aa85-6c60b27fba64
N001096,62ad7c11-11d3-4d3f-8ee6-20630af27716
N001097,391e5594-0b64-4c18-8c1f-af21d58ec999
N001098,391e5594-0b64-4c18-8c1f-af21d58ec999
N001099,391e5594-0b64-4c18-8c1f-af21d58ec999
N001100,9d54e16e-1f24-4be8-9ada-cec0f4dbd3b3
N001101,9d54e16e-1f24-4be8-9ada-cec0f4dbd3b3
N001102,71349062-2496-4088-995b-e13eb227fb8f
N001103,3dfbb749-0aaf-4f11-9567-83d9dfc39e47
N001104,3dfbb749-0aaf-4f11-9567-83d9dfc39e47
N001105,992eaaf6-67db-49f9-9010-bea0a5163121
N001106,3dfbb749-0aaf-4f11-9567-83d9dfc39e47
N001107,b1e27e9e-0775-4450-b5b9-4f4a5fd99dd3
N001108,061f3886-1fb5-46fd-afd4-249e2d0daf96
N001109,70b319de-f284-4131-bb53-ebbf3e279406
N001110,4e49ad24-7608-4277-9e9f-bda7fd1bdd9b
N001111,4e53f996-4060-4412-b4a4-3d7d41acb6be
N001112,4e49ad24-7608-4277-9e9f-bda7fd1bdd9b
N001113,c5f452e8-2a69-4926-a685-4179b8b3a1b0
N001114,984a234a-5052-481f-bbb6-80cdda6a270b
N001115,37e2f214-a572-4210-a09d-99592e188b41
N001116,50274237-048b-430f-854b-4ce3f87bf32e
N001117,50274237-048b-430f-854b-4ce3f87bf32e
N001118,79a1e6f0-4535-4f7a-9a47-21344b4cb265
N001119,79a1e6f0-4535-4f7a-9a47-21344b4cb265
N001120,79a1e6f0-4535-4f7a-9a47-21344b4cb265
N001121,79a1e6f0-4535-4f7a-9a47-21344b4cb265
N001122,79a1e6f0-4535-4f7a-9a47-21344b4cb265
N001123,8904e4a0-a3e2-4f47-b918-c1e8f6c7a575
N001124,8904e4a0-a3e2-4f47-b918-c1e8f6c7a575
N001125,8904e4a0-a3e2-4f47-b918-c1e8f6c7a575
N001126,c40feca5-1b27-46d1-a237-a73ab8e7b849
N001127,b3267815-741b-4afb-807b-91f3b7cfe98e
N001128,815f5be4-e08a-460a-a147-d07f11ece814
N001129,fb79cb70-709c-4706-bf57-9643c5d9c3d7
N001130,815f5be4-e08a-460a-a147-d07f11ece814
N001131,815f5be4-e08a-460a-a147-d07f11ece814
N001132,f585a61d-9ed4-41c5-a008-8afb175f3029
N001133,815f5be4-e08a-460a-a147-d07f11ece814
N001134,815f5be4-e08a-460a-a147-d07f11ece814
N001135,db6f6503-1980-4540-b484-c4509577b443
N001136,21f0ef6a-0f38-4fc5-9a95-de6837700707
N001137,1b77ffe6-460a-44db-972b-62c8707656f6
N001138,bbdc3618-4380-47f9-a39c-b7f2217b4643
N001139,72b7dec2-bc48-4a5c-bcd0-3ee754100641
N001140,b35b8a42-6197-41ee-b792-4b577b05f822
N001141,b35b8a42-6197-41ee-b792-4b577b05f822
N001142,df712bcf-fed4-4b86-b119-aa3dac2b707a
N001143,b35b8a42-6197-41ee-b792-4b577b05f822
N001144,1c159753-32f6-483d-b798-f85e865891a5
N001145,b8fbcf17-6496-483b-b462-9ae8430c18d9
N001146,83de916b-eb30-43a2-b628-fe695ffa2e00
N001147,767e595f-ea35-41a8-8c88-ef20f1956977
N001148,767e595f-ea35-41a8-8c88-ef20f1956977
N001149,7fe328de-e38d-4fc4-91e5-a33163f35f3f
N001150,c8d29d59-6e3c-4f12-add5-4b78e2474189
N001151,81ca1e6f-7eb0-4d40-8648-c1aeff549c5e
N001152,9a00e2f7-3935-4ba1-8d28-5a2f01233be2
N001153,4df28ded-0051-4b36-9a99-234edfe388a3
N001154,771c3a0d-33ce-45b0-8bc5-41dfb3629ed4
N001155,1ce68fa4-98bd-48d6-8a24-eeae1d38166e
N001156,15d89a70-82b4-4c16-8282-f617a869328b
N001157,1ce68fa4-98bd-48d6-8a24-eeae1d38166e
N001158,1ce68fa4-98bd-48d6-8a24-eeae1d38166e
N001159,1ce68fa4-98bd-48d6-8a24-eeae1d38166e
N001160,1ce68fa4-98bd-48d6-8a24-eeae1d38166e
N001161,1ce68fa4-98bd-48d6-8a24-eeae1d38166e
N001162,a5831436-6e01-49af-9195-0f1e8a7287f0
N001163,e9c90304-e7f3-4564-84e1-fc7176cb5dc1
N001164,e9c90304-e7f3-4564-84e1-fc7176cb5dc1
N001165,e9c90304-e7f3-4564-84e1-fc7176cb5dc1
N001166,304b6dcf-d57f-4557-9402-01199ceaef44
N001167,fdb1ef97-d468-410b-b2b5-c8f1a58a48ba
N001168,fdb1ef97-d468-410b-b2b5-c8f1a58a48ba
N001169,2708e9f5-e88d-4a28-8e20-c88a838218bf
N001170,f26eece7-4d27-4529-aceb-b22f345f9d81
N001171,f26eece7-4d27-4529-aceb-b22f345f9d81
N001172,e4ce322f-792f-4ccb-a6ce-2a0d5ff3d886
N001173,4dfe33a2-3a9a-494c-9635-c94ed21a54c8
N001174,4dfe33a2-3a9a-494c-9635-c94ed21a54c8
N001175,f1af01ec-7b27-4b24-91b8-f12eef870ae4
N001176,04bfd5c0-0ee3-4c92-a2ea-289fff679aae
N001177,928939b0-fee9-44a0-9b23-7b17c2ef69b0
N001178,b849a656-4a37-40dc-ae36-aea49bf2743b
N001179,0d19ae08-0424-4bdb-aa13-561602667b3b
N001180,ed373e17-1faf-447f-a272-9b5a99c0f926
N001181,ed373e17-1faf-447f-a272-9b5a99c0f926
N001182,ed373e17-1faf-447f-a272-9b5a99c0f926
N001183,02028251-8e68-46cf-8279-f93cd762f29f
N001184,02028251-8e68-46cf-8279-f93cd762f29f
N001185,3af1e480-f92d-4d76-ac66-18a14b184d7f
N001186,02028251-8e68-46cf-8279-f93cd762f29f
N001187,ffb9a9da-ed97-465a-8d10-9dc557f6c869
N001188,2da59136-f300-474d-9d73-5f7064becec0
N001189,e40a35a9-db38-441b-acd7-c92e4135c32b
N001190,e40a35a9-db38-441b-acd7-c92e4135c32b
N001191,2e468d93-33b4-4bbd-beee-92795af112c9
N001192,451407b1-8c9c-4782-b838-21759a762d06
N001193,c2807ba3-e516-4970-a188-58c14a95db7b
N001194,465d3601-55d0-499a-9d9d-849e43720afd
N001195,465d3601-55d0-499a-9d9d-849e43720afd
N001196,eee08cb6-7c50-48ab-ae0b-76e6e269abca
N001197,eee08cb6-7c50-48ab-ae0b-76e6e269abca
N001198,03286a29-7034-4ce0-bf6d-bb3e4ac95cca
N001199,b6f5dcfd-7a12-4af1-b618-ef1a26b73b80
N001200,37e2f214-a572-4210-a09d-99592e188b41
N001201,d12a87a3-3992-41dd-86f3-7dadc115c211
N001202,c682271a-63a3-40d8-aae2-62dcaaad9ddf
N001203,8c64ed74-4a89-4394-bff8-6ef9bb0f35a6
N001204,7a26f5d6-7a11-4c5a-ab3b-81ee703ead25
N001205,8f707d78-47ce-48f5-b66d-5b29bfa61b56
N001206,1d488ac8-2433-4077-947c-32871bc926d3
N001207,6d60510b-4730-4a4e-91b9-154b4dc70ae0
N001208,f508fa5d-b9a0-4ba3-8dd2-27b3443e876d
N001209,cd2e015b-bcbe-442b-b375-aebc321ba142
N001210,61654889-b02f-4649-a58f-17ab1a3ab888
N001211,9936a2eb-5f62-42bd-89b9-70756fe2fe03
N001212,9936a2eb-5f62-42bd-89b9-70756fe2fe03
N001213,992eaaf6-67db-49f9-9010-bea0a5163121
N001214,8ede6705-f30d-4d18-82d7-2d4cd216e915
N001215,131aeb3e-2768-4556-88c8-81227ee36208
N001216,fd99ca66-b9fc-4b94-bf55-70187716d5ac
N001217,c3a5ae4c-fcac-4ca5-840c-8a52a84c7cce
N001218,129337f4-5318-4ea1-a8ff-8cf09e2403ad
N001219,c3a5ae4c-fcac-4ca5-840c-8a52a84c7cce
N001220,c3a5ae4c-fcac-4ca5-840c-8a52a84c7cce
N001221,c3669181-469d-4810-84e0-895afc15daea
N001222,fd99ca66-b9fc-4b94-bf55-70187716d5ac
N001223,da2547c1-67e8-4732-b994-cc7905d45bb5
N001224,da2547c1-67e8-4732-b994-cc7905d45bb5
N001225,da2547c1-67e8-4732-b994-cc7905d45bb5
N001226,389ee582-30ff-4964-95c4-dc1da70f3d6a
N001227,63722a70-815b-4855-8c2c-71c0d51d0556
N001228,740d90da-40e3-40d5-b65a-6a3c5f78df5a
N001229,6aa2c29e-9679-40e1-a943-c72369e20aa4
N001230,b33685d9-73d5-4303-9716-b0e0fb394c11
N001231,d4e3d7fd-656b-4dbb-ae68-8e1b52fd0124
N001232,f387aaf8-2830-4bd2-9a31-1ccae7803c5c
N001233,c3a8926d-205f-4002-9406-c7f0e3a9f759
N001234,f97bb8c3-4a3f-4a5d-94e9-5d9b98a211c2
N001235,f97bb8c3-4a3f-4a5d-94e9-5d9b98a211c2
N001236,d3902c2d-2440-44c3-87d5-97883bae33d2
N001237,296f8437-f4dd-48ab-a984-bf4ebac28398
N001238,5630bfb4-0e8d-4a36-bb74-e733de5e15cb
N001239,a70964f6-01e6-4584-a34a-feeb5a702dc1
N001240,ee5597f3-0e9c-4fea-8ab9-7270c6196efc
N001241,9be416ff-87db-4549-b9e3-40a0d47f2b4b
N001242,31e9e135-3fb1-412d-b580-98dc64b16924
N001243,31e9e135-3fb1-412d-b580-98dc64b16924
N001244,49de169b-b742-44c4-9b3e-e3d3c3704bad
N001245,6007a4bd-ab3f-4fc7-807c-e83c37c94b78
N001246,18974763-1f9b-4d43-bb1a-85c9667c90f4
N001247,18974763-1f9b-4d43-bb1a-85c9667c90f4
N001248,18974763-1f9b-4d43-bb1a-85c9667c90f4
N001249,f36afa79-14fe-4c0c-a7da-f6607e508cfe
N001250,be4d5b6c-f3c9-4dee-897e-7abad71f371e
N001251,be4d5b6c-f3c9-4dee-897e-7abad71f371e
N001252,17f5947a-9fcf-4c54-bd4e-cd95a51e7c33
N001253,db899f86-0ba6-4110-90a6-31f33b0a8b3f
N001254,964f1b62-6d85-4984-b451-6d5a42bfea21
N001255,c2f9e72d-9f76-448a-886c-b23397177cae
N001256,d98f5b46-e013-4b10-a20e-f5fe72d31e2a
N001257,0238d26a-7004-4bf0-b5dc-537276fc1ae9
N001258,4c00bf84-44b2-4bbd-9070-82303375d2ab
N001259,4c00bf84-44b2-4bbd-9070-82303375d2ab
N001260,4c00bf84-44b2-4bbd-9070-82303375d2ab
N001261,4c00bf84-44b2-4bbd-9070-82303375d2ab
N001262,4c00bf84-44b2-4bbd-9070-82303375d2ab
N001263,3f3a7677-ab97-44f8-8647-93e1c1800a21
N001264,ba3e811e-eef4-4e00-9e77-0538a3d4be19
N001265,61aa653f-4137-4830-b3ba-ea0751877812
N001266,61aa653f-4137-4830-b3ba-ea0751877812
N001267,61aa653f-4137-4830-b3ba-ea0751877812
N001268,4db4f874-1fb9-4373-93fb-d56ef5c6b8b1
N001269,61aa653f-4137-4830-b3ba-ea0751877812
N001270,61aa653f-4137-4830-b3ba-ea0751877812
N001271,3d6ac272-b8bb-4f56-b94e-8fd138fc014f
N001272,1111988b-a1ac-4043-9f97-bd4333091af1
N001273,3d6ac272-b8bb-4f56-b94e-8fd138fc014f
N001274,3d6ac272-b8bb-4f56-b94e-8fd138fc014f
N001275,1111988b-a1ac-4043-9f97-bd4333091af1
N001276,3d6ac272-b8bb-4f56-b94e-8fd138fc014f
N001277,3d6ac272-b8bb-4f56-b94e-8fd138fc014f
N001278,10afd4e0-e675-403f-bb5c-2efbe28d9140
N001279,a369f00e-aa8a-4035-845a-9ba364c2fd17
N001280,a369f00e-aa8a-4035-845a-9ba364c2fd17
N001281,80960397-89f7-4f7a-b3ae-29c9d57c0470
N001282,1e50df8b-7c8f-4b37-a27b-52bebfcbfaf6
N001283,44e3c542-b935-4c95-ab3e-1357d57a70ad
N001284,44e3c542-b935-4c95-ab3e-1357d57a70ad
N001285,44e3c542-b935-4c95-ab3e-1357d57a70ad
N001286,03f7d90e-39d9-4e72-bdf9-dcf9c32b2859
N001287,46853680-4fd3-4db7-aba2-0b20a2479c1c
N001288,a15b0f0a-16eb-453b-b9cb-51242ae196b6
N001289,5630bfb4-0e8d-4a36-bb74-e733de5e15cb
N001290,8e67c2db-f5f1-43c3-960a-ccb0d739d9b8
N001291,8e67c2db-f5f1-43c3-960a-ccb0d739d9b8
N001292,d2b9d12e-e349-4802-b5bc-49a484f3682f
N001293,b0913c0c-0386-4a25-9420-7a3764817a2f
N001294,71f121cd-1ffd-44e6-a1bf-fbb15272c56c
N001295,38f15624-e19a-4fae-9b27-ca7bdab2586b
N001296,38f15624-e19a-4fae-9b27-ca7bdab2586b
N001297,d81f8f8d-1dc4-4446-884e-32d60a89f3d6
N001298,af2db3ff-8199-4d97-90db-94a14b290d8f
N001299,ecc5df75-26a4-411d-a6dd-618d24f34ee1
N001300,a0f0333a-f354-497a-b5c8-7c8209f707e4
N001301,a0f0333a-f354-497a-b5c8-7c8209f707e4
N001302,5630bfb4-0e8d-4a36-bb74-e733de5e15cb
N001303,409f78f5-741c-491d-8c0c-f1db2c1bff7a
N001304,409f78f5-741c-491d-8c0c-f1db2c1bff7a
N001305,409f78f5-741c-491d-8c0c-f1db2c1bff7a
N001306,409f78f5-741c-491d-8c0c-f1db2c1bff7a
N001307,409f78f5-741c-491d-8c0c-f1db2c1bff7a
N001308,fe7d0060-649f-4288-bbb2-7cda93eac0e9
N001309,0a9a00c3-69ea-40f9-9bbd-41c8479c9c66
N001310,be8f3fda-d635-4b71-9ba5-e33dc973837c
N001311,00eaff55-5e01-4690-9b38-1394b5913a88
N001312,00eaff55-5e01-4690-9b38-1394b5913a88
N001313,f30c7824-7ee7-4552-a5b1-26dffb6b9e71
N001314,03c0ffd1-6e71-4160-ad50-5b6365b7530e
N001315,6191d14a-ad7a-4a0f-8e0a-f4ffddfeebd1
N001316,ef1b5690-b807-4da9-bebb-83e723fadc95
N001317,bb8b1d18-0e45-4250-9b11-f0f3abdf41fb
N001318,bb8b1d18-0e45-4250-9b11-f0f3abdf41fb
N001319,0f6124b2-f7a0-4785-b79e-7a20e6bc18fb
N001320,6734ad40-7624-4efd-8d35-811c39fc7917
N001321,0f0841e9-6a8b-4dcd-8ae7-00774a0ca087
N001322,6734ad40-7624-4efd-8d35-811c39fc7917
N001323,58e30107-013f-412b-9361-de7040b790e7
N001324,5bcb2241-f268-4a69-98b2-140f9cb21df9
N001325,5bcb2241-f268-4a69-98b2-140f9cb21df9
N001326,35cddc2d-34ba-4315-a26e-bd46547f95ff
N001327,9e3b67fe-a5f9-4f9b-b9d5-3bf1c7a23055
N001328,9e3b67fe-a5f9-4f9b-b9d5-3bf1c7a23055
N001329,5a3cb9bc-494b-4192-bded-07e6b28d9c83
N001330,4c480332-0ccb-46ce-8372-0e2090c937f8
N001331,bee4f332-c6b4-4761-bf24-f4f7960dc48a
N001332,bee4f332-c6b4-4761-bf24-f4f7960dc48a
N001333,7231833b-5a9d-40ee-8791-03e92d088b12
N001334,a7b445a2-b0a5-46e8-bd48-aba24919b3f2
N001335,7231833b-5a9d-40ee-8791-03e92d088b12
N001336,a7b445a2-b0a5-46e8-bd48-aba24919b3f2
N001337,e52eabc0-0109-4047-a79e-95edea4e89e0
N001338,edcc568b-49d0-407b-aebc-aae36a2b8d83
N001339,4bf90e84-cbeb-4f8f-86bf-7a411db718b4
N001340,edcc568b-49d0-407b-aebc-aae36a2b8d83
N001341,1cf31e94-10a0-4fa4-9640-343eb2dbe9d4
N001342,1cf31e94-10a0-4fa4-9640-343eb2dbe9d4
N001343,a7ab98f1-d868-49a8-9d8b-78a8f66049af
N001344,1cf31e94-10a0-4fa4-9640-343eb2dbe9d4
N001345,22d2825e-5596-46b4-a936-58b6c41dfe66
N001346,9b98dc60-8cf5-4d8c-bd3b-025165865c1c
N001347,9b98dc60-8cf5-4d8c-bd3b-025165865c1c
N001348,efa47575-37c3-49d8-b8d7-6df6cad7f3fa
N001349,6701a1d2-18ee-4450-90cb-d04b5a31ae8a
N001350,b1e27e9e-0775-4450-b5b9-4f4a5fd99dd3
N001351,98c6bd2b-63ba-42d9-8347-73a1dfdbaa6a
N001352,0378fc30-0415-47c1-ad41-c59e97a49350
N001353,fc453a0f-2ffa-42c2-a784-9d43373f3abf
N001354,db9833c1-6275-497d-97ff-b6e25487d293
N001355,17ab20a0-224c-4223-949e-5109fda4a3cc
N001356,1b40ebb3-c819-4b1d-8f10-0af06b48d48f
N001357,1b40ebb3-c819-4b1d-8f10-0af06b48d48f
N001358,1b40ebb3-c819-4b1d-8f10-0af06b48d48f
N001359,75aca329-428f-4dcd-99fa-f59f00976c4f
N001360,75aca329-428f-4dcd-99fa-f59f00976c4f
N001361,75aca329-428f-4dcd-99fa-f59f00976c4f
N001362,8d74af61-5a85-4ce5-92c2-3fa379a1f458
N001363,be98d0c2-d8ba-494d-8acc-66b7d3f66e47
N001364,bc6c76f9-bdb3-4537-adba-3073211fbbe2
N001365,bc6c76f9-bdb3-4537-adba-3073211fbbe2
N001366,bc6c76f9-bdb3-4537-adba-3073211fbbe2
N001367,bc6c76f9-bdb3-4537-adba-3073211fbbe2
N001368,5587a721-c012-4c70-88a7-d497435e027e
N001369,5587a721-c012-4c70-88a7-d497435e027e
N001370,5587a721-c012-4c70-88a7-d497435e027e
N001371,6e4bb3aa-dc2d-401b-9eea-0c20da5b12d7
N001372,9b8e12ec-6303-4159-bf55-e77757aad4b1
N001373,4fedec68-f2f4-4739-b1b9-b7b0184aa073
N001374,999c32da-50e2-4153-ad54-96246bb28989
N001375,b1e27e9e-0775-4450-b5b9-4f4a5fd99dd3
N001376,66798b2a-06c3-4a3a-8334-002defc6315f
N001377,6c25a98b-9101-4409-a086-582c20c1e54c
N001378,ac70713e-c0da-41e0-b044-329805db2a22
N001379,67e295e0-8965-42dd-a209-0f7117e0fd85
N001380,67e295e0-8965-42dd-a209-0f7117e0fd85
N001381,f6490dea-359b-44a2-9e88-5f332882a474
N001382,f6490dea-359b-44a2-9e88-5f332882a474
N001383,f6490dea-359b-44a2-9e88-5f332882a474
N001384,8fe5490d-101f-4c33-8dbb-dbe5e8b1e074
N001385,f6490dea-359b-44a2-9e88-5f332882a474
N001386,f6490dea-359b-44a2-9e88-5f332882a474
N001387,93b01edb-126d-46e2-a88c-52e11fd06d9d
N001388,1d44771c-3917-486f-8088-f7444ce84833
N001389,7fdededc-f4aa-42be-921d-e9c44c2efc36
N001390,e9959d3f-1619-4b14-a305-cb4eed957e12
N001391,f0e1270d-adc4-4505-ac6b-131b6b1bd1e2
N001392,4603624a-1d57-42f3-9971-c55104ae131d
N001393,e9959d3f-1619-4b14-a305-cb4eed957e12
N001394,7fdededc-f4aa-42be-921d-e9c44c2efc36
N001395,1b6c81b2-fc82-4361-9826-b802838e69f0
N001396,af3c40e2-be86-4297-a18d-20133347fc57
N001397,42bf7016-35e1-4405-99df-0424e155f4f6
N001398,4c24a8f1-40cc-4771-a8dc-560b4370d0fa
N001399,42bf7016-35e1-4405-99df-0424e155f4f6
N001400,42bf7016-35e1-4405-99df-0424e155f4f6
N001401,2398616f-0fca-4b34-a359-92aefe10ed4e
N001402,39cef0bc-29c4-40e9-b0e2-bcf0d8145da9
N001403,be98d0c2-d8ba-494d-8acc-66b7d3f66e47
N001404,fccd8595-cfbb-430c-9ecd-a69719e3549b
N001405,fccd8595-cfbb-430c-9ecd-a69719e3549b
N001406,214b2682-45dd-4774-b4d2-39e3b7d083da
N001407,5630bfb4-0e8d-4a36-bb74-e733de5e15cb
N001408,e1aa78bf-dce3-4ac0-a74f-4a4447342155
N001409,e1aa78bf-dce3-4ac0-a74f-4a4447342155
N001410,79bd72b6-1806-456d-ba31-5ea581c9816e
N001411,9c44f92e-13cf-4607-b32c-594cc93b7952
N001412,fd5fd99f-f038-4efe-9902-4afca6b46575
N001413,fd5fd99f-f038-4efe-9902-4afca6b46575
N001414,fd5fd99f-f038-4efe-9902-4afca6b46575
N001415,fd5fd99f-f038-4efe-9902-4afca6b46575
N001416,da291301-50ad-4d92-8276-8c5bedf631a5
N001417,ac6ca073-fa1c-46fa-a5df-1e2ed0a836b0
N001418,da291301-50ad-4d92-8276-8c5bedf631a5
N001419,6fdab734-7bcd-4184-868e-c65120285f88
N001420,5eaa1965-2e8a-4069-8d9b-0653937c4a46
N001421,d12a87a3-3992-41dd-86f3-7dadc115c211
N001422,3ee13d3d-8a93-46c2-9c66-d2aa1860a341
N001423,24076f55-66b7-4e88-87a2-401683e40677
N001424,24076f55-66b7-4e88-87a2-401683e40677
N001425,24076f55-66b7-4e88-87a2-401683e40677
N001426,435591be-ac1a-4722-9af3-6a9fbee38da6
N001427,a7c1b410-d03b-42d8-804e-8efdc83d860f
N001428,90a8d527-3744-456f-8f09-11767f7fa255
N001429,df636d07-3f2a-4522-932c-3a4f949769ae
N001430,5fe1c9bc-1e20-412c-bbad-2cdbab526a34
N001431,8a1e3ea6-6e71-47da-8d86-4d376cb30109
N001432,66945a0b-7aaa-473b-9846-b9264d870669
N001433,66945a0b-7aaa-473b-9846-b9264d870669
N001434,66945a0b-7aaa-473b-9846-b9264d870669
N001435,66945a0b-7aaa-473b-9846-b9264d870669
N001436,66cbeb73-b5d4-4cd5-aa1b-172eb011da21
N001437,dcdcdeb0-8626-4b06-b82e-09e3ad6e6d5d
N001438,cd1fd5d8-8064-42ed-9e84-65bd952476e1
N001439,7bc5b168-1802-412d-aa28-d277f8491c24
N001440,dc9d9d6b-6e58-43a1-ae68-8939845aacc2
N001441,dc9d9d6b-6e58-43a1-ae68-8939845aacc2
N001442,dc9d9d6b-6e58-43a1-ae68-8939845aacc2
N001443,dc9d9d6b-6e58-43a1-ae68-8939845aacc2
N001444,596dae7a-245e-4c6b-a3aa-9a71f79b218b
N001445,21ccfadf-4403-4dbf-9d0d-f756aea882f1
N001446,21ccfadf-4403-4dbf-9d0d-f756aea882f1
N001447,21ccfadf-4403-4dbf-9d0d-f756aea882f1
N001448,bfc0b639-2a23-40e7-9c0b-9546e3fdfcc4
N001449,bfc0b639-2a23-40e7-9c0b-9546e3fdfcc4
N001450,23b1cae8-4647-40e9-a7b5-426a9355f01c
N001451,22fa563b-6653-4608-9da5-c733349eb5b6
N001452,b332decf-4fae-44b3-8ea5-bf0efd6e5622
N001453,6392772e-4bea-45f5-871e-a8faf40d8c35
N001454,b932a3c7-b7e8-4c86-90da-6d35b1807439
N001455,436aae87-f338-41f5-bc2a-762e8cb47ad5
N001456,bb140f68-6770-4304-a85a-29300b172732
N001457,3e7767cc-b666-451f-8d16-de2b901b97a0
N001458,4b9fe6b0-c157-47e1-8986-d14da8215912
N001459,a95715af-5b76-4bb7-929c-ae22fea540f2
N001460,495e41cd-c9ce-46b1-9343-5b875d57a6b7
N001461,87a44eb6-a254-4cb1-b18a-847d8bd67c73
N001462,87a44eb6-a254-4cb1-b18a-847d8bd67c73
N001463,87a44eb6-a254-4cb1-b18a-847d8bd67c73
N001464,85850ca1-8f74-45b1-9dd7-40695cd3b2fc
N001465,85850ca1-8f74-45b1-9dd7-40695cd3b2fc
N001466,c09013c7-36cb-46eb-ae13-fb4f3e0ef9ae
N001467,c09013c7-36cb-46eb-ae13-fb4f3e0ef9ae
N001468,7d024c74-5af1-40f4-8ac4-e807616fee3f
N001469,7d024c74-5af1-40f4-8ac4-e807616fee3f
N001470,14fcb0b5-9297-4b63-93f7-862a9884b29a
N001471,43ee8d9f-51fa-4614-b81e-4d6cb73f97d1
N001472,43ee8d9f-51fa-4614-b81e-4d6cb73f97d1
N001473,64cdd32e-d939-476d-b0b8-39a0a84812e1
N001474,3675be47-8cfa-452b-859e-94c1edf5b550
N001475,cd1a12bc-b8b0-47c6-ac56-55dcd9e54b74
N001476,8242d2e4-d10e-494a-aa32-850931e6bc85
N001477,8daa6855-522a-4e1b-b984-3423ff7a0703
N001478,2e825e91-368b-4134-ae77-9d46421497dc
N001479,6aea384e-7bb1-48d2-a6df-af49ce77b5ea
N001480,5099613e-b100-49a7-ba8a-e2a620f06f57
N001481,539caa21-b6fc-4c69-b0eb-285a35fe20e1
N001482,1979ee5f-f07d-41ad-a03a-36441cd3437f
N001483,1979ee5f-f07d-41ad-a03a-36441cd3437f
N001484,84f1a37d-79e5-44f3-a301-6951924caa04
N001485,ca912f93-3b5a-4504-907e-0f64790dd30a
N001486,ca912f93-3b5a-4504-907e-0f64790dd30a
N001487,ca912f93-3b5a-4504-907e-0f64790dd30a
N001488,ca912f93-3b5a-4504-907e-0f64790dd30a
N001489,04c87ec3-89d7-4639-bda8-565d9f7603e7
N001490,04c87ec3-89d7-4639-bda8-565d9f7603e7
N001491,04c87ec3-89d7-4639-bda8-565d9f7603e7
N001492,6b9130a8-901d-4109-bcce-c95219a93a3d
N001493,6b9130a8-901d-4109-bcce-c95219a93a3d
N001494,ff96a368-5ca0-4f86-92ec-8e4684c01d7d
N001495,f3be93ef-7790-4810-a6c1-933686885172
N001496,1d8db86c-5031-43cb-88ed-d460e15ba16e
N001497,4e688709-b457-4450-893a-b0369f0d94c2
N001498,6701a1d2-18ee-4450-90cb-d04b5a31ae8a
N001499,4e688709-b457-4450-893a-b0369f0d94c2
N001500,d678e3f1-4485-4b96-bc37-15153b194d68
N001501,d678e3f1-4485-4b96-bc37-15153b194d68
N001502,d678e3f1-4485-4b96-bc37-15153b194d68
N001503,d678e3f1-4485-4b96-bc37-15153b194d68
N001504,d678e3f1-4485-4b96-bc37-15153b194d68
N001505,d678e3f1-4485-4b96-bc37-15153b194d68
N001506,ce510449-46d1-4843-bcb1-c9ee59ef5008
N001507,d678e3f1-4485-4b96-bc37-15153b194d68
N001508,25ca54d4-a1c9-4f48-b020-355b8a53e085
N001509,99d7bab6-c245-42d9-9d24-e43dc1b21909
N001510,99d7bab6-c245-42d9-9d24-e43dc1b21909
N001511,99d7bab6-c245-42d9-9d24-e43dc1b21909
N001512,99d7bab6-c245-42d9-9d24-e43dc1b21909
N001513,4dcdee90-7f71-4153-8774-c47e752fe20c
N001514,9bf81e43-de0f-4ea0-9b2b-790aedef2489
N001515,202ea1f4-36ea-4616-aa4c-22c3b94a8e6a
N001516,9ae67377-c7dc-47c3-add4-f7dd29deef6a
N001517,0fb9c688-d8f1-496a-965f-f8d2aa0ae1d3
N001518,9ae67377-c7dc-47c3-add4-f7dd29deef6a
N001519,05f2a3b4-0920-414d-8552-d9232b3f85d6
N001520,05f2a3b4-0920-414d-8552-d9232b3f85d6
N001521,d12a87a3-3992-41dd-86f3-7dadc115c211
N001522,d00a30c7-64e8-4e6f-b83b-108cbb0788e2
N001523,b7ec761f-e0b0-4290-8184-b776008e20b6
N001524,b7ec761f-e0b0-4290-8184-b776008e20b6
N001525,5d4fe62c-f228-4da9-a53e-5baf52e4bb02
N001526,4ed9a24f-15eb-43d6-8c37-c37ba69f22e5
N001527,483ac20c-8254-476b-bb66-e129531fce1d
N001528,f585a61d-9ed4-41c5-a008-8afb175f3029
N001529,4a560faf-68f1-4cb6-944d-fc017abff177
N001530,4a560faf-68f1-4cb6-944d-fc017abff177
N001531,4a560faf-68f1-4cb6-944d-fc017abff177
N001532,4a560faf-68f1-4cb6-944d-fc017abff177
N001533,ffe64765-839b-4b20-a077-33d53ee6a0b1
N001534,ffe64765-839b-4b20-a077-33d53ee6a0b1
N001535,ffe64765-839b-4b20-a077-33d53ee6a0b1
N001536,ffe64765-839b-4b20-a077-33d53ee6a0b1
N001537,7a23ec8b-fac6-4648-89e5-46290b44d1ee
N001538,ec9e6ba7-4032-4a75-96a1-fd62c3d56046
N001539,ff4897a2-ffd2-4c2f-98b9-812cd3d59cb1
N001540,0fb9c688-d8f1-496a-965f-f8d2aa0ae1d3
N001541,b86b6aef-11bc-4089-8dca-997d30e5e9d1
N001542,b86b6aef-11bc-4089-8dca-997d30e5e9d1
N001543,82c0f5c3-babc-4e33-a091-28fa6357c3ec
N001544,93ddaf37-eec1-4cad-a73f-6ff940e9eede
N001545,5dae4cfe-8d3e-4eff-bbf5-7a201b1ab97d
N001546,5dae4cfe-8d3e-4eff-bbf5-7a201b1ab97d
N001547,5dae4cfe-8d3e-4eff-bbf5-7a201b1ab97d
N001548,5dae4cfe-8d3e-4eff-bbf5-7a201b1ab97d
N001549,360dd7fe-69c6-4771-9cd6-57ded90210df
N001550,d14c0013-014e-4175-a8a8-1a8d974b1d3c
N001551,3b267cc0-b63a-47e6-8159-ce21b862d066
N001552,91bef248-9179-45e4-a52b-f00ac5a33b74
N001553,6f46d94b-45dd-4a09-a0ac-772a64b1371a
N001554,5630bfb4-0e8d-4a36-bb74-e733de5e15cb
N001555,9e9bc834-f475-482e-8b2e-287ac1a48f33
N001556,9e9bc834-f475-482e-8b2e-287ac1a48f33
N001557,9e9bc834-f475-482e-8b2e-287ac1a48f33
N001558,99bd4d6b-59da-4924-aefe-998112489a2b
N001559,99bd4d6b-59da-4924-aefe-998112489a2b
N001560,9f7cd9aa-8e1e-4fa4-b67d-ef866a35c854
N001561,d5596554-f103-4815-ab11-2dc939ef5b97
N001562,57c8df71-e841-4009-bab5-3364e916d9c4
N001563,768c0a6c-0f86-4cc3-8061-6f4b435655e9
N001564,5630bfb4-0e8d-4a36-bb74-e733de5e15cb
N001565,0fc76c9a-262d-4d62-b6f2-7270e8bc6797
N001566,0fc76c9a-262d-4d62-b6f2-7270e8bc6797
N001567,7b76d5d1-360a-464e-97d8-380cf390ac73
N001568,cb13021f-6086-4fda-b7ab-e3984e6ae50c
N001569,3a97e3d7-2daa-4696-b7e8-f54d6f03aed9
N001570,3a97e3d7-2daa-4696-b7e8-f54d6f03aed9
N001571,3a97e3d7-2daa-4696-b7e8-f54d6f03aed9
N001572,3a97e3d7-2daa-4696-b7e8-f54d6f03aed9
N001573,e82cfafd-aafa-4fb9-b666-6d40c2b8f62f
N001574,e82cfafd-aafa-4fb9-b666-6d40c2b8f62f
N001575,31b30e52-37e8-4968-9326-2c2e8bb720fd
N001576,e94e1bd1-d84d-4e2f-95e8-487812890653
N001577,e94e1bd1-d84d-4e2f-95e8-487812890653
N001578,96f042ee-54f4-482f-8744-f557bb928ab7
N001579,96f042ee-54f4-482f-8744-f557bb928ab7
N001580,96f042ee-54f4-482f-8744-f557bb928ab7
N001581,96f042ee-54f4-482f-8744-f557bb928ab7
N001582,7e07c791-d05d-4c0e-bc45-7607771d29cb
N001583,61499599-c134-4c54-9a15-dd6039b693fe
N001584,61499599-c134-4c54-9a15-dd6039b693fe
N001585,3c78a86c-8f98-41c0-93c7-1e02d5ae128b
N001586,149ab3e1-e6a4-4d36-b462-29b60e9d1fbf
N001587,ed23a385-ef4c-43b4-a5d5-d0cc190cf3db
N001588,ed23a385-ef4c-43b4-a5d5-d0cc190cf3db
N001589,99ba05b7-cfcb-4ec6-840e-c41c5e669d5b
N001590,d12a87a3-3992-41dd-86f3-7dadc115c211
N001591,da1e2378-6ba2-4977-8598-15d1b9b4274c
N001592,da1e2378-6ba2-4977-8598-15d1b9b4274c
N001593,d12a87a3-3992-41dd-86f3-7dadc115c211
N001594,99fa1c3e-a31a-4bf0-8a10-34eb5346d1b7
N001595,99fa1c3e-a31a-4bf0-8a10-34eb5346d1b7
N001596,99fa1c3e-a31a-4bf0-8a10-34eb5346d1b7
N001597,f585a61d-9ed4-41c5-a008-8afb175f3029
N001598,99fa1c3e-a31a-4bf0-8a10-34eb5346d1b7
N001599,99fa1c3e-a31a-4bf0-8a10-34eb5346d1b7
N001600,99fa1c3e-a31a-4bf0-8a10-34eb5346d1b7
N001601,7d1b16f0-c594-4cd0-a2ef-ed2bcbf92160
N001602,3ce41438-16bc-4263-b2e0-4360aec32b54
N001603,ca7a6957-8d17-49f8-a7d4-1c77cc520a87
N001604,1813932f-c577-4039-8955-31b31b70957c
N001605,d12a87a3-3992-41dd-86f3-7dadc115c211
N001606,d12a87a3-3992-41dd-86f3-7dadc115c211
N001607,0c3c6489-c5de-454e-a267-f37a84ef7e45
N001608,c7416be7-cb30-468f-8c34-dafb49026a2f
N001609,fb4da055-5a3f-4738-b552-c94b00f0c13c
N001610,fb4da055-5a3f-4738-b552-c94b00f0c13c
N001611,601c085d-c228-4e93-919b-b56d610232ff
N001612,601c085d-c228-4e93-919b-b56d610232ff
N001613,a60ee9be-b67c-434a-ad66-7e08182469d3
N001614,601c085d-c228-4e93-919b-b56d610232ff
N001615,f9346a9a-bc83-4de8-ae02-4a4cdee87a2d
N001616,31ebc5da-a643-40e7-88f4-a08104327a94
N001617,b8697b9b-208a-4963-bd00-47b1ccc92cf7
N001618,46e8c082-6826-4104-b467-14bd6502337a
N001619,f504f3b4-3fff-4684-a1a2-f9be08d53bff
N001620,f504f3b4-3fff-4684-a1a2-f9be08d53bff
N001621,f504f3b4-3fff-4684-a1a2-f9be08d53bff
N001622,f504f3b4-3fff-4684-a1a2-f9be08d53bff
N001623,58a9a71d-8f5d-4d41-821d-1c3e15889dfc
N001624,ecf365a1-24b4-4aa4-b260-eda2e13e8a7f
N001625,ecf365a1-24b4-4aa4-b260-eda2e13e8a7f
N001626,9795b971-2710-42bb-82f0-76f2ee019c20
N001627,89a23fa9-59bb-4e9b-9118-cb8b3d03bb47
N001628,525540c0-a297-4524-937a-2507893cedf3
N001629,525540c0-a297-4524-937a-2507893cedf3
N001630,43f31fa5-e34e-4889-8111-4056f85e78ca
N001631,3fda4761-7c58-41b5-a0eb-44625813e476
N001632,18927c26-4c74-4663-9208-205598d1a3ec
N001633,18927c26-4c74-4663-9208-205598d1a3ec
N001634,5208d93b-93e8-4d0a-abdb-376a3ac19af5
N001635,bc9046bf-0162-4b8e-b58d-a2654aa9a1c2
N001636,9ffc1b66-f99c-4bad-8cf3-b5b6f427abf2
N001637,512841ac-f1a2-4145-9cf0-bee535de0875
N001638,3dc61abd-23b4-4aa1-be77-435e0ef61253
N001639,3dc61abd-23b4-4aa1-be77-435e0ef61253
N001640,3dc61abd-23b4-4aa1-be77-435e0ef61253
N001641,831e25ea-f42f-4ff1-8668-909c6a104815
N001642,c6cc4efd-6d87-4cca-80b8-1322a7294f41
N001643,c6cc4efd-6d87-4cca-80b8-1322a7294f41
N001644,eee08cb6-7c50-48ab-ae0b-76e6e269abca
N001645,eee08cb6-7c50-48ab-ae0b-76e6e269abca
N001646,eee08cb6-7c50-48ab-ae0b-76e6e269abca
N001647,eee08cb6-7c50-48ab-ae0b-76e6e269abca
N001648,b076fd06-4b50-4fd6-8ccb-1c7c92d76bc1
N001649,7b44253c-5a38-4465-aba2-1959a316d801
N001650,d372a687-0ff2-4f63-97ce-f430873e4233
N001651,73984ee4-e572-4adb-9bd7-fe48866c7eee
N001652,d372a687-0ff2-4f63-97ce-f430873e4233
N001653,8872a99e-77c1-4ead-a6b4-6191ec48fa3a
N001654,1d1f9539-89e4-4941-9da9-1231fbfc8f09
N001655,12abcb2d-7a66-42fc-819b-8141f70a3908
N001656,277d1d1e-c1d7-40ad-918c-3010748729e9
N001657,12abcb2d-7a66-42fc-819b-8141f70a3908
N001658,12abcb2d-7a66-42fc-819b-8141f70a3908
N001659,12abcb2d-7a66-42fc-819b-8141f70a3908
N001660,c05bfbb4-c067-4048-9109-1b831366aaf1
N001661,c05bfbb4-c067-4048-9109-1b831366aaf1
N001662,c05bfbb4-c067-4048-9109-1b831366aaf1
N001663,c05bfbb4-c067-4048-9109-1b831366aaf1
N001664,c05bfbb4-c067-4048-9109-1b831366aaf1
N001665,9adeb61e-de28-4376-a918-ce6dc22aa0e1
N001666,c05bfbb4-c067-4048-9109-1b831366aaf1
N001667,8ec48f75-3521-4f09-aeb5-0cf0db47cba7
N001668,d12a87a3-3992-41dd-86f3-7dadc115c211
N001669,8ec48f75-3521-4f09-aeb5-0cf0db47cba7
N001670,62f0bfdf-5b9f-4d10-8333-490aa23aab88
N001671,76217c75-aec8-4234-a03a-994f830843ba
N001672,e0d2b98d-7914-4e20-b4df-80c46486900b
N001673,f7f9193c-80bc-47cb-bbee-3cee3bb30847
N001674,719194e7-d68c-4568-882a-4f55c6d4c506
N001675,719194e7-d68c-4568-882a-4f55c6d4c506
N001676,e0d0ef4c-e1e2-492b-be0d-9daeed353821
N001677,cb0dfa85-89d8-4f44-a510-7cbb675f60a8
N001678,54c0e721-8a5a-4b19-b120-505b4ac50eb3
N001679,992eaaf6-67db-49f9-9010-bea0a5163121
N001680,76b42b5c-de11-4e51-a253-4dd493abfe76
N001681,1ba0470c-34c4-47e3-b208-a600ce755529
N001682,eb9485b9-f4b7-484a-ab43-5355eec89530
N001683,0dd37f1f-4a83-464b-8213-a769b6d520aa
N001684,327c5b11-d640-49f7-84f7-3db5d07ec45c
N001685,af7e31ae-70cc-461a-8966-611c5c7fd0c9
N001686,3adc0e56-a46d-4c00-b07f-2c3aa13684f7
N001687,3adc0e56-a46d-4c00-b07f-2c3aa13684f7
N001688,cd49de2e-37c5-4e70-b2cc-32715cb86782
N001689,8ef82f1a-98e9-406c-9d49-971694614fe6
N001690,3fa59c3f-83ae-4b18-81f4-debac1701c25
N001691,1478459f-90b3-47ec-ae3c-e74675caa5e3
N001692,9f352711-6ea5-441d-a1cd-2a86e7147f14
N001693,9f352711-6ea5-441d-a1cd-2a86e7147f14
N001694,fa4639c5-a4b0-4fba-aad6-0b5209398745
N001695,997a85b2-b5b6-435a-a6fa-dc9a1d9376f2
N001696,997a85b2-b5b6-435a-a6fa-dc9a1d9376f2
N001697,a6ec3db3-ab9d-4bcf-9bba-ffd9ccbc6335
N001698,a6ec3db3-ab9d-4bcf-9bba-ffd9ccbc6335
N001699,997a85b2-b5b6-435a-a6fa-dc9a1d9376f2
N001700,997a85b2-b5b6-435a-a6fa-dc9a1d9376f2
N001701,ca89052f-66d9-45d7-b06d-82b42bb2bfbc
N001702,7e8c5903-5cf0-4ad5-9a46-c180bbfd9824
N001703,00c7ef12-8ba7-4767-b673-b5a7207d7443
N001704,1f7e2483-cc4d-464c-bc1c-41df2b98b573
N001705,8f8b4b2e-105a-4719-b8fa-7e39dca6b9dc
N001706,03544a13-9dea-4fc2-acf0-ea6e2238eba1
N001707,03544a13-9dea-4fc2-acf0-ea6e2238eba1
N001708,1895c25a-62ac-46fb-a5bd-3c8381cd0b5a
N001709,46ebdfbb-b58d-414e-b77a-09ee750eefa8
N001710,1895c25a-62ac-46fb-a5bd-3c8381cd0b5a
N001711,00b7db8a-2d5c-49f9-af94-450624b53b08
N001712,5af26507-9370-42ee-8cec-d14802201a61
N001713,c0270aee-40c3-428d-92da-1b473854e0b7
N001714,5630bfb4-0e8d-4a36-bb74-e733de5e15cb
N001715,1e99cf67-17ea-422b-be75-f930340e2b46
N001716,b2d2b7f3-6de5-46a5-b85c-4c8db108e833
N001717,b2d2b7f3-6de5-46a5-b85c-4c8db108e833
N001718,ba793614-8bcc-49cc-a39f-0098bde3eb93
N001719,fae3337d-26e7-4623-91a8-dd6a1603d5ab
N001720,3cdeaefa-cae2-4e51-b883-f1e6c09949f0
N001721,d4dfc429-6a39-49a8-8803-9b834fe4197e
N001722,ce676146-4d2a-413b-b127-0dffd3810828
N001723,d806c8e4-39ce-4e80-8ed9-b562564cae0c
N001724,d806c8e4-39ce-4e80-8ed9-b562564cae0c
N001725,58a9a71d-8f5d-4d41-821d-1c3e15889dfc
N001726,65df6bf0-c7e8-47b5-9601-aa9a23cf69f8
N001727,ecd5c8f6-9812-4ac2-a5f6-90d725f350bd
N001728,44414d23-35f8-4b8e-be15-938405254e6f
N001729,b6486a00-7117-410c-aab9-5c240aa2cda7
N001730,836e8bcd-1a6a-4042-b350-ff3a44a6ff7e
N001731,fe37d9d6-e8ae-48a7-b770-95c58f14e99e
N001732,fe37d9d6-e8ae-48a7-b770-95c58f14e99e
N001733,70f0a7ca-4041-44d5-9a11-57b039184c0b
N001734,70f0a7ca-4041-44d5-9a11-57b039184c0b
N001735,562245cd-237f-4232-bef5-1b147b6252be
N001736,562245cd-237f-4232-bef5-1b147b6252be
N001737,562245cd-237f-4232-bef5-1b147b6252be
N001738,562245cd-237f-4232-bef5-1b147b6252be
N001739,562245cd-237f-4232-bef5-1b147b6252be
N001740,562245cd-237f-4232-bef5-1b147b6252be
N001741,6f2e1835-4025-4168-a3e6-3c0a0d9daa6c
N001742,6f2e1835-4025-4168-a3e6-3c0a0d9daa6c
N001743,6f2e1835-4025-4168-a3e6-3c0a0d9daa6c
N001744,6f2e1835-4025-4168-a3e6-3c0a0d9daa6c
N001745,af2719e0-87e8-45ef-8245-af5ccfecb69d
N001746,d6bccb8e-5b68-4c94-a516-2c8a7964dac2
N001747,6f20ac3c-27af-476b-b408-26017243da7d
N001748,d1704c26-887f-486e-a814-7127782400c8
N001749,d1704c26-887f-486e-a814-7127782400c8
N001750,d1704c26-887f-486e-a814-7127782400c8
N001751,d1704c26-887f-486e-a814-7127782400c8
N001752,d1704c26-887f-486e-a814-7127782400c8
N001753,b66c3863-b15b-4268-b151-19f9078f35a9
N001754,b66c3863-b15b-4268-b151-19f9078f35a9
N001755,eee08cb6-7c50-48ab-ae0b-76e6e269abca
N001756,74d481f3-cea6-4fd3-8b77-582d3dc2ad80
N001757,471f7d3c-45c2-4461-ab23-f466f118d100
N001758,471f7d3c-45c2-4461-ab23-f466f118d100
N001759,50b674a1-5b62-4510-a151-22acbd0d2e82
N001760,4cafadb6-1477-423e-a9b0-c6e494265896
N001761,4cafadb6-1477-423e-a9b0-c6e494265896
N001762,7c111f18-c1b4-47f7-bdd5-db275f27d631
N001763,faf0443e-8049-45f9-b7be-51275c4a225b
N001764,faf0443e-8049-45f9-b7be-51275c4a225b
N001765,faf0443e-8049-45f9-b7be-51275c4a225b
N001766,446de0ae-58ac-43d3-b8c1-6c3c5f81ad81
N001767,58a9a71d-8f5d-4d41-821d-1c3e15889dfc
N001768,b577bca9-6a70-4c95-b69e-1136d2d4a0fa
N001769,ab593399-1779-4e5b-b816-04599c5fe599
N001770,40590e14-d2f4-4146-ba6b-36c1b1023805
N001771,f6830b1e-a852-4ead-a454-4c7ad03c022e
N001772,b1834b1c-e13f-4c0f-82d5-a4ca1de40bab
N001773,b1834b1c-e13f-4c0f-82d5-a4ca1de40bab
N001774,22b96f63-3cea-41e0-9162-12c7ba0c7a23
N001775,13c611ad-75ea-4d7c-8e74-4229dc8a5255
N001776,13c611ad-75ea-4d7c-8e74-4229dc8a5255
N001777,13c611ad-75ea-4d7c-8e74-4229dc8a5255
N001778,b7f67449-a6be-4074-ae38-8de14ac85a64
N001779,b7f67449-a6be-4074-ae38-8de14ac85a64
N001780,b7f67449-a6be-4074-ae38-8de14ac85a64
N001781,b7f67449-a6be-4074-ae38-8de14ac85a64
N001782,597bc443-902d-4756-9f7e-11562cf6ba66
N001783,b7f67449-a6be-4074-ae38-8de14ac85a64
N001784,b7f67449-a6be-4074-ae38-8de14ac85a64
N001785,b7f67449-a6be-4074-ae38-8de14ac85a64
N001786,a6f9735e-d9a0-42fa-b7d7-5661897c0bf4
N001787,a6f9735e-d9a0-42fa-b7d7-5661897c0bf4
N001788,4e0f7fe9-3be2-4244-9f9d-bee9bdbeba46
N001789,a6f9735e-d9a0-42fa-b7d7-5661897c0bf4
N001790,a71ffc5b-a5aa-4839-a616-c67613108d18
N001791,a71ffc5b-a5aa-4839-a616-c67613108d18
N001792,a71ffc5b-a5aa-4839-a616-c67613108d18
N001793,58a9a71d-8f5d-4d41-821d-1c3e15889dfc
N001794,a11a4c6c-1f24-4066-a151-1e49051be572
N001795,0f9b25b3-b97b-4127-bc1b-f6dc4f193aea
N001796,63c1c290-63ec-4a4d-83ff-8fb879f88f28
N001797,3001d971-27c5-443b-921e-cf13bf464a3a
N001798,b2b85279-3831-43b5-8ef6-4194e6e3e864
N001799,b2b85279-3831-43b5-8ef6-4194e6e3e864
N001800,b2b85279-3831-43b5-8ef6-4194e6e3e864
N001801,b2b85279-3831-43b5-8ef6-4194e6e3e864
N001802,f1bb8f5c-73e2-44d0-91af-e18ec186bd1a
N001803,f1bb8f5c-73e2-44d0-91af-e18ec186bd1a
N001804,58a9a71d-8f5d-4d41-821d-1c3e15889dfc
N001805,963dd42e-57a9-4208-bef0-d54678e505af
N001806,963dd42e-57a9-4208-bef0-d54678e505af
N001807,963dd42e-57a9-4208-bef0-d54678e505af
N001808,963dd42e-57a9-4208-bef0-d54678e505af
N001809,963dd42e-57a9-4208-bef0-d54678e505af
N001810,d95c6c1e-c1e7-4701-8a1b-92db96983c92
N001811,d12a87a3-3992-41dd-86f3-7dadc115c211
N001812,df7ac088-44b2-4e02-856d-a1051a338acd
N001813,df7ac088-44b2-4e02-856d-a1051a338acd
N001814,2631a6b4-3cdb-4b6b-80c8-cdbd9c4d2dba
N001815,1d3bfaad-35cf-4faa-828d-7b6a4ce73177
N001816,ab81d0b5-70d6-495e-a731-a1dff651dc0e
N001817,ed2e8cc6-c354-461f-a80b-1bd225940f45
N001818,2285e864-c837-4a1d-b072-4ac3919f589f
N001819,93d3de28-db1f-47f4-bee8-981fb78fbaf1
N001820,4dea1057-a2e1-4046-8dc0-7ced97115299
N001821,2b18aea2-f268-4ea8-8aa4-c4c3fefdec7b
N001822,95e0dbf9-35cd-4ec0-9fc9-110f1c58cff9
N001823,2b18aea2-f268-4ea8-8aa4-c4c3fefdec7b
N001824,c12ea75f-280b-47e6-b420-b00a48b7e9ac
N001825,25a307d5-5b1d-4682-acc1-68f5392cc264
N001826,892741ae-8cd6-4b51-a97a-188a4c074dea
N001827,f365991a-8b79-4b19-88b6-4c3bc6b6a51e
N001828,ead0afa8-6c8a-436e-ab16-4ddadcf54c1f
N001829,326b13a0-a50f-48c0-b301-4b8bddcb75eb
N001830,326b13a0-a50f-48c0-b301-4b8bddcb75eb
N001831,8a95a7a2-87f4-4bbf-8ac4-2e9c33db6f23
N001832,e3f49dc0-f2aa-4041-9e81-a97afd95ede0
N001833,66e343e3-8067-4f88-a1f7-a80b253e1693
N001834,d600c583-9984-44d7-a820-bf5360ef7961
N001835,9d06711d-491a-4ff9-82c4-4131bebc775e
N001836,66e343e3-8067-4f88-a1f7-a80b253e1693
N001837,d600c583-9984-44d7-a820-bf5360ef7961
N001838,d600c583-9984-44d7-a820-bf5360ef7961
N001839,d600c583-9984-44d7-a820-bf5360ef7961
N001840,d600c583-9984-44d7-a820-bf5360ef7961
N001841,fc5412d3-a4ca-4950-b5d6-529cdbd98c5b
N001842,9a75a0a6-90ac-4f10-ab94-791c9220c875
N001843,123d3719-b536-41c5-9fbe-5ea80c5f6a3f
N001844,ffecb096-671b-4eb2-bee0-74e06cdfa245
N001845,f585a61d-9ed4-41c5-a008-8afb175f3029
N001846,e83ad748-709f-455d-9434-7bd6d415a270
N001847,f864291b-bce4-4291-bc2d-d15929df951b
N001848,e0761568-66aa-453b-af9b-6a82107afdf1
N001849,8ac778b1-f714-411d-bd39-bd383bed8c2b
N001850,8ac778b1-f714-411d-bd39-bd383bed8c2b
N001851,eaef1a28-5a70-43df-a618-30d1a342a04b
N001852,e75e895f-d5a6-4400-b49d-d022d7edee1a
N001853,dcade186-2f17-4454-93be-8fa70afd39c2
N001854,2045e1f1-fd21-4702-a3f9-5c56a0525d68
N001855,2045e1f1-fd21-4702-a3f9-5c56a0525d68
N001856,74b6e8dc-5648-42bb-be24-30c731c813c8
N001857,58a9a71d-8f5d-4d41-821d-1c3e15889dfc
N001858,1bcbd1a6-8e09-4c8f-931c-03193c6b8c8d
N001859,1bcbd1a6-8e09-4c8f-931c-03193c6b8c8d
N001860,bab6424b-e57a-4340-b6c1-35834b90fe2b
N001861,e7fc9478-a029-4994-86fc-35c78f4d8856
N001862,7197a16c-65a6-449f-8803-278f87b74938
N001863,31cc8e5b-f75d-4031-a5c0-aacda56c5c4d
N001864,6cf59a3f-ef56-4651-841c-5b8118445e23
N001865,6cf59a3f-ef56-4651-841c-5b8118445e23
N001866,73f224f0-d0c2-450a-b3d1-64dff0d15a07
N001867,6cf59a3f-ef56-4651-841c-5b8118445e23
N001868,59af12a2-6dbc-4549-9036-0b71da162230
N001869,ecadd7e3-ee8b-42e3-9ab3-7df09c0c3ddf
N001870,217a8be8-1190-4e2e-b6ab-71e515bb7143
N001871,d93c519a-8e66-49c5-a20d-1e3934e79df5
N001872,9d5e174f-f4cf-4a56-8e48-44026ba420f6
N001873,91182fe9-f3eb-4c18-b9e3-4951796c9d23
N001874,91182fe9-f3eb-4c18-b9e3-4951796c9d23
N001875,91182fe9-f3eb-4c18-b9e3-4951796c9d23
N001876,f737080c-cb17-4a82-ae5c-0e75ae1d8627
N001877,3d31c9df-85be-43c0-be89-7bef8d64236d
N001878,e3038e03-104e-42a7-8ff3-4f4e4799295f
N001879,a091c7b2-4aa1-4f96-8033-ccf9cdf6d93c
N001880,e410e7fd-4a23-434a-96d2-c0967f9856ab
N001881,7f6871cb-1d74-4248-8b5e-4ab49aba0be2
N001882,67b18b32-6455-40a2-8115-79e658999ba8
N001883,25d0792e-46d4-402e-b8bd-637d237a5e74
N001884,b49034cf-9016-4dc3-9413-6eea7562792d
N001885,b49034cf-9016-4dc3-9413-6eea7562792d
N001886,f545868d-428c-48ce-bdab-fd78faef535d
N001887,b49034cf-9016-4dc3-9413-6eea7562792d
N001888,ee3318ff-0896-493f-883e-8bb28e817c05
N001889,41f1319e-747b-4652-a6db-19084a7e23bb
N001890,dd3fb1f9-7986-4351-b11b-59209826ae49
N001891,ae1dae30-836d-4bf2-982e-049d2f91d36c
N001892,952efdbc-6359-42ac-ad01-ba40a49ac008
N001893,952efdbc-6359-42ac-ad01-ba40a49ac008
N001894,952efdbc-6359-42ac-ad01-ba40a49ac008
N001895,d4d4df9e-496e-426a-9ffd-740c5582700e
N001896,b9e406de-d040-411d-9805-65e82d9661a7
N001897,b9e406de-d040-411d-9805-65e82d9661a7
N001898,b9e406de-d040-411d-9805-65e82d9661a7
N001899,b9e406de-d040-411d-9805-65e82d9661a7
N001900,b9e406de-d040-411d-9805-65e82d9661a7
N001901,1bc94463-7052-46aa-a243-7fb50d0a3323
N001902,853f4faf-18d3-41e2-b995-b20b3709d026
N001903,1bc94463-7052-46aa-a243-7fb50d0a3323
N001904,d714c62c-b7b7-4548-b159-45a43a5bf943
N001905,bc7d122f-4c59-4140-a6b7-19feffa1c891
N001906,4e62196a-6a78-4cab-8c5b-4ca9e0217e4b
N001907,4e62196a-6a78-4cab-8c5b-4ca9e0217e4b
N001908,17a948b9-1fda-4e5a-bd89-5665ad08ee42
N001909,aae4a22a-ca95-4972-842d-2abba3fbe3b7
N001910,9007bb17-2683-4742-8413-55d1d658bf36
N001911,c21fdf81-95cc-4f10-883d-a1603d5df7a2
N001912,bf233b8d-5aa2-4955-88c3-39260e7b6cf0
N001913,657190e7-38bc-47a6-9227-ed1128862d52
N001914,08ae4406-acc5-466f-a5a1-9a5d5eb68ddf
N001915,c0baa9fb-4c47-417f-acb5-5c9275e9f25d
N001916,c0baa9fb-4c47-417f-acb5-5c9275e9f25d
N001917,c0baa9fb-4c47-417f-acb5-5c9275e9f25d
N001918,c0baa9fb-4c47-417f-acb5-5c9275e9f25d
N001919,c0baa9fb-4c47-417f-acb5-5c9275e9f25d
N001920,c0baa9fb-4c47-417f-acb5-5c9275e9f25d
N001921,4f7275ac-8d34-4fcd-86a7-081734c0d84a
N001922,c6353169-4922-4396-a820-1cd8eac4659c
N001923,c6353169-4922-4396-a820-1cd8eac4659c
N001924,c6353169-4922-4396-a820-1cd8eac4659c
N001925,b011b904-cc71-43e2-8a44-2919e5fa7be5
N001926,1fd7d20c-cfe7-4318-8b37-47c6fc63b53d
N001927,9e1b57bb-5a25-42bd-9b29-36b636b8c2f6
N001928,1fd7d20c-cfe7-4318-8b37-47c6fc63b53d
N001929,ae8031e7-7360-42e4-a81f-657363805c81
N001930,5b6a91f4-8765-4a96-af51-8a16243d3f3a
N001931,8eb9d6cf-fafa-4fe4-909b-4e80552c37f8
N001932,8eb9d6cf-fafa-4fe4-909b-4e80552c37f8
N001933,8eb9d6cf-fafa-4fe4-909b-4e80552c37f8
N001934,8eb9d6cf-fafa-4fe4-909b-4e80552c37f8
N001935,1e50df8b-7c8f-4b37-a27b-52bebfcbfaf6
N001936,80654029-3c8e-4a28-8a0f-986fe0b4c7f0
N001937,58a9a71d-8f5d-4d41-821d-1c3e15889dfc
N001938,a4539cbe-f990-4d95-b145-c4fc21bb9600
N001939,a4539cbe-f990-4d95-b145-c4fc21bb9600
N001940,60b43fb9-1f90-4541-a52c-a65e9c2cbd46
N001941,9582c058-25de-4788-aade-751e87b6d50f
N001942,86b2d257-e489-4699-92f9-a13a1cde65a8
N001943,9580f2a3-f910-46f0-9699-3bf8973fca03
N001944,9580f2a3-f910-46f0-9699-3bf8973fca03
N001945,86b2d257-e489-4699-92f9-a13a1cde65a8
N001946,2f2d4596-3eed-4f8a-b45c-17efca64357d
N001947,5ffe544d-1325-4b9b-84fa-548fd33e520e
N001948,437efd62-2914-4112-9959-d1817e98a465
N001949,eee08cb6-7c50-48ab-ae0b-76e6e269abca
N001950,d12a87a3-3992-41dd-86f3-7dadc115c211
N001951,ad98aebc-21ac-4a4b-a589-c07df550cd5c
N001952,8fad82d0-8be2-4e10-a7f9-2b92deefbff2
N001953,35f0afdb-78b5-407e-81e2-b85a8385872c
N001954,35f0afdb-78b5-407e-81e2-b85a8385872c
N001955,5c37b234-e98f-4b8b-a2a7-d61f77df9022
N001956,13290a9b-1cb6-4ed6-bba1-35b621f5f6c9
N001957,ed52fa5c-9f0e-416c-961f-1f0b195b9d5d
N001958,ed52fa5c-9f0e-416c-961f-1f0b195b9d5d
N001959,bf147e6b-bfd0-47c3-8c23-2a44ec2f84e5
N001960,31ba4475-26c4-4a60-ab6a-9941cb3f2374
N001961,99ff5f2b-6775-43ad-bd8c-1bb7302661a2
N001962,31ba4475-26c4-4a60-ab6a-9941cb3f2374
N001963,31ba4475-26c4-4a60-ab6a-9941cb3f2374
N001964,87c910ed-0213-44cd-91ea-d63d746974b9
N001965,87c910ed-0213-44cd-91ea-d63d746974b9
N001966,14b0f30f-06dd-4ff5-9210-6759429538ca
N001967,021db11d-7206-45b6-80b6-e331bd6938b6
N001968,14b0f30f-06dd-4ff5-9210-6759429538ca
N001969,e59cc909-c489-4d14-99b0-ecff121fae56
N001970,ac542763-7c9e-44a9-aa8a-a565247df239
N001971,ac542763-7c9e-44a9-aa8a-a565247df239
N001972,6395c009-0b01-4520-99a9-018a0ef6f34b
N001973,8dff6408-1b2a-4ff7-91f0-c098a646ef2a
N001974,413e26dc-9aa4-47c3-8c6e-45f1fe9795e5
N001975,ce670b08-cd4b-4c9d-b815-86562a4148c7
N001976,095670f3-384d-4f6d-89cf-df944e86aec7
N001977,a6ec3db3-ab9d-4bcf-9bba-ffd9ccbc6335
N001978,d12a87a3-3992-41dd-86f3-7dadc115c211
N001979,6273f4ab-ac8f-4be5-bd3e-d442d0fcb4d0
N001980,d8a88b44-abb7-4d58-8368-f212d69da7ca
N001981,284adb77-7094-4043-aa7c-18442753b5a1
N001982,07becbab-720f-42b3-a689-940a2f24e0eb
N001983,5ede950d-ef2d-40cf-8431-650be4572a08
N001984,ac4278b2-d6d7-48b4-b8ec-033bb71afa5b
N001985,f3e27193-ba81-48e0-88e6-636bfc22dcc7
N001986,9e875f1c-2349-4dc2-8fda-4af7e01e2515
N001987,3264ab8c-3ff8-4c79-bfec-1a654b36ce36
N001988,eb170510-4bed-4460-8ddb-082aa86c491d
N001989,253e6eff-9661-4385-916d-309a37c6ed88
N001990,253e6eff-9661-4385-916d-309a37c6ed88
N001991,5630bfb4-0e8d-4a36-bb74-e733de5e15cb
N001992,1f848e4a-dd61-41a6-b8d6-1b690bbc1f56
N001993,774ec3a1-3ffb-44d7-8fc9-5538814d532d
N001994,774ec3a1-3ffb-44d7-8fc9-5538814d532d
N001995,8c8afca3-3f0c-4933-8c99-2f09e429ca6e
N001996,774ec3a1-3ffb-44d7-8fc9-5538814d532d
N001997,774ec3a1-3ffb-44d7-8fc9-5538814d532d
N001998,774ec3a1-3ffb-44d7-8fc9-5538814d532d
N001999,774ec3a1-3ffb-44d7-8fc9-5538814d532d
N002000,aba0e19f-541d-49a2-97d0-fd2c9242ac54
N002001,911a2396-423a-45ea-83bf-96fe5f655f70
N002002,37e2f214-a572-4210-a09d-99592e188b41
N002003,a4df80c0-9855-472e-a759-8d12aa70093a
N002004,4be3569b-bbb3-4e77-836a-af05085cf251
N002005,8bf90beb-4dec-4875-8f2f-4efab5b7da21
N002006,4a4d5364-1741-4958-8fb9-aa7029281f8f
N002007,4a4d5364-1741-4958-8fb9-aa7029281f8f
N002008,4a4d5364-1741-4958-8fb9-aa7029281f8f
N002009,23ce2caa-c385-4ad2-aab2-806ead7e3a46
N002010,4a4d5364-1741-4958-8fb9-aa7029281f8f
N002011,26360fea-3a4f-4075-8a5c-d69b17401530
N002012,26360fea-3a4f-4075-8a5c-d69b17401530
N002013,26360fea-3a4f-4075-8a5c-d69b17401530
N002014,26360fea-3a4f-4075-8a5c-d69b17401530
N002015,26360fea-3a4f-4075-8a5c-d69b17401530
N002016,26360fea-3a4f-4075-8a5c-d69b17401530
N002017,3e667e28-7ff9-4af0-a335-710d31c20f9e
N002018,41f1319e-747b-4652-a6db-19084a7e23bb
N002019,f57e75cb-2fc0-43c1-8ea7-ec051048f287
N002020,f57e75cb-2fc0-43c1-8ea7-ec051048f287
N002021,41f1319e-747b-4652-a6db-19084a7e23bb
N002022,f57e75cb-2fc0-43c1-8ea7-ec051048f287
N002023,f57e75cb-2fc0-43c1-8ea7-ec051048f287
N002024,258214fd-0849-46b7-ad2a-cfac894669f9
N002025,77d77684-ba3e-4fdf-9f78-ca219047f5ff
N002026,77d77684-ba3e-4fdf-9f78-ca219047f5ff
N002027,5aca768f-64c0-44bb-8f6f-a971fc83319b
N002028,50fdcb10-5f1a-4438-b7aa-45fa8ac1e6d7
N002029,8d2d2d32-f154-455a-bff6-116f7dd744c8
N002030,8d2d2d32-f154-455a-bff6-116f7dd744c8
N002031,c77c7e50-f734-421f-9029-8c4d25ebee1e
N002032,2d8dffe5-1234-42cd-9819-f3655f45c388
N002033,2a2dd709-3ea5-4ec3-961d-03a5dbe1c55b
N002034,2a2dd709-3ea5-4ec3-961d-03a5dbe1c55b
N002035,2a2dd709-3ea5-4ec3-961d-03a5dbe1c55b
N002036,2a2dd709-3ea5-4ec3-961d-03a5dbe1c55b
N002037,2a2dd709-3ea5-4ec3-961d-03a5dbe1c55b
N002038,2a2dd709-3ea5-4ec3-961d-03a5dbe1c55b
N002039,bf7b8713-85e3-4179-b84c-af12d30179fa
N002040,2a2dd709-3ea5-4ec3-961d-03a5dbe1c55b
N002041,1eebdc45-8b47-44cc-935a-190b2af4b738
N002042,2631a6b4-3cdb-4b6b-80c8-cdbd9c4d2dba
N002043,f8c32e11-a622-4984-969f-f8ecee1c8157
N002044,2631a6b4-3cdb-4b6b-80c8-cdbd9c4d2dba
N002045,f8c32e11-a622-4984-969f-f8ecee1c8157
N002046,af8fe091-9cdb-48a5-839c-f7177424614a
N002047,af8fe091-9cdb-48a5-839c-f7177424614a
N002048,af8fe091-9cdb-48a5-839c-f7177424614a
N002049,8e89a068-6767-46d1-9b9b-4fbdb18b8dad
N002050,d509fa47-d389-456a-a2c2-273f47302cc7
N002051,e4577a60-c630-4fc6-a438-4dd23935e9ed
N002052,78945a85-864a-4561-a800-341ba0b71017
N002053,91640eff-e695-4aad-bbdd-dc2e1482b2e3
N002054,91640eff-e695-4aad-bbdd-dc2e1482b2e3
N002055,92d9f05a-cf8b-46d8-9a86-74961a69543b
N002056,dd537e27-4d55-4b28-a099-66432fe9bf61
N002057,dd537e27-4d55-4b28-a099-66432fe9bf61
N002058,c9a622a9-ad6f-412f-8eb1-62c6db300d75
N002059,c9a622a9-ad6f-412f-8eb1-62c6db300d75
N002060,0e4e0154-9a2a-4238-a851-465c85771581
N002061,804f55cf-a919-4ef3-be4d-c4356f75d3eb
N002062,804f55cf-a919-4ef3-be4d-c4356f75d3eb
N002063,fae3103e-f5be-4399-98a6-6ad2d0dcb3d8
N002064,58a9a71d-8f5d-4d41-821d-1c3e15889dfc
N002065,fa581746-6567-478e-b34f-6c3ec291ba77
N002066,aa04f9ed-3f5a-4750-8dcd-c77132999b3b
N002067,00979b21-4f5e-4692-95ef-9f300937ae20
N002068,ac4894eb-76fa-4d71-b058-244af2b5d44f
N002069,b94700fa-e835-45f6-8ed3-1f2744875c67
N002070,b94700fa-e835-45f6-8ed3-1f2744875c67
N002071,b94700fa-e835-45f6-8ed3-1f2744875c67
N002072,f7de6510-fccf-4c33-985a-d84c587f6318
N002073,ac4894eb-76fa-4d71-b058-244af2b5d44f
N002074,ac4894eb-76fa-4d71-b058-244af2b5d44f
N002075,f198ea4e-2cb2-49dd-93ea-20e16b454f69
N002076,f198ea4e-2cb2-49dd-93ea-20e16b454f69
N002077,f198ea4e-2cb2-49dd-93ea-20e16b454f69
N002078,f198ea4e-2cb2-49dd-93ea-20e16b454f69
N002079,aa8423c6-fa8b-4b8e-8dc7-ae817ad8c749
N002080,1af2d5d7-34d0-45ac-b3c3-3c184d880623
N002081,7c5f95ad-69b4-472c-a88f-8d4373485911
N002082,92c6365f-e5de-4a6c-940d-7121fac692e0
N002083,7f581111-f928-4084-adfd-0556ae4a86eb
N002084,92c6365f-e5de-4a6c-940d-7121fac692e0
N002085,db5b673f-5935-4e82-931b-a5b6ffab9b7f
N002086,502174d0-32a0-4efe-a3c3-837a0d3a50b0
N002087,502174d0-32a0-4efe-a3c3-837a0d3a50b0
N002088,1d578fe1-0ee7-44af-bb09-0fbee6dfd18f
N002089,502174d0-32a0-4efe-a3c3-837a0d3a50b0
N002090,58a9a71d-8f5d-4d41-821d-1c3e15889dfc
N002091,58a9a71d-8f5d-4d41-821d-1c3e15889dfc
N002092,502174d0-32a0-4efe-a3c3-837a0d3a50b0
N002093,502174d0-32a0-4efe-a3c3-837a0d3a50b0
N002094,9d5e174f-f4cf-4a56-8e48-44026ba420f6
N002095,80921082-7e8c-48dc-a058-ebc4df27fa56
N002096,5630bfb4-0e8d-4a36-bb74-e733de5e15cb
N002097,d12a87a3-3992-41dd-86f3-7dadc115c211
N002098,0d8268a6-55e7-4fc4-b030-4af35fe1253c
N002099,0d8268a6-55e7-4fc4-b030-4af35fe1253c
N002100,dbf669bd-2c86-489e-ac0b-3484cf6cbeb2
N002101,c971f299-6839-44a0-9016-7a4465f44386
N002102,c971f299-6839-44a0-9016-7a4465f44386
N002103,5db6cbcd-8c8b-48ca-b1e2-eb670a3e5a9e
N002104,835430aa-af61-4207-9158-e33af8f843dd
N002105,33b6a805-75cc-41da-8d2a-83cbe33614a1
N002106,835430aa-af61-4207-9158-e33af8f843dd
N002107,835430aa-af61-4207-9158-e33af8f843dd
N002108,835430aa-af61-4207-9158-e33af8f843dd
N002109,7c2edcab-2e52-4103-ad28-8b33973659d1
N002110,3a9888a8-12e6-4602-b126-a675f66bb032
N002111,7826c50e-8413-4f32-9124-d0f8e8095de1
N002112,7826c50e-8413-4f32-9124-d0f8e8095de1
N002113,7826c50e-8413-4f32-9124-d0f8e8095de1
N002114,7826c50e-8413-4f32-9124-d0f8e8095de1
N002115,7826c50e-8413-4f32-9124-d0f8e8095de1
N002116,7826c50e-8413-4f32-9124-d0f8e8095de1
N002117,7826c50e-8413-4f32-9124-d0f8e8095de1
N002118,7826c50e-8413-4f32-9124-d0f8e8095de1
N002119,98279b3a-0ff2-4fae-99de-e2eefbde0825
N002120,b5b88bad-91a4-4e2b-b0bd-2c0b2b7fffe6
N002121,a5a774c6-4eee-4c88-a906-06d437a79d8d
N002122,24c6c03d-eb8c-4b0a-937e-f858964c3a33
N002123,a5a774c6-4eee-4c88-a906-06d437a79d8d
N002124,a5a774c6-4eee-4c88-a906-06d437a79d8d
N002125,a5a774c6-4eee-4c88-a906-06d437a79d8d
N002126,2ea26276-55fd-40ca-92aa-6322a04b1bea
N002127,45dbb189-6e66-4842-b162-8f90b82c5a32
N002128,3db5f94c-6204-4bbd-9ff2-e23a677bd1d7
N002129,99d192ed-e9e2-40ad-b617-37534a93d3c3
N002130,99d192ed-e9e2-40ad-b617-37534a93d3c3
N002131,99d192ed-e9e2-40ad-b617-37534a93d3c3
N002132,99d192ed-e9e2-40ad-b617-37534a93d3c3
N002133,2910ce8a-650e-4f1d-a414-bddbf32be58a
N002134,d12a87a3-3992-41dd-86f3-7dadc115c211
N002135,6f703ef7-58c5-4966-bf3c-2c443ced6007
N002136,6f703ef7-58c5-4966-bf3c-2c443ced6007
N002137,9ce0230f-3b75-48e4-b577-93b9c62e975c
N002138,254d83af-2761-4de0-a152-b551980504eb
N002139,254d83af-2761-4de0-a152-b551980504eb
N002140,254d83af-2761-4de0-a152-b551980504eb
N002141,43b6543a-4fba-45c2-a64b-225656ef7d8f
N002142,254d83af-2761-4de0-a152-b551980504eb
N002143,254d83af-2761-4de0-a152-b551980504eb
N002144,45378a85-ccfc-4266-a086-8648bcd296fb
N002145,0fb9c688-d8f1-496a-965f-f8d2aa0ae1d3
N002146,409726f2-f02f-4c48-b32d-dd421b8fb942
N002147,0fb9c688-d8f1-496a-965f-f8d2aa0ae1d3
N002148,d9fac543-71f4-42bd-96e5-88bfad2a217f
N002149,88a0d963-5a1b-4787-b271-4f704b5c1fc8
N002150,d9fac543-71f4-42bd-96e5-88bfad2a217f
N002151,6875e710-987c-47c2-a15e-0a5da9e64cda
N002152,f16adef0-5c40-4a47-81ee-3724a1d0b366
N002153,e4f2783e-ff23-42ae-b0f2-406674ac042a
N002154,e40262d2-0599-4c8d-a84b-d63b32472632
N002155,9e5c98b8-150c-499b-a972-fed7ebd4744e
N002156,e40262d2-0599-4c8d-a84b-d63b32472632
N002157,e40262d2-0599-4c8d-a84b-d63b32472632
N002158,e40262d2-0599-4c8d-a84b-d63b32472632
N002159,55f41fd1-0ede-4293-9361-5f165b27f6e3
N002160,43f49535-7800-4de6-8aba-5fefd4259366
N002161,23471e09-52ed-4ba9-bde1-a5fa5c46a51a
N002162,23471e09-52ed-4ba9-bde1-a5fa5c46a51a
N002163,3c7afe80-c372-4d1e-9836-86dab3f54461
N002164,70bda341-0177-4af8-8a2f-a6606585a7d7
N002165,4335e470-9539-4821-82e4-60e4e9038e4d
N002166,70bda341-0177-4af8-8a2f-a6606585a7d7
N002167,152b8dfb-a6c7-45c2-bab9-1b2a0a96200c
N002168,78fe3b43-923e-44aa-a1be-8af3ce41f7d3
N002169,31f39d1e-2cdb-48bf-aa11-b96a834b03de
N002170,654dbab1-1113-4e9b-8f1e-791ef6f26718
N002171,1c5f82ac-38b7-4aa9-bbd7-a5b04f175f58
N002172,31f39d1e-2cdb-48bf-aa11-b96a834b03de
N002173,31f39d1e-2cdb-48bf-aa11-b96a834b03de
N002174,31f39d1e-2cdb-48bf-aa11-b96a834b03de
N002175,31f39d1e-2cdb-48bf-aa11-b96a834b03de
N002176,31f39d1e-2cdb-48bf-aa11-b96a834b03de
N002177,654dbab1-1113-4e9b-8f1e-791ef6f26718
N002178,ae9c58c5-ccd9-4812-b48f-90b9ca372022
N002179,d8ce4c8f-bdbc-48cc-8b38-e76a6ee450e6
N002180,868bb28d-e185-4c74-984d-362496ac1a6b
N002181,6888342b-ee1f-474b-8c22-d654304f04e4
N002182,78d69122-4c7b-456c-9448-7302b348589c
N002183,d4f599d9-84de-4c0b-a1c8-164fd369c8b8
N002184,17798f96-767b-495f-a5f3-de35623f6ed9
N002185,72cfdc4e-3663-46bb-adba-1c058a0da583
N002186,6f071b26-0bc2-4525-843c-2134a4da0aa1
N002187,9ce3bc74-c5b9-466a-bc5c-3d2003e68e49
N002188,7cb5d68a-e67f-4342-8681-4e049036612c
N002189,1fd7d20c-cfe7-4318-8b37-47c6fc63b53d
N002190,1fd7d20c-cfe7-4318-8b37-47c6fc63b53d
N002191,7e48d7db-80e7-4602-ac2e-65930d21b9d4
N002192,41f1319e-747b-4652-a6db-19084a7e23bb
N002193,0e2c2d0e-7a5a-476b-b1dc-38647483e170
N002194,0e2c2d0e-7a5a-476b-b1dc-38647483e170
N002195,941bf944-e2c5-485f-96cf-5b93fd41d1fa
N002196,416ba971-fc2c-4cab-b2cd-5404dbb50e81
N002197,416ba971-fc2c-4cab-b2cd-5404dbb50e81
N002198,7d49b774-4fb2-4c38-a5fd-a8fbb118cc96
N002199,3f1a12d7-4d7b-4181-b885-8d6e64e6634b
N002200,d3532ad1-dc92-437e-a2f4-227a8aeeab65
N002201,452e9d43-4feb-4631-b595-420c393389b5
N002202,d3532ad1-dc92-437e-a2f4-227a8aeeab65
N002203,452e9d43-4feb-4631-b595-420c393389b5
N002204,452e9d43-4feb-4631-b595-420c393389b5
N002205,452e9d43-4feb-4631-b595-420c393389b5
N002206,3fdb3113-a084-4a77-90f3-5d518c4dc721
N002207,d4bca264-097f-4f9f-8768-3ecf1905418f
N002208,6f388a02-e298-4d8e-9a8e-8f31dfc9fec1
N002209,951af3c5-5826-4276-9dac-e48a3f62b506
N002210,951af3c5-5826-4276-9dac-e48a3f62b506
N002211,951af3c5-5826-4276-9dac-e48a3f62b506
N002212,90b13d80-323a-4322-b4de-16e801c47a9b
N002213,d8307d60-12c8-4d67-9ced-c8dbc6545141
N002214,c52974bb-c3ea-4bb5-885f-6f6305b22ee4
N002215,c52974bb-c3ea-4bb5-885f-6f6305b22ee4
N002216,a95dac40-fb7c-45b4-a225-1d8f937af4f0
N002217,7887fd46-ac3f-4e5c-99d9-2c2fbb4262d0
N002218,a95dac40-fb7c-45b4-a225-1d8f937af4f0
N002219,02e09518-a363-46a4-964f-25643647b807
N002220,a95dac40-fb7c-45b4-a225-1d8f937af4f0
N002221,f9a48c97-212a-441c-b3cc-386ecb66f5b5
N002222,b3341c7d-f169-4904-9b9f-e5a2296f8da1
N002223,b3341c7d-f169-4904-9b9f-e5a2296f8da1
N002224,fcd957d4-0bbc-4dcd-8356-e8d2055f221a
N002225,2f0c5bdb-2d37-4bbb-b3cf-7f5ed0ba59ec
N002226,96122ffb-73d3-45f9-b8ec-e415d505b87e
N002227,9bf89e54-be26-46a9-874a-885e68aaea23
N002228,c9f15a8a-2e52-4434-9264-1a8ffb1e9f94
N002229,8f3c69b5-7186-4a9d-ac6f-67cb4eb07b93
N002230,c9f15a8a-2e52-4434-9264-1a8ffb1e9f94
N002231,df5dfd14-080b-47c0-a645-97e75247d124
N002232,df5dfd14-080b-47c0-a645-97e75247d124
N002233,58a9a71d-8f5d-4d41-821d-1c3e15889dfc
N002234,62aa8708-1adc-461f-9d52-be655e5bc0bd
N002235,58a9a71d-8f5d-4d41-821d-1c3e15889dfc
N002236,760f02ec-df0d-4603-b677-bc42a6e98184
N002237,c31ef17c-98b6-47c4-9af1-19f37f4923a3
N002238,760f02ec-df0d-4603-b677-bc42a6e98184
N002239,19eb5794-8d1d-48ff-925c-1d722f2ad612
N002240,8c2fbec6-02fa-420a-9a04-276430d4b2ff
N002241,c549e4e2-00fe-4548-a92d-146ca3432fe8
N002242,c549e4e2-00fe-4548-a92d-146ca3432fe8
N002243,d12a87a3-3992-41dd-86f3-7dadc115c211
N002244,c549e4e2-00fe-4548-a92d-146ca3432fe8
N002245,b00d7ddd-b645-4bfc-8019-81e12b830d97
N002246,b234bbb5-0059-4be3-bf1c-80ff0996ee5e
N002247,be13b2d4-3531-4c17-9006-8eddabc7bb88
N002248,be13b2d4-3531-4c17-9006-8eddabc7bb88
N002249,264bc3db-4374-4ce3-87eb-e70022a68593
N002250,e3959892-34f6-4df2-ae1d-acf7bd08a163
N002251,3483fddf-df95-4c0c-8cc0-d89831e65805
N002252,f2110d00-7ced-4726-b78a-d33231c86b8a
N002253,72f7bca9-ea78-4b1a-8e35-0e17d5b10e25
N002254,72f7bca9-ea78-4b1a-8e35-0e17d5b10e25
N002255,72f7bca9-ea78-4b1a-8e35-0e17d5b10e25
N002256,72f7bca9-ea78-4b1a-8e35-0e17d5b10e25
N002257,72f7bca9-ea78-4b1a-8e35-0e17d5b10e25
N002258,58a9a71d-8f5d-4d41-821d-1c3e15889dfc
N002259,3135aab9-7da5-4ac7-bf90-a53eefb9ec0a
N002260,f58fe6db-c47e-4f09-9e2d-a5643425d6c7
N002261,3722503b-11e6-4e2d-a30b-d27f1528d427
N002262,3722503b-11e6-4e2d-a30b-d27f1528d427
N002263,3722503b-11e6-4e2d-a30b-d27f1528d427
N002264,ee5597f3-0e9c-4fea-8ab9-7270c6196efc
N002265,14593ffe-21e9-406c-8a70-5857c89531ce
N002266,3630b18f-4042-46bf-bb93-a1e3d6cc0aa1
N002267,e96d1745-2c85-45f0-81ee-a9ebb089a609
N002268,d58daba2-23bd-43c1-b322-93e5cfa3a1bc
N002269,cf2621e8-239b-49ba-ba26-397d6cbb384b
N002270,58a9a71d-8f5d-4d41-821d-1c3e15889dfc
N002271,d277b650-5c9a-4afd-b7d1-c5955f8cf9a3
N002272,e25f82c7-b680-421c-bee6-16371a0f9c34
N002273,e25f82c7-b680-421c-bee6-16371a0f9c34
N002274,e25f82c7-b680-421c-bee6-16371a0f9c34
N002275,50d52db0-0594-4b22-bf9f-c6298280d710
N002276,81970d56-333f-4852-88e0-8db54010ada9
N002277,0d7a1bdc-19d2-490f-aa7f-29e8f3ee5dc7
N002278,dcc52a12-b612-4435-8deb-9b730d19d19e
N002279,6c446c9c-db06-4141-9718-70ca8ccc2356
N002280,6c446c9c-db06-4141-9718-70ca8ccc2356
N002281,3098b949-eaf2-4e24-b568-28c04957e24d
N002282,26f15836-fdca-4cc5-a943-096e9f903e1c
N002283,22b96f63-3cea-41e0-9162-12c7ba0c7a23
N002284,967a09f3-5ea0-41b2-a1f0-5719f8dcc467
N002285,03c8962f-ec9e-41ea-beee-b877236e3553
N002286,3e0aec3b-ba33-4885-b9d6-f4e58a7590ba
N002287,97ec8182-b931-4d99-a535-16e22831682f
N002288,97ec8182-b931-4d99-a535-16e22831682f
N002289,8cf5b09e-2c71-4c73-a60e-8902ff4c9dac
N002290,31ec7fa0-a945-4649-a357-f61b700e14e0
N002291,4186ca31-05c6-492b-9ec9-47ff6741a30c
N002292,37b8bdf9-8db6-492c-bb65-992cdb0c68d2
N002293,37b8bdf9-8db6-492c-bb65-992cdb0c68d2
N002294,37b8bdf9-8db6-492c-bb65-992cdb0c68d2
N002295,c133ae39-8bb0-4726-870a-1880ef61003b
N002296,37b8bdf9-8db6-492c-bb65-992cdb0c68d2
N002297,0bda9c3d-a37c-41ad-855e-e8d773634f84
N002298,0119f8ad-8839-42f6-9c65-0d0c27353101
N002299,d12a87a3-3992-41dd-86f3-7dadc115c211
N002300,d12a87a3-3992-41dd-86f3-7dadc115c211
N002301,d0ad9151-d9c6-42c0-88e2-772d3079d7b9
N002302,d0ad9151-d9c6-42c0-88e2-772d3079d7b9
N002303,d0ad9151-d9c6-42c0-88e2-772d3079d7b9
N002304,d6bccb8e-5b68-4c94-a516-2c8a7964dac2
N002305,155d89d7-cb18-4071-8321-5f4ca46e2c5b
N002306,7c12c830-879b-4b29-bf2c-e8e160a6a402
N002307,91ac0f5f-43a3-4ca9-ae6a-0cec3bf07bae
N002308,91ac0f5f-43a3-4ca9-ae6a-0cec3bf07bae
N002309,d12a87a3-3992-41dd-86f3-7dadc115c211
N002310,49fb4579-eeda-4f8f-84f9-04f4e43301bd
N002311,49fb4579-eeda-4f8f-84f9-04f4e43301bd
N002312,61c93ec5-1469-4094-9291-90bbd6646726
N002313,61c93ec5-1469-4094-9291-90bbd6646726
N002314,7714a38a-e121-429a-958d-184e6fbe1a45
N002315,e3cdb18f-a50a-4c77-ba9e-5bac606e8665
N002316,e3cdb18f-a50a-4c77-ba9e-5bac606e8665
N002317,600634f6-b094-4f56-8eef-8a66622a7f37
N002318,600634f6-b094-4f56-8eef-8a66622a7f37
N002319,600634f6-b094-4f56-8eef-8a66622a7f37
N002320,b0a092ea-ca48-4c6b-9a22-ad0b512c1594
N002321,600634f6-b094-4f56-8eef-8a66622a7f37
N002322,05a4091b-9f35-4e98-b47e-a7fd716724e0
N002323,a932c461-0ffb-4410-9ec4-d8d72b399554
N002324,60757426-a36c-4dd3-af58-10daea26dfc8
N002325,6d95d00d-ad5b-4647-9c1f-835d34f9a5d6
N002326,151ca5de-6931-46d8-8d0a-440fbb4badfc
N002327,151ca5de-6931-46d8-8d0a-440fbb4badfc
N002328,f015a15f-e278-4c90-8de2-0dfd6bbbbc9b
N002329,3b04aef5-bbe4-4c5a-95f7-50bed4cbce48
N002330,825e5eec-4ce1-4508-91ba-f841520f623e
N002331,37e2f214-a572-4210-a09d-99592e188b41
N002332,825e5eec-4ce1-4508-91ba-f841520f623e
N002333,825e5eec-4ce1-4508-91ba-f841520f623e
N002334,e0770d68-86a7-4668-86f1-504096c516a7
N002335,2e2f6179-d40a-463c-8caa-276e269791cc
N002336,b1e27e9e-0775-4450-b5b9-4f4a5fd99dd3
N002337,41836eb3-bbf6-4689-aa8d-f829d5676db7
N002338,41836eb3-bbf6-4689-aa8d-f829d5676db7
N002339,345f0132-f6c6-44cf-a040-7f69dcd84d2e
N002340,5462e681-5368-42a5-8710-5aa1870d69b7
N002341,db4dadfb-dab9-41d6-9f26-e09dda2b8689
N002342,db4dadfb-dab9-41d6-9f26-e09dda2b8689
N002343,db4dadfb-dab9-41d6-9f26-e09dda2b8689
N002344,46105eee-c48f-4e57-90e5-ba7117ba319c
N002345,46105eee-c48f-4e57-90e5-ba7117ba319c
N002346,c0fdf1f5-4df4-42a8-babb-4311923e87cf
N002347,c0fdf1f5-4df4-42a8-babb-4311923e87cf
N002348,b4f5b890-34bb-44c6-bd23-558515235499
N002349,aab0c32a-6405-4c69-ac1a-b85e63891404
N002350,bfc2b030-5031-4056-846f-535efdd923f0
N002351,f107fd63-8031-4e5b-9866-18c0cb0ffa40
N002352,1f290aa4-5275-4f56-940f-5f0b67b2e8bb
N002353,c21308d8-1d82-454b-9977-7bd6deaab593
N002354,c2e06a06-da46-4d60-9d5e-2954d84191af
N002355,41cca1c8-f548-42c5-9ba0-c1d8e537b183
N002356,7b6d6420-68af-437d-8be0-fa9ec8ff64cf
N002357,5395ad4e-367c-4464-8809-ecc439785ce1
N002358,8e54fe9c-85e1-4298-bea8-492be397e53c
N002359,8e54fe9c-85e1-4298-bea8-492be397e53c
N002360,ea74dcd9-9bc4-41be-900e-d5faffb5e929
N002361,f585a61d-9ed4-41c5-a008-8afb175f3029
N002362,834d6c18-4574-4578-a96e-329a39b8c4f7
N002363,f3ac0aa1-75b8-4329-81e4-114e9e92c346
N002364,c8afde08-cdfd-4b86-a992-8fbb455cc876
N002365,5e20eb49-49e0-4f2f-8ca4-e0d369e227fb
N002366,f445a774-a220-4ca4-9cd0-eb130fe835ed
N002367,1fe035a1-f2be-4edb-86f5-e2d67a7b7aa3
N002368,c40b8585-ebb6-4ef7-b225-ad4af0fb07e0
N002369,3c1d8e16-a024-43bf-9326-ed44eb0a8588
N002370,3c1d8e16-a024-43bf-9326-ed44eb0a8588
N002371,6927f47d-4c53-42d6-a286-82b8b1c35c79
N002372,0771c8ec-4e62-40d0-b378-f886710196b2
N002373,84f12fd2-dfbf-4f14-85ce-68f434efef54
N002374,35cbce3e-9a12-4aa6-a32c-f9d93fc160f5
N002375,c6c51cb8-ffb4-406c-afa2-b4e6d2368b21
N002376,6117be09-1516-4e5c-b8f7-60f1101dd8e2
N002377,34c4c0c5-367a-4a92-9e78-da4be49677db
N002378,964783c9-9a2d-415e-a746-b22469c2ab06
N002379,bc9117f8-e487-418a-bd21-6d320df97ba2
N002380,4cea4cb7-a557-48c9-a71e-d9dbe71cb153
N002381,bc9117f8-e487-418a-bd21-6d320df97ba2
N002382,bc9117f8-e487-418a-bd21-6d320df97ba2
N002383,4cea4cb7-a557-48c9-a71e-d9dbe71cb153
N002384,e72bcbe4-7e23-46d7-84bb-c656cb928a73
N002385,6c1c9b9a-49a5-41cc-a53a-951c8906ce1b
N002386,3d877018-2a4e-4749-b353-82b26c985932
N002387,6c1c9b9a-49a5-41cc-a53a-951c8906ce1b
N002388,6c1c9b9a-49a5-41cc-a53a-951c8906ce1b
N002389,6c1c9b9a-49a5-41cc-a53a-951c8906ce1b
N002390,6c1c9b9a-49a5-41cc-a53a-951c8906ce1b
N002391,3d877018-2a4e-4749-b353-82b26c985932
N002392,7c453fcc-48f4-4177-96f2-e5484bf54536
N002393,b4825231-13b4-4c56-a81d-4c511b0466f0
N002394,7c453fcc-48f4-4177-96f2-e5484bf54536
N002395,7c453fcc-48f4-4177-96f2-e5484bf54536
N002396,174f67fb-e263-4379-a423-e60c3fd6569a
N002397,174f67fb-e263-4379-a423-e60c3fd6569a
N002398,63ad7d75-5eb6-4da8-b1e3-001e42616ad7
N002399,5cf7f6b9-a8f6-437f-a05f-e3332635f827
N002400,073b8bc2-0d9a-4031-adae-4ff109ad7e7b
N002401,5cf7f6b9-a8f6-437f-a05f-e3332635f827
N002402,63ad7d75-5eb6-4da8-b1e3-001e42616ad7
N002403,5cf7f6b9-a8f6-437f-a05f-e3332635f827
N002404,5cf7f6b9-a8f6-437f-a05f-e3332635f827
N002405,8f197692-55ca-4382-ab8e-2feca67fe25a
N002406,641f06b3-94cc-4931-98f2-31aee33076a9
N002407,59a81ef4-3579-49a4-bcba-f34b74bfc4dd
N002408,ebe35a01-cb99-4371-9801-be0ca7e285be
N002409,0adf337e-e316-4924-88fd-dcd50c0c7ec3
N002410,79aec26a-2b69-46d7-b186-6cc20b9e8d77
N002411,24b56967-2ac0-4d2c-8ed8-711abc334ef5
N002412,b16382ac-eb46-4e44-9112-d774b4215233
N002413,a8f5af89-0dcc-475e-bf1d-dbf71e43b8b4
N002414,da925896-d77c-4e34-bd31-45d425f2fdd4
N002415,a8f5af89-0dcc-475e-bf1d-dbf71e43b8b4
N002416,da925896-d77c-4e34-bd31-45d425f2fdd4
N002417,a8f5af89-0dcc-475e-bf1d-dbf71e43b8b4
N002418,a8f5af89-0dcc-475e-bf1d-dbf71e43b8b4
N002419,a8f5af89-0dcc-475e-bf1d-dbf71e43b8b4
N002420,a8f5af89-0dcc-475e-bf1d-dbf71e43b8b4
N002421,a8f5af89-0dcc-475e-bf1d-dbf71e43b8b4
N002422,6b23ce2d-9e54-40ce-807e-ec1aec333207
N002423,30be17c0-80d9-4988-b420-0021f6e9130b
N002424,387b2864-2b73-48f1-b044-266ea48d5776
N002425,387b2864-2b73-48f1-b044-266ea48d5776
N002426,e9337f12-f1fc-421b-96d8-db680cd94efa
N002427,e9337f12-f1fc-421b-96d8-db680cd94efa
N002428,f436863b-cea8-46a8-b510-1c9d7c095e09
N002429,f436863b-cea8-46a8-b510-1c9d7c095e09
N002430,f436863b-cea8-46a8-b510-1c9d7c095e09
N002431,f436863b-cea8-46a8-b510-1c9d7c095e09
N002432,e01c6eb3-fdfe-4d0e-8abb-a7c71db6ce7d
N002433,dfc0fc68-5d0f-4474-a350-269890efce2b
N002434,852f26bd-a2ca-4734-ab3c-020f2e19ae1d
N002435,852f26bd-a2ca-4734-ab3c-020f2e19ae1d
N002436,852f26bd-a2ca-4734-ab3c-020f2e19ae1d
N002437,7bbfb0fa-0f0c-499c-81d9-6622a662fea5
N002438,574368e8-ca32-4808-b385-108bd01354b6
N002439,8d65fa14-401c-4fb3-84ad-c673b7fa6ad9
N002440,7206a413-41b2-4da0-ba80-177743186c9c
N002441,7206a413-41b2-4da0-ba80-177743186c9c
N002442,7206a413-41b2-4da0-ba80-177743186c9c
N002443,a6c779e4-2718-4331-a82b-06f9f9712cb9
N002444,9d5e174f-f4cf-4a56-8e48-44026ba420f6
N002445,61ad8700-e705-4cc3-9121-25c98ae9bdcd
N002446,f13ea376-ae89-490b-a89a-d334ad9f0829
N002447,f13ea376-ae89-490b-a89a-d334ad9f0829
N002448,cebfeb19-ab73-4010-b910-687c45fc4e49
N002449,68f5781a-cb8f-4ef6-91b4-968d5da6709c
N002450,ab633cb1-dd2d-4b25-a4a6-7211c67f5c00
N002451,1dfae4a8-55c1-4ce6-a20b-9c87413b3d1c
N002452,d6bccb8e-5b68-4c94-a516-2c8a7964dac2
N002453,20c8050b-2718-4f0f-86a9-8c20749880e8
N002454,98544b3e-e120-4394-b08c-a3fdd31744a0
N002455,034fc79e-75cf-45f7-8414-3a5e4bfe2ed2
N002456,4c063be8-d932-4c1b-b875-2146b3aa5670
N002457,4c063be8-d932-4c1b-b875-2146b3aa5670
N002458,990f1a57-2074-427b-96cc-8db9307be692
N002459,990f1a57-2074-427b-96cc-8db9307be692
N002460,8f163e82-c890-49dc-916a-7161d254ac17
N002461,dfc5d6db-09d9-41a7-b2b2-300257372fac
N002462,7d6c5084-a4f1-47e6-b71a-1b4127eb8253
N002463,e05afb3f-1ec9-4023-b54d-b69f3f5ab088
N002464,ac3f6d5d-b53c-426e-aab7-df1c931b027b
N002465,4cc4fc15-0478-4474-a526-c952b2094294
N002466,05007fef-b7ca-474a-8d32-4f21d833d656
N002467,b7a41ad8-2951-4ca5-b1d3-79633ca8d6f6
N002468,b7a41ad8-2951-4ca5-b1d3-79633ca8d6f6
N002469,b7a41ad8-2951-4ca5-b1d3-79633ca8d6f6
N002470,be79acc8-0ba7-4f64-b1ed-0b5bbf14187d
N002471,f585a61d-9ed4-41c5-a008-8afb175f3029
N002472,be79acc8-0ba7-4f64-b1ed-0b5bbf14187d
N002473,be79acc8-0ba7-4f64-b1ed-0b5bbf14187d
N002474,be79acc8-0ba7-4f64-b1ed-0b5bbf14187d
N002475,be79acc8-0ba7-4f64-b1ed-0b5bbf14187d
N002476,be79acc8-0ba7-4f64-b1ed-0b5bbf14187d
N002477,be79acc8-0ba7-4f64-b1ed-0b5bbf14187d
N002478,e9e0de9a-b468-42d5-a416-5f7e264ba33d
N002479,8bea80b7-7988-47f1-9948-0e0403dd4583
N002480,7e370846-65a8-4407-ae7c-6d089867d7bd
N002481,8bea80b7-7988-47f1-9948-0e0403dd4583
N002482,8bea80b7-7988-47f1-9948-0e0403dd4583
N002483,8bea80b7-7988-47f1-9948-0e0403dd4583
N002484,7e370846-65a8-4407-ae7c-6d089867d7bd
N002485,6b19a996-5ce5-4943-8570-a47504c2d0b5
N002486,bb543c7a-8f3e-47d4-b4ef-c61dd289997c
N002487,05af5cf6-ab3b-4c51-b70b-dd392bd1d34b
N002488,70c7177e-a977-4b8b-b016-9c060920712f
N002489,52eb4017-e34a-48ae-909f-010bd6993aa8
N002490,52eb4017-e34a-48ae-909f-010bd6993aa8
N002491,52eb4017-e34a-48ae-909f-010bd6993aa8
N002492,52eb4017-e34a-48ae-909f-010bd6993aa8
N002493,52eb4017-e34a-48ae-909f-010bd6993aa8
N002494,52eb4017-e34a-48ae-909f-010bd6993aa8
N002495,52eb4017-e34a-48ae-909f-010bd6993aa8
N002496,52eb4017-e34a-48ae-909f-010bd6993aa8
N002497,41f1319e-747b-4652-a6db-19084a7e23bb
N002498,b1f4c4c4-9134-4082-b289-009b2f22959e
N002499,b1f4c4c4-9134-4082-b289-009b2f22959e
N002500,b1f4c4c4-9134-4082-b289-009b2f22959e
N002501,b1f4c4c4-9134-4082-b289-009b2f22959e
N002502,b1f4c4c4-9134-4082-b289-009b2f22959e
N002503,b1f4c4c4-9134-4082-b289-009b2f22959e
N002504,b1f4c4c4-9134-4082-b289-009b2f22959e
N002505,b1f4c4c4-9134-4082-b289-009b2f22959e
N002506,fd17b796-5856-457c-aa13-a6e65c695a5a
N002507,7426b64c-0d38-469d-9592-2be332328de1
N002508,7426b64c-0d38-469d-9592-2be332328de1
N002509,816bfba9-9cbf-4b85-92db-2959f394e532
N002510,816bfba9-9cbf-4b85-92db-2959f394e532
N002511,c12ea75f-280b-47e6-b420-b00a48b7e9ac
N002512,734ca530-0523-47e8-b854-97c8238dfe09
N002513,734ca530-0523-47e8-b854-97c8238dfe09
N002514,734ca530-0523-47e8-b854-97c8238dfe09
N002515,734ca530-0523-47e8-b854-97c8238dfe09
N002516,734ca530-0523-47e8-b854-97c8238dfe09
N002517,734ca530-0523-47e8-b854-97c8238dfe09
N002518,7d231467-30fd-461c-88fd-34ee65a56bdd
N002519,321262d3-c793-4af8-b886-a312efe7edbc
N002520,136f2239-f8c0-42ca-8ddd-b3da98fcbe42
N002521,d8de96c3-dac8-4453-8165-a7cd0d5598c5
N002522,f3dd5290-9451-4935-aeeb-54a135eb134e
N002523,492f512b-c296-43b2-b5f6-50c88617f28a
N002524,3e8c0006-7892-42d8-9384-2d4c53a55d24
N002525,21afa51a-6d5c-4d74-a89c-bb8f615225fb
N002526,21afa51a-6d5c-4d74-a89c-bb8f615225fb
N002527,d30d75a7-039d-4c9a-a8da-c9314dd648a6
N002528,f2a0bfb3-382b-43a6-8c6c-4f7b4573ba27
N002529,9c3d03c2-e609-4b1e-bd55-8ea95775f571
N002530,994fb6d8-eb68-4a38-8c5d-117deae3ecb7
N002531,c46fa795-f56a-47d2-aadc-caffd09e2973
N002532,994fb6d8-eb68-4a38-8c5d-117deae3ecb7
N002533,da47aaba-a990-4749-9867-611bd54fd5a9
N002534,18dfd82b-e5cd-4dbf-a85d-3ff30b4b7179
N002535,18dfd82b-e5cd-4dbf-a85d-3ff30b4b7179
N002536,18dfd82b-e5cd-4dbf-a85d-3ff30b4b7179
N002537,18dfd82b-e5cd-4dbf-a85d-3ff30b4b7179
N002538,18dfd82b-e5cd-4dbf-a85d-3ff30b4b7179
N002539,f86988a9-a8bb-404e-a512-d9f3455d7ed4
N002540,f86988a9-a8bb-404e-a512-d9f3455d7ed4
N002541,712c742a-dc6c-4251-a3b4-c660332d020b
N002542,23558e54-fc3b-4dad-8d8b-acad7b909bff
N002543,ba04ce3a-943e-4d2c-9c17-71b68c76687d
N002544,8b474125-067f-4d15-b8f2-0c7562a909d5
N002545,edc3b53b-6d4e-4a63-8a70-7e5632a819d4
N002546,d4da6f90-bf37-4378-be41-ece734901166
N002547,f2953325-28ad-4070-baee-fbe2dfd8a5f8
N002548,c6e975b9-6f48-472c-a434-110b24ef8a9c
N002549,1785e6e0-11ba-480d-b388-12c5392147e1
N002550,1785e6e0-11ba-480d-b388-12c5392147e1
N002551,1785e6e0-11ba-480d-b388-12c5392147e1
N002552,48b03a3f-d0b0-4c46-bdf0-234b03262790
N002553,d36a047d-15f1-436c-a6ea-c7ae080caecc
N002554,fe2e8074-64dc-4d72-8afe-8fe60003375f
N002555,a8ab361e-53d2-4beb-b8cf-976051adbc29
N002556,cc94887d-2b32-4553-a303-3d412a2ce4bf
N002557,d12a87a3-3992-41dd-86f3-7dadc115c211
N002558,cc94887d-2b32-4553-a303-3d412a2ce4bf
N002559,cc94887d-2b32-4553-a303-3d412a2ce4bf
N002560,5dbe85cf-8202-4db3-b06f-7058b913918f
N002561,58a9a71d-8f5d-4d41-821d-1c3e15889dfc
N002562,d8bec38c-6582-4c22-a7c0-e9d7a84a757c
N002563,d8bec38c-6582-4c22-a7c0-e9d7a84a757c
N002564,d8bec38c-6582-4c22-a7c0-e9d7a84a757c
N002565,58a9a71d-8f5d-4d41-821d-1c3e15889dfc
N002566,24ab7a46-337c-4471-947f-c9f820e72d3e
N002567,3d4fd3af-509a-4285-b017-f8b671929aa6
N002568,3d4fd3af-509a-4285-b017-f8b671929aa6
N002569,3d4fd3af-509a-4285-b017-f8b671929aa6
N002570,593904ee-5a48-458c-a386-38f297b83427
N002571,593904ee-5a48-458c-a386-38f297b83427
N002572,23a2ea25-7f93-4251-9c6e-ba7111cfe805
N002573,992eaaf6-67db-49f9-9010-bea0a5163121
N002574,23a2ea25-7f93-4251-9c6e-ba7111cfe805
N002575,593904ee-5a48-458c-a386-38f297b83427
N002576,856f177a-04ca-47ab-9ee3-4bcaf4d8d6e3
N002577,50b58b8c-ebea-4c28-a3c6-c2d621ae25a0
N002578,50b58b8c-ebea-4c28-a3c6-c2d621ae25a0
N002579,21f7e235-7637-457d-b6c9-125dea390328
N002580,4459b30a-02ea-49be-9a4d-def4c7096b14
N002581,5a5f1d49-2857-4148-86f5-5e798b43102b
N002582,6a5fc1e5-f3f8-4be3-a412-3e8a29aee1c8
N002583,e878bb9d-7fbc-4be9-896d-3b90e09da09d
N002584,e878bb9d-7fbc-4be9-896d-3b90e09da09d
N002585,74f037d5-c0ca-4ace-a21e-cfdc10925a9c
N002586,a33701fb-3946-4670-b719-b3caf825d69d
N002587,2ad014e7-d7d2-4cbf-87de-6dc50e1ef4aa
N002588,11658188-d42c-4a45-888a-60289c0f3693
N002589,1bce9a5d-2737-412b-b92f-a5e47844c1c2
N002590,1bce9a5d-2737-412b-b92f-a5e47844c1c2
N002591,1bce9a5d-2737-412b-b92f-a5e47844c1c2
N002592,a963c5f2-241c-409d-afde-08522ecd2e5d
N002593,1c6e0286-aa31-4050-8edd-d21345828a55
N002594,a963c5f2-241c-409d-afde-08522ecd2e5d
N002595,a963c5f2-241c-409d-afde-08522ecd2e5d
N002596,1c6e0286-aa31-4050-8edd-d21345828a55
N002597,f585a61d-9ed4-41c5-a008-8afb175f3029
N002598,24db8011-8b89-4a84-8545-b00c7c1caa4e
N002599,24db8011-8b89-4a84-8545-b00c7c1caa4e
N002600,58a9a71d-8f5d-4d41-821d-1c3e15889dfc
N002601,24db8011-8b89-4a84-8545-b00c7c1caa4e
N002602,24db8011-8b89-4a84-8545-b00c7c1caa4e
N002603,24db8011-8b89-4a84-8545-b00c7c1caa4e
N002604,38e8b230-b4f1-4d0a-b9d1-4ec0593a577e
N002605,a134e7b7-82be-4f9e-8ee8-dabc22f5ba7c
N002606,38e8b230-b4f1-4d0a-b9d1-4ec0593a577e
N002607,ef6dea01-b3b7-47ef-9102-26463024ee87
N002608,8673fbbd-a2e0-4481-b8bb-4f3cd7ba33ba
N002609,4d3d4ef2-6136-467f-9dfb-02bddfc9f309
N002610,8e963dd4-60c6-4010-ac96-9e01fb8fa679
N002611,34e31131-e41a-4cd7-b8da-bddcb74ec8d9
N002612,e7da53b4-991b-4693-a55c-01d472c020d6
N002613,0608be28-650e-4768-8e0c-11285064bdc8
N002614,1d5bfc02-603e-461c-b0ee-6a7a207161a2
N002615,0488c7f2-3169-4122-8081-5a2d5aa3f0ad
N002616,29fb625c-d5d1-4566-8acf-9222efbbe645
N002617,15d89a70-82b4-4c16-8282-f617a869328b
N002618,15d89a70-82b4-4c16-8282-f617a869328b
N002619,15d89a70-82b4-4c16-8282-f617a869328b
N002620,d0a84623-280d-42bd-94a7-bd35f2368782
N002621,5fffac03-f010-46eb-8289-ea5fbf327941
N002622,b2316164-b5d6-4d61-a7f9-bc6f16d8a63d
N002623,e72fe9da-e17e-47e4-bb9f-5e41383387ab
N002624,7693396d-8921-46e8-9673-580458bee3d5
N002625,85f5fd32-71ad-4f35-90af-8aad46dc6d10
N002626,85f5fd32-71ad-4f35-90af-8aad46dc6d10
N002627,c603102d-5ac1-4290-a197-ad63100b200a
N002628,c603102d-5ac1-4290-a197-ad63100b200a
N002629,c603102d-5ac1-4290-a197-ad63100b200a
N002630,6d418f9e-e416-4ca2-bd9b-a26baaea37a4
N002631,28269b5f-ad65-4603-96a3-47cc2d70c9ad
N002632,3ed17d24-6184-4f58-865e-7debb8fc8355
N002633,3ed17d24-6184-4f58-865e-7debb8fc8355
N002634,a2c89278-5fcd-44e4-9aa1-2bd360197387
N002635,ee447d94-2f60-4df5-9abf-35a1c9917627
N002636,740311ed-16d5-47df-bcc5-a87bedab010b
N002637,82b35081-3f17-4b94-86d6-9767c395bebd
N002638,5c5d75c2-957f-42e3-8f86-ceb606abe8e3
N002639,5c5d75c2-957f-42e3-8f86-ceb606abe8e3
N002640,5c5d75c2-957f-42e3-8f86-ceb606abe8e3
N002641,88f66e40-f32a-4e69-bf54-d0e66817bb03
N002642,9e844052-c489-4523-8c89-6d31c83dd5e1
N002643,ac229124-e5c0-470b-9609-5f5dfe449146
N002644,4e6067e6-a9cd-4c49-a03f-2f9013e5422b
N002645,4e6067e6-a9cd-4c49-a03f-2f9013e5422b
N002646,9d5e174f-f4cf-4a56-8e48-44026ba420f6
N002647,125f6ac7-e72c-4c91-830b-859945b7c052
N002648,125f6ac7-e72c-4c91-830b-859945b7c052
N002649,125f6ac7-e72c-4c91-830b-859945b7c052
N002650,0e9ab2a6-1a03-4662-b094-6af898c35869
N002651,e955fc21-c581-4928-91af-df5ef7c3992a
N002652,e955fc21-c581-4928-91af-df5ef7c3992a
N002653,e955fc21-c581-4928-91af-df5ef7c3992a
N002654,e955fc21-c581-4928-91af-df5ef7c3992a
N002655,e955fc21-c581-4928-91af-df5ef7c3992a
N002656,c15b06ba-63f2-4336-b927-cd1a470ace01
N002657,c15b06ba-63f2-4336-b927-cd1a470ace01
N002658,c15b06ba-63f2-4336-b927-cd1a470ace01
N002659,6ff141c1-98fc-4bce-9537-cfa043b30bc8
N002660,3393d2e1-568a-4035-8698-1d1c466b97f5
N002661,6ff141c1-98fc-4bce-9537-cfa043b30bc8
N002662,6ff141c1-98fc-4bce-9537-cfa043b30bc8
N002663,3393d2e1-568a-4035-8698-1d1c466b97f5
N002664,6ff141c1-98fc-4bce-9537-cfa043b30bc8
N002665,b5159117-203b-4d7b-acb5-7f2e80ff01c0
N002666,7ad56fb4-f4bc-4ccd-b9cc-18ab26370412
N002667,620828a0-37e9-4ece-b2a0-022e7580f94d
N002668,64fa95a0-71d0-4de7-93a7-0f28efc99e83
N002669,d12a87a3-3992-41dd-86f3-7dadc115c211
N002670,b88f978f-d1e7-4352-8df3-a86fcdea94c5
N002671,b88f978f-d1e7-4352-8df3-a86fcdea94c5
N002672,d825f790-8dae-4098-9414-e3dee4e0911d
N002673,d825f790-8dae-4098-9414-e3dee4e0911d
N002674,0fb9c688-d8f1-496a-965f-f8d2aa0ae1d3
N002675,d825f790-8dae-4098-9414-e3dee4e0911d
N002676,d825f790-8dae-4098-9414-e3dee4e0911d
N002677,d825f790-8dae-4098-9414-e3dee4e0911d
N002678,d825f790-8dae-4098-9414-e3dee4e0911d
N002679,f0b38715-c23d-4223-bad0-bf09e0992e7a
N002680,d825f790-8dae-4098-9414-e3dee4e0911d
N002681,976ae803-bee7-4550-bc0d-994cdd522f8b
N002682,8ad20c72-f812-4c50-8a80-7c710f3e483d
N002683,0fb9c688-d8f1-496a-965f-f8d2aa0ae1d3
N002684,b0bf5649-fb92-4246-b2f8-3e2e27d84b47
N002685,33e54298-9e7b-4f85-813a-9c3dd6f7aff2
N002686,b0bf5649-fb92-4246-b2f8-3e2e27d84b47
N002687,a5f71c04-483b-4bc2-830c-2bb108f47a13
N002688,90b13d80-323a-4322-b4de-16e801c47a9b
N002689,01897fa2-d298-4eb9-a3a5-c3edca472eb5
N002690,01897fa2-d298-4eb9-a3a5-c3edca472eb5
N002691,82e6bbee-328c-404e-98d4-7e4efc8c90eb
N002692,f2180ada-bf7a-418e-b3fb-f7aa4f421fab
N002693,0046bc74-0ee9-47da-8ef4-b5574b66c25f
N002694,f30eaf74-61b4-4aaa-8e78-57a00a856428
N002695,756260a0-b657-406f-a6c4-9036280ab0bc
N002696,ecfba1d0-a00f-4195-a128-1c771d4e911a
N002697,afdf5206-48de-4877-85c6-8bc396b6b4b3
N002698,f1702966-dcda-4f77-9d5b-47db6e8f817c
N002699,af059c71-1a06-4860-84b9-d0323f1198ac
N002700,af059c71-1a06-4860-84b9-d0323f1198ac
N002701,e8c5b96b-bb40-4997-8f59-329c261ae90f
N002702,af059c71-1a06-4860-84b9-d0323f1198ac
N002703,e8c5b96b-bb40-4997-8f59-329c261ae90f
N002704,af059c71-1a06-4860-84b9-d0323f1198ac
N002705,d95a5e08-adbe-460f-aeae-7ce1ba58af85
N002706,55654d16-8934-4f58-8322-787ba4326c6c
N002707,55654d16-8934-4f58-8322-787ba4326c6c
N002708,55654d16-8934-4f58-8322-787ba4326c6c
N002709,13566fb2-b6e9-45e9-b80a-85be315c88bf
N002710,13566fb2-b6e9-45e9-b80a-85be315c88bf
N002711,f4ee867c-e58d-4de6-a8b3-588611cbd1f7
N002712,0fb9c688-d8f1-496a-965f-f8d2aa0ae1d3
N002713,9456b9a0-a71a-407d-96c8-6ef8164326c5
N002714,9456b9a0-a71a-407d-96c8-6ef8164326c5
N002715,e60f8b9f-c821-4202-8ea9-85927f4e7f27
N002716,6f9a8e26-5e72-4366-9b6d-3bd7110755dd
N002717,e67028c4-d710-4c12-a984-ba0067fb1a15
N002718,6f9a8e26-5e72-4366-9b6d-3bd7110755dd
N002719,6f9a8e26-5e72-4366-9b6d-3bd7110755dd
N002720,b85969e7-5a4e-49fa-84af-88ad04590d1b
N002721,5e2d9a5b-6275-48ef-bfba-c88d05f9a42d
N002722,07dcea52-9912-4243-bd2e-f3bf49d91b31
N002723,07dcea52-9912-4243-bd2e-f3bf49d91b31
N002724,e5f06615-80d5-4320-aa61-95e014f61623
N002725,74b0f059-5534-4c7e-a856-dddff308af32
N002726,6f2e1835-4025-4168-a3e6-3c0a0d9daa6c
N002727,aa2ed3e1-de2a-4241-ad28-944cfe6607e5
N002728,aa2ed3e1-de2a-4241-ad28-944cfe6607e5
N002729,96179379-a72b-420c-bd17-44d42bfb40bf
N002730,7afad13a-8045-4f78-9376-de6d66cd518a
N002731,edccb72b-2bab-43b0-b8e9-e6e2905939cc
N002732,b92252e3-c9b2-4350-a80a-d4e8cd764a5b
N002733,edccb72b-2bab-43b0-b8e9-e6e2905939cc
N002734,edccb72b-2bab-43b0-b8e9-e6e2905939cc
N002735,edccb72b-2bab-43b0-b8e9-e6e2905939cc
N002736,21f686fc-9584-42df-b971-bb0342c55c64
N002737,21f686fc-9584-42df-b971-bb0342c55c64
N002738,21f686fc-9584-42df-b971-bb0342c55c64
N002739,21f686fc-9584-42df-b971-bb0342c55c64
N002740,21f686fc-9584-42df-b971-bb0342c55c64
N002741,21f686fc-9584-42df-b971-bb0342c55c64
N002742,c8b90c8b-c769-4471-90b2-7f04d8eb641b
N002743,2216240f-67c1-4ca1-8ee6-366caca50988
N002744,2216240f-67c1-4ca1-8ee6-366caca50988
N002745,2216240f-67c1-4ca1-8ee6-366caca50988
N002746,8da5da5b-87f9-47bf-9d2e-f37b66a918f1
N002747,8da5da5b-87f9-47bf-9d2e-f37b66a918f1
N002748,02a5f7c7-24c8-4ef9-93a0-079e9e4859b6
N002749,0ce48a99-1fda-4cca-b354-1ee5d57f1b01
N002750,9bfbb352-2789-496a-ba9d-92df3c48dc4f
N002751,e7f73299-2888-4ff6-94c1-67d189c82f5f
N002752,e7f73299-2888-4ff6-94c1-67d189c82f5f
N002753,47736398-d192-4b46-962e-f57dccf38e23
N002754,84466e31-3f94-46c2-a93f-50147cde42ce
N002755,84466e31-3f94-46c2-a93f-50147cde42ce
N002756,d12a87a3-3992-41dd-86f3-7dadc115c211
N002757,4f4db531-eb14-43cd-9ade-a5fc53cbdf16
N002758,8653a7d1-de78-4967-8973-f9f9facf6dc0
N002759,8653a7d1-de78-4967-8973-f9f9facf6dc0
N002760,8653a7d1-de78-4967-8973-f9f9facf6dc0
N002761,2c429403-b61f-441d-b202-b0f6ccc98d42
N002762,b8b9d500-04d9-49ae-93d1-4d17ff684d5a
N002763,b8b9d500-04d9-49ae-93d1-4d17ff684d5a
N002764,b8b9d500-04d9-49ae-93d1-4d17ff684d5a
N002765,b8b9d500-04d9-49ae-93d1-4d17ff684d5a
N002766,b8b9d500-04d9-49ae-93d1-4d17ff684d5a
N002767,5c22510c-2e52-4b86-bffe-407ed4ad525f
N002768,0e49fc7d-a97f-47a3-a90f-8608592a0f7d
N002769,0e49fc7d-a97f-47a3-a90f-8608592a0f7d
N002770,0e49fc7d-a97f-47a3-a90f-8608592a0f7d
N002771,58a9a71d-8f5d-4d41-821d-1c3e15889dfc
N002772,c0178c20-c271-49f2-8e72-577cf6102cda
N002773,9d7c8c61-917e-4594-bf29-eea446d1d911
N002774,1e7e5566-8995-409b-9432-381f5205caa3
N002775,1e7e5566-8995-409b-9432-381f5205caa3
N002776,801901bc-3169-434d-b9c5-ebaef694c301
N002777,4a7cc1c6-044e-4adb-a022-1ec31d0f0421
N002778,4a7cc1c6-044e-4adb-a022-1ec31d0f0421
N002779,9c9a3e1d-782a-4c53-9925-d0426af055be
N002780,f3296607-bc7f-4b76-80f3-f055ec697e70
N002781,d7d9472a-fc64-4c5a-b979-fa99d5cad70e
N002782,f585a61d-9ed4-41c5-a008-8afb175f3029
N002783,08e654ff-b88e-4102-8e03-0c1ab229a0ad
N002784,0a7a9fb4-5609-4d14-910b-ce015aa4b889
N002785,f22d22b5-69d5-40be-ba6b-323696ec2096
N002786,c9bf0d23-15f7-4614-aa1f-230e0eeda402
N002787,81cfd4db-8a49-4ecd-80ca-c6fdc7737bfc
N002788,27a37413-de0c-413e-9d85-a5a391d965fd
N002789,27a37413-de0c-413e-9d85-a5a391d965fd
N002790,6dce1cd9-4948-461d-a872-1c20868a8213
N002791,6dce1cd9-4948-461d-a872-1c20868a8213
N002792,0fb9c688-d8f1-496a-965f-f8d2aa0ae1d3
N002793,00f08c7c-f1e8-4cf4-b4f5-b6b5df3160e7
N002794,a59c017e-0a80-4497-9158-14a3991670ca
N002795,a59c017e-0a80-4497-9158-14a3991670ca
N002796,a59c017e-0a80-4497-9158-14a3991670ca
N002797,a59c017e-0a80-4497-9158-14a3991670ca
N002798,a59c017e-0a80-4497-9158-14a3991670ca
N002799,1f3d3396-5de2-45c9-aa4a-1e5789a5575d
N002800,b0275035-36f7-44b0-9185-86700402b73f
N002801,6ccc0198-f672-4a7c-90dc-fd05a8d1e8ea
N002802,50a839ec-864c-4833-9d84-459cacbeee5f
N002803,7cf8770d-7710-4342-a29a-7bdd0ec0b6fb
N002804,37a078be-94d1-4abf-8fda-3a62553c479e
N002805,4ef927b8-acb9-466d-b691-be486c22068d
N002806,c2782244-cf7e-4400-a012-385ac2d6f0ff
N002807,264487d0-0d9c-4c10-b0c9-57a263c0d8b1
N002808,24b29626-0986-47d3-acae-244ae30d03f0
N002809,24b29626-0986-47d3-acae-244ae30d03f0
N002810,ff88cb70-19a5-4357-98df-00cbf95063a0
N002811,6c86863c-3b2c-4a8f-8c55-50646c124f29
N002812,ea2c2b54-d5d5-457a-9a39-151c3ec5b70f
N002813,58a9a71d-8f5d-4d41-821d-1c3e15889dfc
N002814,ff659f02-7d37-4c09-98a2-e0cf0abf60a5
N002815,d40c31a3-5c08-4368-85c7-c604d65c5392
N002816,ff659f02-7d37-4c09-98a2-e0cf0abf60a5
N002817,0fb9c688-d8f1-496a-965f-f8d2aa0ae1d3
N002818,2ddd5826-5ddb-40ca-9415-e6b38b07d8f3
N002819,b1e27e9e-0775-4450-b5b9-4f4a5fd99dd3
N002820,163c1118-b684-4a5a-be03-78be57c211af
N002821,7b34aa0f-8f8f-42de-a341-6352e48a22ad
N002822,251431eb-e322-4021-baa3-343ebe8448ec
N002823,251431eb-e322-4021-baa3-343ebe8448ec
N002824,251431eb-e322-4021-baa3-343ebe8448ec
N002825,251431eb-e322-4021-baa3-343ebe8448ec
N002826,251431eb-e322-4021-baa3-343ebe8448ec
N002827,251431eb-e322-4021-baa3-343ebe8448ec
N002828,508023c5-5d90-43ba-a00f-c13bd9141f37
N002829,5600f003-5bf2-4e4c-8151-d0b2587f512c
N002830,2f7535e0-43cd-464f-ae92-9bbfeeaeda30
N002831,2036c8e3-5545-49ab-a400-be678c271a7a
N002832,2036c8e3-5545-49ab-a400-be678c271a7a
N002833,6f1c3e19-29c6-48f0-9ad7-8db55e9ed9b1
N002834,47d0bfca-c1d1-4d1e-b54e-7bbec0f6a9cc
N002835,f3de0f66-a5e8-49ee-985b-de5519fe7ff1
N002836,b6e3271a-dc9a-49ad-946f-0466c90cac79
N002837,90ea7cc8-b593-4543-9df6-1e6e49d43bbc
N002838,90ea7cc8-b593-4543-9df6-1e6e49d43bbc
N002839,90ea7cc8-b593-4543-9df6-1e6e49d43bbc
N002840,1fb0558e-b35a-4a56-881a-2f8142427b70
N002841,0fb9c688-d8f1-496a-965f-f8d2aa0ae1d3
N002842,0308a481-d8f6-4188-bf66-e86114b8d0f9
N002843,bd082eec-0d92-4daa-b6d8-adf48e906f50
N002844,2f907e66-ea50-4d36-b569-ee113a2fb40a
N002845,1e50df8b-7c8f-4b37-a27b-52bebfcbfaf6
N002846,018605f3-75c9-4c1e-9f8d-e79c7d64edba
N002847,018605f3-75c9-4c1e-9f8d-e79c7d64edba
N002848,ab749e88-68db-4935-b8eb-1b69a34ccfc7
N002849,ab749e88-68db-4935-b8eb-1b69a34ccfc7
N002850,ab749e88-68db-4935-b8eb-1b69a34ccfc7
N002851,3d695e1f-24a0-4b4f-9f29-f047dbcf07dd
N002852,3a4cb566-4f3e-422b-b803-0749addd7648
N002853,96199a37-b529-4b05-bf0d-46a255d37057
N002854,3a4cb566-4f3e-422b-b803-0749addd7648
N002855,65d2be06-0d6a-4f77-9085-a71a0ece8914
N002856,1db5be06-4672-41d5-8297-2131712e8c8e
N002857,55aa75d4-e787-408c-94d5-64f3879485c0
N002858,3cebf76a-bb8b-4153-8c8a-9258f7f10f2b
N002859,3cebf76a-bb8b-4153-8c8a-9258f7f10f2b
N002860,0cd57e48-e133-4a6e-8c21-88d640b69852
N002861,0cd57e48-e133-4a6e-8c21-88d640b69852
N002862,bff9d46f-a645-4b65-8ae3-950270f6a216
N002863,835331ba-35ef-4eac-b943-0f61da24a6c2
N002864,5de4e176-10d5-4bc7-8133-1006120baa9d
N002865,6812e821-6e53-48a5-b8c1-2a1188082f8d
N002866,d12a87a3-3992-41dd-86f3-7dadc115c211
N002867,5d7072fe-4600-49e6-bc7c-db0de2ad3d78
N002868,5d7072fe-4600-49e6-bc7c-db0de2ad3d78
N002869,5d7072fe-4600-49e6-bc7c-db0de2ad3d78
N002870,5d7072fe-4600-49e6-bc7c-db0de2ad3d78
N002871,944ec74a-c897-47b4-a31b-9181a0b2a1fe
N002872,5d7072fe-4600-49e6-bc7c-db0de2ad3d78
N002873,df6ab1a6-897c-4b86-9fd0-846d2ff47f4a
N002874,df6ab1a6-897c-4b86-9fd0-846d2ff47f4a
N002875,20d35b8f-d51d-41e3-9c09-3777add124dc
N002876,df6ab1a6-897c-4b86-9fd0-846d2ff47f4a
N002877,df6ab1a6-897c-4b86-9fd0-846d2ff47f4a
N002878,e6ef6216-b4c6-41a4-a88e-4668db01497f
N002879,e6ef6216-b4c6-41a4-a88e-4668db01497f
N002880,a573546f-37f1-47a9-aaef-eab767e5db78
N002881,893447ce-21b8-4dc9-a27f-0e02ab90a72f
N002882,24ad4613-d15a-402c-bea8-31440c9ba3ba
N002883,c9a0c171-e3f3-4bf0-aae3-2d6da71346cf
N002884,6d5a3048-a480-4bec-85b9-cafda3478e53
N002885,e488849f-e8a8-4632-b9dd-d35fa73ce5e2
N002886,6c13d736-806d-4202-bbfa-207eec1eccee
N002887,1bb3738f-40b1-4a1b-bcea-be738ea01d16
N002888,1bb3738f-40b1-4a1b-bcea-be738ea01d16
N002889,1bb3738f-40b1-4a1b-bcea-be738ea01d16
N002890,cf5026f9-e292-4b7d-9b3e-9700d449da1e
N002891,c8dcd821-941f-4dc3-a0a2-d061c8d00f92
N002892,849f1341-a4fb-4eb9-a402-7a17e44469ae
N002893,849f1341-a4fb-4eb9-a402-7a17e44469ae
N002894,c8dcd821-941f-4dc3-a0a2-d061c8d00f92
N002895,c8dcd821-941f-4dc3-a0a2-d061c8d00f92
N002896,c8dcd821-941f-4dc3-a0a2-d061c8d00f92
N002897,c8dcd821-941f-4dc3-a0a2-d061c8d00f92
N002898,a1ff92af-e82a-4b15-953f-77046cdefbaf
N002899,ca2d0818-736c-46ea-812e-fc8966ab78de
N002900,ca2d0818-736c-46ea-812e-fc8966ab78de
N002901,99a6a59c-4c4f-4452-9599-ccf56c99bb0c
N002902,ca2d0818-736c-46ea-812e-fc8966ab78de
N002903,bfaf0385-b236-4df0-9f39-fb35c22f77fa
N002904,bfaf0385-b236-4df0-9f39-fb35c22f77fa
N002905,bfaf0385-b236-4df0-9f39-fb35c22f77fa
N002906,b64d0e7f-8903-419a-9455-5c60256e8430
N002907,ab8ba213-c385-40ea-b4a5-69fe2d5aa2c0
N002908,ab8ba213-c385-40ea-b4a5-69fe2d5aa2c0
N002909,ba3e69fb-9a0a-4a16-ba54-ab424d11126b
N002910,ba3e69fb-9a0a-4a16-ba54-ab424d11126b
N002911,ba3e69fb-9a0a-4a16-ba54-ab424d11126b
N002912,955420f4-4bbb-4109-8d3c-9fb17572bb90
N002913,a8e8a83a-d2ca-4ccc-9378-a6c49005e753
N002914,542fc96d-0ed2-471e-8773-97d2ff858197
N002915,fc77eb0a-1f98-4533-9adb-0f4da3ce1b65
N002916,fc77eb0a-1f98-4533-9adb-0f4da3ce1b65
N002917,db46c06d-b588-415e-ad87-4ec9d6c8ed05
N002918,db46c06d-b588-415e-ad87-4ec9d6c8ed05
N002919,f68dc0df-208a-4b0d-bb4f-1187282552ad
N002920,f68dc0df-208a-4b0d-bb4f-1187282552ad
N002921,992eaaf6-67db-49f9-9010-bea0a5163121
N002922,d9feaf2d-308e-4fa9-8973-b797038d5d22
N002923,1b2eaa87-d5e8-429a-9ee3-86e25c8d6035
N002924,aba15361-48ef-4c2b-92ec-fc0f3f651625
N002925,aba15361-48ef-4c2b-92ec-fc0f3f651625
N002926,aba15361-48ef-4c2b-92ec-fc0f3f651625
N002927,aba15361-48ef-4c2b-92ec-fc0f3f651625
N002928,aba15361-48ef-4c2b-92ec-fc0f3f651625
N002929,aba15361-48ef-4c2b-92ec-fc0f3f651625
N002930,23d1c703-7026-4a9c-b2d3-9c25ef60bd14
N002931,e02e8f03-ac9e-42a7-b5af-803934476ecc
N002932,23d1c703-7026-4a9c-b2d3-9c25ef60bd14
N002933,e02e8f03-ac9e-42a7-b5af-803934476ecc
N002934,23d1c703-7026-4a9c-b2d3-9c25ef60bd14
N002935,e02e8f03-ac9e-42a7-b5af-803934476ecc
N002936,cb416109-63b3-4053-b68a-1dc09d741c73
N002937,23d1c703-7026-4a9c-b2d3-9c25ef60bd14
N002938,a00d7097-42bf-48e5-9e33-62571d880c08
N002939,617a3b74-592c-47bf-9768-ef6874b427b5
N002940,14feffc9-e408-45ee-a65f-7a04fe327d59
N002941,617a3b74-592c-47bf-9768-ef6874b427b5
N002942,87144a30-1ae1-4ba3-9cef-2c3f7f2218d4
N002943,654dbab1-1113-4e9b-8f1e-791ef6f26718
N002944,473b7f25-b5bc-4db3-a0e8-34908a3510fc
N002945,dd1c8fa7-4292-40dc-a18c-9a1624a27fee
N002946,485e5bdb-3489-4acc-ab1f-a2f97511df75
N002947,c12ea75f-280b-47e6-b420-b00a48b7e9ac
N002948,c12ea75f-280b-47e6-b420-b00a48b7e9ac
N002949,c12ea75f-280b-47e6-b420-b00a48b7e9ac
N002950,c12ea75f-280b-47e6-b420-b00a48b7e9ac
N002951,c12ea75f-280b-47e6-b420-b00a48b7e9ac
N002952,c12ea75f-280b-47e6-b420-b00a48b7e9ac
N002953,cb9dbc88-d514-445d-9e11-f22b40e510ae
N002954,dfcbaa23-ced3-4b8b-9a14-cf4bae38d171
N002955,6f2e1835-4025-4168-a3e6-3c0a0d9daa6c
N002956,b47a7410-300b-4b84-a853-9b6b29407a0e
N002957,db65e57d-2f78-4525-81d9-f86f78de9e0c
N002958,dd961b95-369c-4418-a461-2916f6e41615
N002959,d1315c39-60b0-47e9-b448-71bb897ca3d9
N002960,b62c1389-4178-4556-a58e-8c39b0be841b
N002961,b62c1389-4178-4556-a58e-8c39b0be841b
N002962,b62c1389-4178-4556-a58e-8c39b0be841b
N002963,b62c1389-4178-4556-a58e-8c39b0be841b
N002964,b62c1389-4178-4556-a58e-8c39b0be841b
N002965,b62c1389-4178-4556-a58e-8c39b0be841b
N002966,b62c1389-4178-4556-a58e-8c39b0be841b
N002967,b62c1389-4178-4556-a58e-8c39b0be841b
N002968,8c5815f9-ab54-4426-aa5e-6eebbc35da15
N002969,e0d59a1d-eed9-4bc2-a2a4-8e402767b12d
N002970,c7d02eb4-f42f-4b12-af2d-0a1fc723c186
N002971,4d207f2a-4c4d-46c4-acd5-5124331803fd
N002972,9231d059-7d04-47cf-97c6-a7f302780537
N002973,c21308d8-1d82-454b-9977-7bd6deaab593
N002974,c21308d8-1d82-454b-9977-7bd6deaab593
N002975,9231d059-7d04-47cf-97c6-a7f302780537
N002976,9231d059-7d04-47cf-97c6-a7f302780537
N002977,8babc9d6-a7a2-4892-a362-3143f5462de1
N002978,9947a2b8-614e-42af-ad80-080f597e647b
N002979,9947a2b8-614e-42af-ad80-080f597e647b
N002980,9947a2b8-614e-42af-ad80-080f597e647b
N002981,ecbdf1ab-80d6-4bad-89c6-a3fdfbc9d6af
N002982,abfc89ed-2977-4eb4-aca0-e83727f40174
N002983,23f76119-2b4d-4614-b586-f6f762421b4a
N002984,a4a00737-e953-42de-b9b3-7b5ce7d44307
N002985,089ba9c4-d414-408e-9727-90570d2d2a8a
N002986,b1ed16bb-8ce1-4b2d-9faf-b66f6fcafc91
N002987,84338539-cd30-49c5-8d7f-adb2414e977a
N002988,7a2e74bd-36de-47c8-8368-2d62e01b121d
N002989,b9cb0d76-f31e-4da0-a978-7d13d418ff10
N002990,d6bccb8e-5b68-4c94-a516-2c8a7964dac2
N002991,7a2e74bd-36de-47c8-8368-2d62e01b121d
N002992,7a2e74bd-36de-47c8-8368-2d62e01b121d
N002993,7a2e74bd-36de-47c8-8368-2d62e01b121d
N002994,b9cb0d76-f31e-4da0-a978-7d13d418ff10
N002995,c64e2364-ff95-4fb7-8b7c-f15f44f141bd
N002996,1c6f4a6f-1527-4afa-94e4-6387f10245b9
N002997,e54bbef1-3e7e-4210-9180-4534d7cf815f
N002998,b402b8cb-e31c-4563-b20d-53e81646e1ce
N002999,b402b8cb-e31c-4563-b20d-53e81646e1ce
N003000,b402b8cb-e31c-4563-b20d-53e81646e1ce
N003001,b402b8cb-e31c-4563-b20d-53e81646e1ce
N003002,158afdfa-35d1-4024-bdee-880db1179392
N003003,5081171d-c253-4156-afaa-753c2e5b374e
N003004,354636d7-4bd6-4c74-8d80-f08fd38a2e01
N003005,58a9a71d-8f5d-4d41-821d-1c3e15889dfc
N003006,ae7c74aa-0aae-44b7-9d67-1b1f952e8eb5
N003007,b676759d-8501-4a52-b6bf-c3ffb62d1b56
N003008,708599ec-fd52-411f-a328-c133064cf109
N003009,708599ec-fd52-411f-a328-c133064cf109
N003010,708599ec-fd52-411f-a328-c133064cf109
N003011,a2249f3d-25c0-4753-a174-2166b4750b03
N003012,a2249f3d-25c0-4753-a174-2166b4750b03
N003013,5b6f8369-c65e-4d31-b2b6-a870763cc24c
N003014,a2249f3d-25c0-4753-a174-2166b4750b03
N003015,5b6f8369-c65e-4d31-b2b6-a870763cc24c
N003016,b7663e9b-1e23-4fea-9c9a-9a81317310ce
N003017,d1b448a7-80d3-4350-8cdb-009d5cdf8c09
N003018,334e00b6-34d6-4767-a26a-2870c872f951
N003019,abc4537c-acd3-4aee-9de6-0a2e5288c738
N003020,54409d60-4d12-4e93-a82c-bcc3882b78da
N003021,4a8fda4e-1712-44da-8e75-28718de9c169
N003022,e3390dcc-7f96-41cb-a501-ddf97363009a
N003023,e3390dcc-7f96-41cb-a501-ddf97363009a
N003024,e3390dcc-7f96-41cb-a501-ddf97363009a
N003025,62f3f7da-af7d-4247-83ef-a85bc832c8c4
N003026,62f3f7da-af7d-4247-83ef-a85bc832c8c4
N003027,62f3f7da-af7d-4247-83ef-a85bc832c8c4
N003028,f20fa3e3-7d1b-458a-9897-b96b4c9f5f3a
N003029,8aa1635c-33e5-43b2-a8f0-3d35ce9d6c72
N003030,d7f41898-5225-4188-944e-957fccd06ed5
N003031,fa30c0c1-15b0-43b6-8c2e-5e9ac2fe3b97
N003032,c8a8b573-95bb-4a7b-9197-38e3a68998fa
N003033,296a2710-8c7f-4f1e-a181-85ce98db2b17
N003034,d87eb420-7265-4226-ab3c-e38f717dbbd0
N003035,e8d59b59-163d-48dd-a8c2-fbb4b3fe5d1d
N003036,0c1831af-0c59-46b1-8e3c-c8a64e6d654e
N003037,e0aa92fc-a235-4e3f-84fa-1db6980d6717
N003038,e214fab1-befa-4dee-8e86-d0b2cf6f3663
N003039,3b4f5b25-409a-45ae-97ba-d021e61c21bc
N003040,3b4f5b25-409a-45ae-97ba-d021e61c21bc
N003041,cbb19c5b-804c-4bb0-9b05-5ac62d3c7827
N003042,cbb19c5b-804c-4bb0-9b05-5ac62d3c7827
N003043,8a95a7a2-87f4-4bbf-8ac4-2e9c33db6f23
N003044,55cf43dd-ba0a-4d3a-9abc-d208db7fd2b3
N003045,0c3ba1b0-7cfb-4d3a-8d9f-0b31c3303d64
N003046,89cc423d-1153-4d2d-8437-2a6c9c59e9b7
N003047,89cc423d-1153-4d2d-8437-2a6c9c59e9b7
N003048,89cc423d-1153-4d2d-8437-2a6c9c59e9b7
N003049,fdce8cba-cb8c-4b52-96dd-d7dae8b03153
N003050,a528caba-f5cd-4ee9-9047-9f487b596814
N003051,a20a9e57-03cd-4630-83ab-9caa0eb90b07
N003052,76340c28-7e9f-40a7-a6d9-e6d49c620c27
N003053,76340c28-7e9f-40a7-a6d9-e6d49c620c27
N003054,76340c28-7e9f-40a7-a6d9-e6d49c620c27
N003055,76340c28-7e9f-40a7-a6d9-e6d49c620c27
N003056,76340c28-7e9f-40a7-a6d9-e6d49c620c27
N003057,76340c28-7e9f-40a7-a6d9-e6d49c620c27
N003058,4453b1d9-9104-4eb1-bd1d-2006b99e92df
N003059,4453b1d9-9104-4eb1-bd1d-2006b99e92df
N003060,4453b1d9-9104-4eb1-bd1d-2006b99e92df
N003061,4453b1d9-9104-4eb1-bd1d-2006b99e92df
N003062,4453b1d9-9104-4eb1-bd1d-2006b99e92df
N003063,4453b1d9-9104-4eb1-bd1d-2006b99e92df
N003064,e7daf6d9-deb1-4d3d-9fb9-2eaade136ddb
N003065,1ac49516-c1ae-4b89-88cd-f4c86db11b6d
N003066,520d68d2-4f28-43f7-896b-d40a1572f8ce
N003067,3dbecefc-d5a3-46bf-98f0-b449eae3541a
N003068,a8cd9d02-f8fe-471b-b9cf-2ac07c300ca1
N003069,40b6a1b3-d4f5-4f87-93f4-8285c5597ceb
N003070,40b6a1b3-d4f5-4f87-93f4-8285c5597ceb
N003071,7477ac93-0b32-4ee9-8134-146460b517a9
N003072,ce30af60-6e79-46a1-abbe-235a7f62c1fa
N003073,e43b4df3-a628-4c85-afff-46bfc645807f
N003074,bdc7d69a-d62f-4c1b-ad3f-32c90d451108
N003075,bdc7d69a-d62f-4c1b-ad3f-32c90d451108
N003076,55f6ba34-72ed-4a39-af77-771c4b8f3ed0
N003077,bdc7d69a-d62f-4c1b-ad3f-32c90d451108
N003078,bdc7d69a-d62f-4c1b-ad3f-32c90d451108
N003079,d12a87a3-3992-41dd-86f3-7dadc115c211
N003080,cf5026f9-e292-4b7d-9b3e-9700d449da1e
N003081,7a3d9f09-b176-41c7-9f3b-dfd87b17df5b
N003082,7a3d9f09-b176-41c7-9f3b-dfd87b17df5b
N003083,7a3d9f09-b176-41c7-9f3b-dfd87b17df5b
N003084,cf5026f9-e292-4b7d-9b3e-9700d449da1e
N003085,7a3d9f09-b176-41c7-9f3b-dfd87b17df5b
N003086,7a3d9f09-b176-41c7-9f3b-dfd87b17df5b
N003087,a3a6d4aa-34ab-4032-b89c-d351d97bd4a2
N003088,a3a6d4aa-34ab-4032-b89c-d351d97bd4a2
N003089,a3a6d4aa-34ab-4032-b89c-d351d97bd4a2
N003090,a3a6d4aa-34ab-4032-b89c-d351d97bd4a2
N003091,2d49b85e-e018-44f6-9cdf-c11eeed9e524
N003092,a3a6d4aa-34ab-4032-b89c-d351d97bd4a2
N003093,42ccbe01-8079-4c6c-a484-a7bed56d8bd0
N003094,42ccbe01-8079-4c6c-a484-a7bed56d8bd0
N003095,d12a87a3-3992-41dd-86f3-7dadc115c211
N003096,5730152c-05ea-434a-87ce-a0e66ffc445e
N003097,25bbb850-1ec6-44c5-af5d-a03126af5f26
N003098,37f1d489-d714-48a2-b022-f194ec8f8c44
N003099,1b5be384-91d0-4644-a076-fbc008711ef4
N003100,1b5be384-91d0-4644-a076-fbc008711ef4
N003101,1b5be384-91d0-4644-a076-fbc008711ef4
N003102,3d605776-4c54-423b-9e8e-126a72f82c4b
N003103,ee813dd4-fd13-4c71-93e8-b5b6c574748e
N003104,f553e621-8a9e-4c9a-aca1-0f35b1fc6234
N003105,ee813dd4-fd13-4c71-93e8-b5b6c574748e
N003106,071db6ff-1076-4514-9515-581c9030c9e6
N003107,8bd9199d-5f31-4929-a5c7-a06fa3b332e7
N003108,eee08cb6-7c50-48ab-ae0b-76e6e269abca
N003109,eee08cb6-7c50-48ab-ae0b-76e6e269abca
N003110,5630bfb4-0e8d-4a36-bb74-e733de5e15cb
N003111,5627bba4-b8b4-4169-951d-4144752924d6
N003112,5627bba4-b8b4-4169-951d-4144752924d6
N003113,5627bba4-b8b4-4169-951d-4144752924d6
N003114,85c4375b-8e2d-4cae-a175-9f65c3d7267b
N003115,644c4b05-d9fc-427f-b5a4-176455cea5ca
N003116,08fe7176-8759-4144-9542-2666a24c5bb2
N003117,08fe7176-8759-4144-9542-2666a24c5bb2
N003118,d12a87a3-3992-41dd-86f3-7dadc115c211
N003119,25782ce9-81f4-4871-a388-ff24e1983683
N003120,3b5921df-f00d-491f-ae2c-85c681f01e33
N003121,3b5921df-f00d-491f-ae2c-85c681f01e33
N003122,138b10ac-9ca8-4df9-b0fc-4513b32e8c2d
N003123,3b5921df-f00d-491f-ae2c-85c681f01e33
N003124,ba169808-9d87-4088-af59-ad735ce7d713
N003125,ba169808-9d87-4088-af59-ad735ce7d713
N003126,5630bfb4-0e8d-4a36-bb74-e733de5e15cb
N003127,ba169808-9d87-4088-af59-ad735ce7d713
N003128,348e5b46-981e-4172-8c61-03c1e50f4fd5
N003129,329db5f3-1aec-4dc7-962e-ffe407d6f3ac
N003130,d0e8eae4-6689-4aaf-9c99-38202ef3af8b
N003131,2adcfa4f-0b1a-4a99-8812-7c1e32f937a5
N003132,2adcfa4f-0b1a-4a99-8812-7c1e32f937a5
N003133,2adcfa4f-0b1a-4a99-8812-7c1e32f937a5
N003134,2adcfa4f-0b1a-4a99-8812-7c1e32f937a5
N003135,52e56dc8-0367-424a-b112-af630710cbe0
N003136,52e56dc8-0367-424a-b112-af630710cbe0
N003137,6c1101c4-0998-4e9f-a150-418315750777
N003138,8f9d832e-ca7c-48bd-9013-bb9e55a92f1c
N003139,8f9d832e-ca7c-48bd-9013-bb9e55a92f1c
N003140,f109b34f-2ca8-4124-8357-09bf2de5e9c3
N003141,4194328f-5b84-4a73-a74d-3cb65bba1d85
N003142,bf1d6eee-905c-43f6-a766-ca9cb164bb99
N003143,7b8a5936-122a-4bd5-ad12-12d400592aa5
N003144,58a9a71d-8f5d-4d41-821d-1c3e15889dfc
N003145,7b8a5936-122a-4bd5-ad12-12d400592aa5
N003146,7b8a5936-122a-4bd5-ad12-12d400592aa5
N003147,15d89a70-82b4-4c16-8282-f617a869328b
N003148,7d038dd9-04d9-40f0-bd69-888584a287b0
N003149,cd233c5f-2719-4909-ae56-2bf8fc7ba398
N003150,cd233c5f-2719-4909-ae56-2bf8fc7ba398
N003151,f8d33a3f-61c3-43b8-a53e-196f2859cc3d
N003152,428cf60b-ce07-408d-b774-d81a8aa0c782
N003153,428cf60b-ce07-408d-b774-d81a8aa0c782
N003154,2b927417-081d-4aa2-b226-c1946a0cd7e5
N003155,308e03e9-3930-40f9-a807-309c2c85afa3
N003156,9fb3bb5d-5959-440f-8a68-f99675cec344
N003157,b8c9169c-8eda-4dc7-8a30-e301da9634eb
N003158,7a3300be-3fd9-4263-a94b-053ca8019e05
N003159,ed2afdbd-f384-4814-81c1-eed56759a2be
N003160,ed2afdbd-f384-4814-81c1-eed56759a2be
N003161,48b03a3f-d0b0-4c46-bdf0-234b03262790
N003162,ed2afdbd-f384-4814-81c1-eed56759a2be
N003163,23436014-8917-40a1-8d36-cf035cd02d87
N003164,23436014-8917-40a1-8d36-cf035cd02d87
N003165,23436014-8917-40a1-8d36-cf035cd02d87
N003166,23436014-8917-40a1-8d36-cf035cd02d87
N003167,9323e909-09cc-4372-9534-af381b66e9f6
N003168,9323e909-09cc-4372-9534-af381b66e9f6
N003169,877d2912-755b-4e42-8b09-e9a3b3bbc236
N003170,e78407d3-aa7c-45d8-b7f4-c6ce3f4e3f41
N003171,41ca9643-251d-4d8c-97f6-fbfb98a9ea6d
N003172,84e8f5b1-b56b-4f44-a5f2-7d9e35af462e
N003173,84e8f5b1-b56b-4f44-a5f2-7d9e35af462e
N003174,ae78f183-55d6-431d-be45-65f85e48c627
N003175,13ab376f-cb83-4eb1-bad3-3ab1aaf0377f
N003176,ae78f183-55d6-431d-be45-65f85e48c627
N003177,13ab376f-cb83-4eb1-bad3-3ab1aaf0377f
N003178,13ab376f-cb83-4eb1-bad3-3ab1aaf0377f
N003179,703629fd-d91c-4e6e-a10d-6cc124bbf9ca
N003180,13ab376f-cb83-4eb1-bad3-3ab1aaf0377f
N003181,13ab376f-cb83-4eb1-bad3-3ab1aaf0377f
N003182,e7763c85-8585-4aa0-a5d9-9499d00cdb0a
N003183,22c84701-dc74-47ba-bead-5af6c3675655
N003184,22c84701-dc74-47ba-bead-5af6c3675655
N003185,adcf7090-cc56-4099-9790-ed3f0e43b444
N003186,5295f46e-c834-4c89-acbb-ac381d06121a
N003187,5295f46e-c834-4c89-acbb-ac381d06121a
N003188,6104729b-acce-4b60-ae6f-275ffd471a06
N003189,6104729b-acce-4b60-ae6f-275ffd471a06
N003190,6104729b-acce-4b60-ae6f-275ffd471a06
N003191,6104729b-acce-4b60-ae6f-275ffd471a06
N003192,6104729b-acce-4b60-ae6f-275ffd471a06
N003193,028fd918-8078-460e-93cf-c8216b0c7710
N003194,3427fcbb-1b90-4cb3-abb4-7eba731566c0
N003195,3427fcbb-1b90-4cb3-abb4-7eba731566c0
N003196,8de2b705-17d4-4342-8906-62784fc16fb8
N003197,00546e01-0dea-4a7d-9e28-d546b0847983
N003198,a2dbbc00-b1f2-4364-b16a-365869dd5875
N003199,a2dbbc00-b1f2-4364-b16a-365869dd5875
N003200,11ba3476-14a2-4d07-88ec-0f37d6cddb40
N003201,f8740153-95df-407c-a598-7b688f806c42
N003202,11ba3476-14a2-4d07-88ec-0f37d6cddb40
N003203,f8740153-95df-407c-a598-7b688f806c42
N003204,f8740153-95df-407c-a598-7b688f806c42
N003205,fdbc7ffa-9c2c-42b5-9ee8-74b8c47e7f2b
N003206,3e579249-e82e-4bbd-9f29-dc94e4a2d4fa
N003207,9f1fa73c-908d-410c-9b18-ec1daa09cadc
N003208,9f1fa73c-908d-410c-9b18-ec1daa09cadc
N003209,a56d3f0e-ec8e-4f8e-8f28-2845540e1010
N003210,111cdcda-54e0-48be-b580-6405967173a7
N003211,6ffa6751-e676-469c-b096-5165fb126bcd
N003212,111cdcda-54e0-48be-b580-6405967173a7
N003213,279dc452-9a34-4cf9-a8c1-6464709e6d69
N003214,afeadc8f-2b31-4e91-a763-85fa9e25fba9
N003215,ed2be4af-4374-4a32-972b-0a692de04320
N003216,946dfa12-c35f-455c-bb28-4e4baf245d0e
N003217,a5004524-2ded-40be-8e82-2f99416c1246
N003218,651607d6-5224-4a44-8b2d-f9fb08f05808
N003219,ff6e22cb-ae52-47ca-9001-1c7c593cd0ad
N003220,6605a5ae-525b-4ac3-bfc4-4d0ee4f16ee2
N003221,b7033951-db81-4a29-b804-ce8ac9ef36c3
N003222,9d5e174f-f4cf-4a56-8e48-44026ba420f6
N003223,cc2d4dde-9f31-4a99-b732-8e20a6e6f3c2
N003224,366c7649-f479-47a6-94a9-f1e547699ab7
N003225,350414c7-bad5-42c8-8441-032df2900e70
N003226,350414c7-bad5-42c8-8441-032df2900e70
N003227,350414c7-bad5-42c8-8441-032df2900e70
N003228,ba799907-67dd-4657-8f48-9e17323df369
N003229,1fb5481d-60ac-4a21-a2e8-4bfcdb22d8cb
N003230,58f28fb4-65d9-4d47-a6d6-e338e6e48926
N003231,44e3c542-b935-4c95-ab3e-1357d57a70ad
N003232,58f28fb4-65d9-4d47-a6d6-e338e6e48926
N003233,58f28fb4-65d9-4d47-a6d6-e338e6e48926
N003234,70b633c1-2ffa-44af-a2d4-30bda8d8e63d
N003235,0b0dc769-51c6-4687-ad09-d818efff6964
N003236,0b0dc769-51c6-4687-ad09-d818efff6964
N003237,0b0dc769-51c6-4687-ad09-d818efff6964
N003238,754117ac-0f55-404b-b0a7-715a22d33f8d
N003239,401fbaab-df44-4782-963f-fc4abf458a06
N003240,5adee194-c866-40ca-a260-514c2c901a04
N003241,5adee194-c866-40ca-a260-514c2c901a04
N003242,59402d86-bb40-48f1-97f8-951671e3450e
N003243,66d62be2-910a-4c3d-a861-99f12bf2d3d2
N003244,3e70d0b2-18fe-461a-bc25-7cc853bd4957
N003245,bf1d59f2-4838-48ed-8572-0d8ba6c44cce
N003246,6927f47d-4c53-42d6-a286-82b8b1c35c79
N003247,36dc1bd2-8615-41ef-a704-49a9e967eb28
N003248,2b037964-462b-4c02-a7f6-9c230e1a1306
N003249,665d4517-38c3-42ae-b0c8-892599c84600
N003250,665d4517-38c3-42ae-b0c8-892599c84600
N003251,665d4517-38c3-42ae-b0c8-892599c84600
N003252,665d4517-38c3-42ae-b0c8-892599c84600
N003253,665d4517-38c3-42ae-b0c8-892599c84600
N003254,0b4bbe02-28c9-4938-9c83-33c1661c58a5
N003255,372a9af6-f342-4d8d-b21a-05d570f2a289
N003256,918495e2-009d-475e-a5de-f19de43a577b
N003257,18e05efe-0184-4c9b-94c3-c3bfcf30b987
N003258,cbb9b356-ae03-4f63-8e34-c39e9d5b6bd0
N003259,782e152f-0379-4f05-af91-0da013a3888c
N003260,cf1776eb-4839-42b0-989a-8fc67b53c445
N003261,c9631111-0ffe-421a-8ca6-42337d650fde
N003262,c9631111-0ffe-421a-8ca6-42337d650fde
N003263,8b629050-62fd-40db-a2fb-a75653a00488
N003264,cd7480e5-e740-411d-a58e-41dd6c77cc87
N003265,fc8257ab-c43d-414d-8a02-b33745a14a7d
N003266,cd7480e5-e740-411d-a58e-41dd6c77cc87
N003267,cd7480e5-e740-411d-a58e-41dd6c77cc87
N003268,63221cd2-671d-4575-9a67-770117aa5dd9
N003269,cd7480e5-e740-411d-a58e-41dd6c77cc87
N003270,53489853-7c67-4cc4-ab62-6fb6c187e211
N003271,d682ee97-61f0-43fe-ae53-21c3a49d64a7
N003272,d682ee97-61f0-43fe-ae53-21c3a49d64a7
N003273,d682ee97-61f0-43fe-ae53-21c3a49d64a7
N003274,048b91e0-f4e4-418f-979a-a38687a1af43
N003275,7811263c-63fa-490b-97c3-32b6cb5b6e78
N003276,3c1c74ff-5c5a-49e3-9cd7-e5f585b23831
N003277,056eebd4-672c-4084-9bc5-60e1ec1ef257
N003278,07061d63-bc0b-468c-ab93-98b9db496531
N003279,81f2020a-3f15-41d0-91de-b1d4c8292109
N003280,81f2020a-3f15-41d0-91de-b1d4c8292109
N003281,7a9f9ea4-6c12-4ea8-8740-7c86775cfdb0
N003282,60822f14-92c0-43fd-93d8-bcf1ce703dbd
N003283,95bc42e5-63bf-4331-813f-7875f0c359a0
N003284,95bc42e5-63bf-4331-813f-7875f0c359a0
N003285,d12a87a3-3992-41dd-86f3-7dadc115c211
N003286,ee591624-c731-40d5-aa3e-9031c8095b0e
N003287,ee591624-c731-40d5-aa3e-9031c8095b0e
N003288,e54bbef1-3e7e-4210-9180-4534d7cf815f
N003289,ee591624-c731-40d5-aa3e-9031c8095b0e
N003290,9094ffc1-15d5-40f9-875c-4d49a260ab46
N003291,ee591624-c731-40d5-aa3e-9031c8095b0e
N003292,ee591624-c731-40d5-aa3e-9031c8095b0e
N003293,ee591624-c731-40d5-aa3e-9031c8095b0e
N003294,45f5dbad-7db8-4a71-a7dc-91c88e086fe8
N003295,eaca5ec1-a054-4985-b600-ad0a582bd76d
N003296,eaca5ec1-a054-4985-b600-ad0a582bd76d
N003297,eaca5ec1-a054-4985-b600-ad0a582bd76d
N003298,f7ebd0da-e134-4c49-ab38-e6c718053913
N003299,05dd7781-bf94-40cd-aadc-e211fbeafe6e
N003300,d643ec87-f6fb-4eba-bfda-2f766fc8230d
N003301,9b73ccdc-b44d-4e65-a4c4-d95d5615d3f7
N003302,03b471fe-422e-47ae-9657-1a40ab6809f5
N003303,39175c7a-17d9-4a81-bfe4-990b0acbb389
N003304,50cb0844-908f-4c82-bdf4-08ab7168393c
N003305,2e3950d2-f88e-42b6-8d91-4a8083fe8a4b
N003306,5630bfb4-0e8d-4a36-bb74-e733de5e15cb
N003307,bd8079e1-1b0e-4658-bc78-50e9e0b31354
N003308,9030556d-6185-4903-98b8-645d2b3ea132
N003309,9030556d-6185-4903-98b8-645d2b3ea132
N003310,c6ee4af9-f199-4601-90a3-bf22b528a83d
N003311,49335aee-6e0e-44d0-82bf-c14047fa8b44
N003312,76120c58-075b-4edc-991b-0825d3c62086
N003313,d12a87a3-3992-41dd-86f3-7dadc115c211
N003314,01b03dd9-072e-4b4f-a191-e32fae7dfc43
N003315,6cd0a520-b737-4853-886b-78248568085f
N003316,ff679f89-8370-4ce8-beaf-c459e506ee69
N003317,99e3ba28-6b76-4c26-9539-318de56bd52a
N003318,f298c258-b7bf-4ef3-9e80-03bd60001c0d
N003319,7aafd239-4177-4895-98e8-3c1d4da2ce35
N003320,63c8dd95-8d44-49b7-b06c-78b9b3fd47f1
N003321,6ac1ad9d-0818-46f1-a7d4-09a61104dbe8
N003322,6ac1ad9d-0818-46f1-a7d4-09a61104dbe8
N003323,6ac1ad9d-0818-46f1-a7d4-09a61104dbe8
N003324,6ac1ad9d-0818-46f1-a7d4-09a61104dbe8
N003325,1f013f60-0dda-4a99-872a-200d2cbc04e3
N003326,6e82da38-eb48-431d-b5f9-3e2acd6344c3
N003327,383a4245-5e5c-4d69-8570-e9734594e8e8
N003328,6e82da38-eb48-431d-b5f9-3e2acd6344c3
N003329,50a0287f-d4a1-41bb-bbfd-5a3aa0dbe19f
N003330,7877064d-ba59-468f-8ef1-c74f04ab518b
N003331,b17105f3-f783-428d-83e6-255f725d82c7
N003332,e15e48a5-f4c5-4978-99a0-7d4943c54988
N003333,5630bfb4-0e8d-4a36-bb74-e733de5e15cb
N003334,9d3a5db4-d5ea-4ee4-903a-8a36135f307d
N003335,a397fa5e-d343-4c8c-8747-15c930e84946
N003336,a397fa5e-d343-4c8c-8747-15c930e84946
N003337,a397fa5e-d343-4c8c-8747-15c930e84946
N003338,a397fa5e-d343-4c8c-8747-15c930e84946
N003339,18261b38-4d14-404a-b439-85d184e8879d
N003340,2c2dbf4b-1184-4c28-95d1-98880748b3ca
N003341,9227f472-1da0-49f0-9992-391f0f09158a
N003342,7fdededc-f4aa-42be-921d-e9c44c2efc36
N003343,6e63d91e-a9d0-447f-835e-d056ed79b964
N003344,be98d0c2-d8ba-494d-8acc-66b7d3f66e47
N003345,9eb94d4e-713f-4533-b31b-e7be7ed47fa1
N003346,1fd7d20c-cfe7-4318-8b37-47c6fc63b53d
N003347,9eb94d4e-713f-4533-b31b-e7be7ed47fa1
N003348,1fd7d20c-cfe7-4318-8b37-47c6fc63b53d
N003349,9eb94d4e-713f-4533-b31b-e7be7ed47fa1
N003350,06caf55e-b3a8-4738-9315-942862d52ce2
N003351,95d1a6bc-c04c-42e8-b8ad-f797ed7bdff9
N003352,9cf2de66-8968-4608-96d1-9001dc039853
N003353,4f425d32-3b09-4089-b6e1-ca4c9dc55fdb
N003354,4f425d32-3b09-4089-b6e1-ca4c9dc55fdb
N003355,4f425d32-3b09-4089-b6e1-ca4c9dc55fdb
N003356,4f425d32-3b09-4089-b6e1-ca4c9dc55fdb
N003357,2b83fe95-4f86-473f-9487-55d567e08627
N003358,a57ed4f2-a8cd-4802-99c8-bcdeddfe2d7b
N003359,a57ed4f2-a8cd-4802-99c8-bcdeddfe2d7b
N003360,84bc87bb-9dd3-4b64-8f3c-bfbdbb6565da
N003361,84bc87bb-9dd3-4b64-8f3c-bfbdbb6565da
N003362,f006a3c5-f231-49bb-90fd-cac00073f5a2
N003363,0fb9c688-d8f1-496a-965f-f8d2aa0ae1d3
N003364,f006a3c5-f231-49bb-90fd-cac00073f5a2
N003365,f006a3c5-f231-49bb-90fd-cac00073f5a2
N003366,ba50087e-4f8a-4959-93e2-df2ef056e9c9
N003367,93ce46b7-1a5f-46a3-a4dc-76feda937bfe
N003368,84a0c4d6-641c-4c20-b2f2-4f9d95509570
N003369,d12a87a3-3992-41dd-86f3-7dadc115c211
N003370,62b568ac-9906-45f7-bd54-d69d05d055a5
N003371,cf605b89-18a5-4701-91c1-f2db469392fe
N003372,23914f18-f62a-4ece-8ffe-af49c687dc61
N003373,e94e1bd1-d84d-4e2f-95e8-487812890653
N003374,7d4fd7ae-b870-484b-ab38-20d2c527e13a
N003375,4ffe744a-fcdd-41d4-9fe4-30f959da6390
N003376,9461f54a-e91e-4239-86c6-1987b0836247
N003377,e58463de-1ca6-47a2-af6b-b483d6554d04
N003378,e58463de-1ca6-47a2-af6b-b483d6554d04
N003379,79c698e0-c299-4704-82c1-9011e2fa366c
N003380,f1901447-b625-4ff4-8931-17dbd5d65a8d
N003381,f1901447-b625-4ff4-8931-17dbd5d65a8d
N003382,ae822ae1-bec5-4348-a5a1-e6f764204b72
N003383,cd63474f-e87c-4f52-a25b-7f918f0d18aa
N003384,f1901447-b625-4ff4-8931-17dbd5d65a8d
N003385,e94fbe10-92b8-43ba-afc0-988990d84d45
N003386,f1901447-b625-4ff4-8931-17dbd5d65a8d
N003387,f1901447-b625-4ff4-8931-17dbd5d65a8d
N003388,f1901447-b625-4ff4-8931-17dbd5d65a8d
N003389,3d763d95-73fb-43b7-b29e-21ed362e2df9
N003390,0e248014-3f0f-4590-aa89-ae0c2bcf2bda
N003391,5dbbb9b8-8b33-403e-9687-9bf9efaf1331
N003392,74fe9125-3e29-419b-b247-2ad74a2c4bff
N003393,98b9d283-cfae-43e0-b764-52117876d445
N003394,98b9d283-cfae-43e0-b764-52117876d445
N003395,98b9d283-cfae-43e0-b764-52117876d445
N003396,98b9d283-cfae-43e0-b764-52117876d445
N003397,98b9d283-cfae-43e0-b764-52117876d445
N003398,98b9d283-cfae-43e0-b764-52117876d445
N003399,07241c6e-bb0b-4c33-91b0-f45749b996a2
N003400,07241c6e-bb0b-4c33-91b0-f45749b996a2
N003401,07241c6e-bb0b-4c33-91b0-f45749b996a2
N003402,2fdcc90b-3b71-4804-b114-31df307d77b2
N003403,0fb9c688-d8f1-496a-965f-f8d2aa0ae1d3
N003404,d12a87a3-3992-41dd-86f3-7dadc115c211
N003405,a11ed986-9d17-44c1-9e51-b4bcf62ea90f
N003406,a11ed986-9d17-44c1-9e51-b4bcf62ea90f
N003407,2062c0ca-6081-4aed-bd19-553f89385226
N003408,73215ac8-4bab-4a5b-8658-d85bebd1be0b
N003409,9f25ead2-1b6e-4de2-858c-55df0567ebbe
N003410,fd2f209e-1c10-46b5-970f-512f5e56bd23
N003411,fd2f209e-1c10-46b5-970f-512f5e56bd23
N003412,fd2f209e-1c10-46b5-970f-512f5e56bd23
N003413,6ff69a2d-f42d-4650-b12f-89df5a0b74c8
N003414,48d2ffcd-1152-411d-9931-f971194ec66f
N003415,5730152c-05ea-434a-87ce-a0e66ffc445e
N003416,5d7b6fbc-0a85-4a29-8d96-3ddc062c5bf4
N003417,44743e1f-e1d6-4bc8-8bef-d60130cec6e7
N003418,44743e1f-e1d6-4bc8-8bef-d60130cec6e7
N003419,c1ad9ea6-b7b9-4129-b66d-9f7e45f51f09
N003420,c1ad9ea6-b7b9-4129-b66d-9f7e45f51f09
N003421,c1ad9ea6-b7b9-4129-b66d-9f7e45f51f09
N003422,58a9a71d-8f5d-4d41-821d-1c3e15889dfc
N003423,c1ad9ea6-b7b9-4129-b66d-9f7e45f51f09
N003424,58a9a71d-8f5d-4d41-821d-1c3e15889dfc
N003425,e8f11d1a-9082-4aec-bb8e-9dc6a9e99b23
N003426,c49b5452-8bb5-454b-bb1d-05909f5977ce
N003427,e8f11d1a-9082-4aec-bb8e-9dc6a9e99b23
N003428,5d1923d3-990b-4d19-aa31-80be9029c179
N003429,e8f11d1a-9082-4aec-bb8e-9dc6a9e99b23
N003430,4dab3017-757c-460f-990e-c0e94492e0d7
N003431,cc317450-4beb-4941-8211-9becec8c0c05
N003432,bb5ae4c4-2f88-46bb-b7f1-3b4ab525fb4f
N003433,54130ab7-0dab-4311-a443-1957d6bf7fa6
N003434,90b13d80-323a-4322-b4de-16e801c47a9b
N003435,cac081ee-44fe-44a6-96ae-94f061fd8ee1
N003436,a15b0f0a-16eb-453b-b9cb-51242ae196b6
N003437,a15b0f0a-16eb-453b-b9cb-51242ae196b6
N003438,a15b0f0a-16eb-453b-b9cb-51242ae196b6
N003439,a15b0f0a-16eb-453b-b9cb-51242ae196b6
N003440,12ba2796-2c64-46a8-af89-8eddcbbcbbfc
N003441,34a79a42-e638-4c90-942c-939bb0e7a7dd
N003442,c696cf77-85dc-45e6-855a-53f1bc412696
N003443,d232e187-660b-4ea7-b2f3-7fb22635b3b9
N003444,d232e187-660b-4ea7-b2f3-7fb22635b3b9
N003445,d232e187-660b-4ea7-b2f3-7fb22635b3b9
N003446,2b3047f3-d6d9-4514-8098-0f338bbbba58
N003447,2b3047f3-d6d9-4514-8098-0f338bbbba58
N003448,2b3047f3-d6d9-4514-8098-0f338bbbba58
N003449,a84cab87-7d8f-41a1-bd62-bd385ede9bff
N003450,0953e41b-83ae-4aa4-9918-595e3f5cc077
N003451,0953e41b-83ae-4aa4-9918-595e3f5cc077
N003452,539a4872-a8ac-40f6-9048-ce4224213b7d
N003453,e867f439-2819-4a3c-ae8b-47633ac810d9
N003454,821650d9-ff72-4993-b729-d83d2056daf5
N003455,8e41ab4c-2dec-48e5-9d0b-31bd81c10752
N003456,b1e27e9e-0775-4450-b5b9-4f4a5fd99dd3
N003457,483ef73d-681f-4474-aacd-ae46a49c66d8
N003458,483ef73d-681f-4474-aacd-ae46a49c66d8
N003459,483ef73d-681f-4474-aacd-ae46a49c66d8
N003460,483ef73d-681f-4474-aacd-ae46a49c66d8
N003461,483ef73d-681f-4474-aacd-ae46a49c66d8
N003462,034a4153-61dd-4400-a42b-f768e1430e9f
N003463,58a9a71d-8f5d-4d41-821d-1c3e15889dfc
N003464,034a4153-61dd-4400-a42b-f768e1430e9f
N003465,034a4153-61dd-4400-a42b-f768e1430e9f
N003466,7944f7fb-7156-4522-9c0b-7380315304bd
N003467,7944f7fb-7156-4522-9c0b-7380315304bd
N003468,7944f7fb-7156-4522-9c0b-7380315304bd
N003469,f5330cfa-1fc2-4966-a212-284e281074bc
N003470,a54ab597-03c5-4a01-a35b-1e4a6ae06fcf
N003471,c10e6965-2bd7-4444-b35d-dd31af11d36a
N003472,4a6207ce-223a-441f-901d-3b70b5b830c5
N003473,4fc84ced-92d1-4fd2-be32-84421c459409
N003474,65d2be06-0d6a-4f77-9085-a71a0ece8914
N003475,65d2be06-0d6a-4f77-9085-a71a0ece8914
N003476,65d2be06-0d6a-4f77-9085-a71a0ece8914
N003477,3957f349-ec82-4c02-b135-a7db5f9b0001
N003478,77a7634b-7317-46d3-958d-171758505b71
N003479,77a7634b-7317-46d3-958d-171758505b71
N003480,77a7634b-7317-46d3-958d-171758505b71
N003481,77a7634b-7317-46d3-958d-171758505b71
N003482,77a7634b-7317-46d3-958d-171758505b71
N003483,c1d152ff-fbbf-44c7-9377-59eba699b47b
N003484,06a18601-0178-4b60-b817-8b401e46ae0f
N003485,b126f5e3-b313-4586-a19e-5338bfb9f15e
N003486,da099723-bb38-43b6-938d-017d40e6aab1
N003487,fcde1d4f-868e-408e-8dad-f8a17769fc78
N003488,29ff9e07-39a6-48e8-b86c-67a8d05edfa5
N003489,06575980-fb04-45a4-aa03-aa8cc043d611
N003490,d6cfe63e-642f-44bd-8525-671ab39775bc
N003491,dee8cca5-108c-4b42-b3b5-c25d709cf291
N003492,dee8cca5-108c-4b42-b3b5-c25d709cf291
N003493,dee8cca5-108c-4b42-b3b5-c25d709cf291
N003494,17bb5cc0-d385-4487-9c29-8b61189da3c9
N003495,0218b367-f02d-4f3a-8f41-a43c92890bc1
N003496,9172af6b-5f7b-43ab-9954-d2af56795de7
N003497,70627f03-79d7-4b52-aff3-cc8232edd7f3
N003498,70627f03-79d7-4b52-aff3-cc8232edd7f3
N003499,70627f03-79d7-4b52-aff3-cc8232edd7f3
N003500,70627f03-79d7-4b52-aff3-cc8232edd7f3
N003501,70627f03-79d7-4b52-aff3-cc8232edd7f3
N003502,f92fd0ce-00fa-49b5-a42c-c1e1ae36f3fb
N003503,f92fd0ce-00fa-49b5-a42c-c1e1ae36f3fb
N003504,f92fd0ce-00fa-49b5-a42c-c1e1ae36f3fb
N003505,d2b81e1a-6af7-465b-9c9b-41158b57279d
N003506,242d9559-14b9-4415-8574-07770ec25698
N003507,242d9559-14b9-4415-8574-07770ec25698
N003508,0a026eda-5fdb-4109-97e2-056d81a19fbc
N003509,0a026eda-5fdb-4109-97e2-056d81a19fbc
N003510,1166298e-9f60-40ab-ae2e-2a0d09345300
N003511,d49a509f-e6bd-4d5c-8ec5-108f7ae8408c
N003512,d49a509f-e6bd-4d5c-8ec5-108f7ae8408c
N003513,d49a509f-e6bd-4d5c-8ec5-108f7ae8408c
N003514,1ee129c9-8265-458c-a898-bc4ba9a2dcc3
N003515,03e8ffde-494c-4521-9257-9791ee7adef1
N003516,2f8e4130-a8fd-4995-9474-4aa0441b071d
N003517,2f8e4130-a8fd-4995-9474-4aa0441b071d
N003518,2f8e4130-a8fd-4995-9474-4aa0441b071d
N003519,2f8e4130-a8fd-4995-9474-4aa0441b071d
N003520,2f8e4130-a8fd-4995-9474-4aa0441b071d
N003521,bfaa193c-0f5d-4a28-bb6b-bbea50818bdc
N003522,8b140f30-c322-485a-9311-870bb9973b5c
N003523,0fb9c688-d8f1-496a-965f-f8d2aa0ae1d3
N003524,8cabc5f3-651b-408b-a5ca-66e90002a408
N003525,8cabc5f3-651b-408b-a5ca-66e90002a408
N003526,8cabc5f3-651b-408b-a5ca-66e90002a408
N003527,b50f5045-5bca-4be8-9bc5-ce6191cf7e85
N003528,8cabc5f3-651b-408b-a5ca-66e90002a408
N003529,8cabc5f3-651b-408b-a5ca-66e90002a408
N003530,8cabc5f3-651b-408b-a5ca-66e90002a408
N003531,52ede186-affa-4b32-a97a-e7f3fc6867a7
N003532,708eac70-466c-46a2-ad2f-3f2309590939
N003533,d0d2db16-ad25-4ce5-816a-ba3b175fc1c9
N003534,d0d2db16-ad25-4ce5-816a-ba3b175fc1c9
N003535,d0d2db16-ad25-4ce5-816a-ba3b175fc1c9
N003536,3595688c-af30-4654-88b8-6d723ac6b1ab
N003537,3595688c-af30-4654-88b8-6d723ac6b1ab
N003538,8ffe5c9c-8228-4e40-8c8e-3eee7232e8fb
N003539,8ffe5c9c-8228-4e40-8c8e-3eee7232e8fb
N003540,d12a87a3-3992-41dd-86f3-7dadc115c211
N003541,a066dfca-ed87-4d0a-bbaa-6b90625e49f2
N003542,bb51e186-ebe2-4450-b54d-0a56bd7a955f
N003543,16e86624-9f50-4614-931c-8256e2a4e49b
N003544,56cf9540-994a-4f2b-8443-d16fb6029a7d
N003545,16e86624-9f50-4614-931c-8256e2a4e49b
N003546,c739961c-9cbc-4e63-b05a-b9fba0308f03
N003547,1e50df8b-7c8f-4b37-a27b-52bebfcbfaf6
N003548,44a02f5b-e531-464f-ac28-d189f8a7baa6
N003549,10e88fc8-0c84-44bb-80ef-e8b403727468
N003550,f960e074-c51a-4ab0-a817-11c7635d7f3c
N003551,e97aef65-4a65-42f7-bcd8-c2bfe2f08897
N003552,d49d10e7-bb30-4a22-9f8b-681f3de07825
N003553,97d9355b-fdf3-42c7-8dff-2ed94de56523
N003554,a0403f6a-e86c-435e-bb49-2da4f99fd12f
N003555,8b74b44d-a394-4368-9cbb-3b4500b99c62
N003556,a0403f6a-e86c-435e-bb49-2da4f99fd12f
N003557,a0403f6a-e86c-435e-bb49-2da4f99fd12f
N003558,8b74b44d-a394-4368-9cbb-3b4500b99c62
N003559,97d9355b-fdf3-42c7-8dff-2ed94de56523
N003560,5a220c83-b660-45f6-9cc8-c7fefe29dcba
N003561,bae0dea2-c672-4e7c-8ed4-7c726c3666c9
N003562,2543a4ef-2bd0-413d-a9e5-fb2e64a9d0dd
N003563,94edb5af-6724-4e75-8d3e-a10c5bfc49ab
N003564,94edb5af-6724-4e75-8d3e-a10c5bfc49ab
N003565,c7e365c8-61f6-44f6-aeb1-6ed6a49436dc
N003566,d6bccb8e-5b68-4c94-a516-2c8a7964dac2
N003567,92bc50b2-e824-495b-aac9-023aae98dd19
N003568,92bc50b2-e824-495b-aac9-023aae98dd19
N003569,7adeb257-2dbc-45d7-9158-cf7bc72f0a52
N003570,5bf9f245-4eb8-435e-aae5-b78de7a00387
N003571,92bc50b2-e824-495b-aac9-023aae98dd19
N003572,92bc50b2-e824-495b-aac9-023aae98dd19
N003573,31e9e135-3fb1-412d-b580-98dc64b16924
N003574,faa5e430-5eb7-4d03-854c-d268b3e9b73a
N003575,faa5e430-5eb7-4d03-854c-d268b3e9b73a
N003576,80368e46-2cc3-48f3-8aaa-38b2ac4908b9
N003577,2b766d0b-c3c0-4701-b39f-00a209ab378f
N003578,992eaaf6-67db-49f9-9010-bea0a5163121
N003579,003078e4-cc51-4b5e-9072-64d6fd4cccc6
N003580,58a9a71d-8f5d-4d41-821d-1c3e15889dfc
N003581,003078e4-cc51-4b5e-9072-64d6fd4cccc6
N003582,58a9a71d-8f5d-4d41-821d-1c3e15889dfc
N003583,003078e4-cc51-4b5e-9072-64d6fd4cccc6
N003584,003078e4-cc51-4b5e-9072-64d6fd4cccc6
N003585,003078e4-cc51-4b5e-9072-64d6fd4cccc6
N003586,003078e4-cc51-4b5e-9072-64d6fd4cccc6
N003587,003078e4-cc51-4b5e-9072-64d6fd4cccc6
N003588,386c7989-bd48-42e8-afa7-dc4d1ca4637d
N003589,386c7989-bd48-42e8-afa7-dc4d1ca4637d
N003590,2b98fe6d-61cf-4fc0-84d0-559fdb69516f
N003591,fddfa677-1a99-4b76-80c1-696b9a2d0b1c
N003592,5fad6a3c-e32f-40a9-97c7-def406e68a18
N003593,594b1c7d-85f7-461b-b3b4-57cd11939f2f
N003594,e68b701b-6576-441e-9148-fbb49dfbbca3
N003595,ad330982-8bad-4f3c-a062-7aa5db057f56
N003596,c6e897a4-cf1b-4d50-a90f-555eb2e7d113
N003597,5630bfb4-0e8d-4a36-bb74-e733de5e15cb
N003598,e0770d68-86a7-4668-86f1-504096c516a7
N003599,df700746-cfa0-4c06-898d-443617ecded9
N003600,df700746-cfa0-4c06-898d-443617ecded9
N003601,df700746-cfa0-4c06-898d-443617ecded9
N003602,1efa7c5d-0280-4b47-8c4f-0b7354335b88
N003603,1efa7c5d-0280-4b47-8c4f-0b7354335b88
N003604,4e01bb52-3219-4fb2-a1e6-7dfa873742a0
N003605,0a41e5f2-dc06-409d-aca0-ebde4d58d93d
N003606,ab7f0e7a-86d0-4e84-aabf-a74b5000bf47
N003607,7adf54d7-db31-41c2-a5f1-b6bf40b60a2a
N003608,f0812885-ac74-44c9-b88e-aa03c9b22449
N003609,f0812885-ac74-44c9-b88e-aa03c9b22449
N003610,67ee43c3-4db6-445a-9f9d-3e413bc590de
N003611,2dfb467a-bdad-4463-bfd4-882d2253ac81
N003612,098ff0e8-abcf-4421-a082-82eb2a877434
N003613,098ff0e8-abcf-4421-a082-82eb2a877434
N003614,35c917ff-5892-4db7-9adc-79d487eedee2
N003615,6e181bc7-7950-4ebe-bdd3-2d4fb8e0994b
N003616,35c917ff-5892-4db7-9adc-79d487eedee2
N003617,35c917ff-5892-4db7-9adc-79d487eedee2
N003618,34d5a1b8-1667-4b21-a2c1-282579059ea4
N003619,f31de891-8b44-4da2-90b0-be287570af42
N003620,58a9a71d-8f5d-4d41-821d-1c3e15889dfc
N003621,dd33786c-f686-4329-ac48-36210551e253
N003622,cf341924-d880-4398-bc3a-645d97625f46
N003623,d17d3a88-c6a1-4b92-9366-caf41b1a2ee0
N003624,f3c7dbbb-41e3-44a4-975e-15b3834c473f
N003625,f3c7dbbb-41e3-44a4-975e-15b3834c473f
N003626,f3c7dbbb-41e3-44a4-975e-15b3834c473f
N003627,07e95964-a449-472a-bd41-a8326a0c0c42
N003628,0e6554ae-e246-4b6c-afc2-8e55a6bd0af4
N003629,c6ea1b7f-e11b-4146-bee8-b98525a66cfd
N003630,95f91aa5-ca24-4657-aa36-b5aebcb629ee
N003631,d6bccb8e-5b68-4c94-a516-2c8a7964dac2
N003632,344a1f67-f4ff-426a-a494-7e1fba7a6870
N003633,7f4a49a9-548e-4e36-9155-8f7f39aa300b
N003634,bf4d93e8-4aad-4c4c-a63a-c613252c16ff
N003635,aebc0478-62f6-4d30-b79d-88ee636d63d5
N003636,a9bf53d9-0658-472a-8c68-d2ce6e03349f
N003637,a9bf53d9-0658-472a-8c68-d2ce6e03349f
N003638,eacabff5-337a-4a01-abe4-4edf29133168
N003639,a9bf53d9-0658-472a-8c68-d2ce6e03349f
N003640,cd6e4bf5-c831-4324-9765-f976bb69d46b
N003641,a9bf53d9-0658-472a-8c68-d2ce6e03349f
N003642,a9bf53d9-0658-472a-8c68-d2ce6e03349f
N003643,a9bf53d9-0658-472a-8c68-d2ce6e03349f
N003644,cd6e4bf5-c831-4324-9765-f976bb69d46b
N003645,b0d01fec-0552-431f-8eaa-921768e9002a
N003646,2bab21ef-0170-41ce-bed0-62fe93429ed6
N003647,5c3330e5-cc0d-4572-b39e-d5b04ae31097
N003648,f0fa3677-517f-4b5f-8ebe-8e7b9c435b63
N003649,6124d75f-8157-42b2-be0c-eef2afc03b5d
N003650,53e7d707-5dd6-4998-868c-9859c3022695
N003651,fa402f40-ef1d-41c7-b14b-29770cdb0e48
N003652,d12a87a3-3992-41dd-86f3-7dadc115c211
N003653,1d2891a7-e5c7-4ea4-b93c-4383ce7f53a8
N003654,a18b1edd-1f3a-439c-a337-08e60ade9189
N003655,a18b1edd-1f3a-439c-a337-08e60ade9189
N003656,a18b1edd-1f3a-439c-a337-08e60ade9189
N003657,80465fc4-1353-4011-99f4-fd441f9009a3
N003658,010e1d2b-3c18-44c0-9c5f-3c939b51e5cb
N003659,684f86bc-1dd4-49a1-ba77-49e17d3d7958
N003660,684f86bc-1dd4-49a1-ba77-49e17d3d7958
N003661,010e1d2b-3c18-44c0-9c5f-3c939b51e5cb
N003662,01077b7a-d8d7-49b4-8ffb-205876d8407e
N003663,010e1d2b-3c18-44c0-9c5f-3c939b51e5cb
N003664,010e1d2b-3c18-44c0-9c5f-3c939b51e5cb
N003665,f173de22-6d04-4516-bc1e-32a72c0cb3f3
N003666,f173de22-6d04-4516-bc1e-32a72c0cb3f3
N003667,95ddf82f-c185-454a-8702-85133731095d
N003668,95ddf82f-c185-454a-8702-85133731095d
N003669,95ddf82f-c185-454a-8702-85133731095d
N003670,95ddf82f-c185-454a-8702-85133731095d
N003671,95ddf82f-c185-454a-8702-85133731095d
N003672,95ddf82f-c185-454a-8702-85133731095d
N003673,dd3050fb-237f-425d-9a66-fe738f9f30a2
N003674,4397a592-9a65-4598-bc5e-4d3edbf59c89
N003675,c136b133-36e0-41c0-b4ed-43a42c976b5c
N003676,0fb9c688-d8f1-496a-965f-f8d2aa0ae1d3
N003677,58a9a71d-8f5d-4d41-821d-1c3e15889dfc
N003678,66af8594-3688-4539-beae-17ceca7a82ce
N003679,27715b47-0600-4f59-8bf7-d0fb5abf5df0
N003680,66af8594-3688-4539-beae-17ceca7a82ce
N003681,0b168eb7-502c-4d3a-8c05-59e85ce90493
N003682,0b168eb7-502c-4d3a-8c05-59e85ce90493
N003683,0b168eb7-502c-4d3a-8c05-59e85ce90493
N003684,0b168eb7-502c-4d3a-8c05-59e85ce90493
N003685,0b168eb7-502c-4d3a-8c05-59e85ce90493
N003686,0b168eb7-502c-4d3a-8c05-59e85ce90493
N003687,0b168eb7-502c-4d3a-8c05-59e85ce90493
N003688,b54f36e5-0337-4e6a-aad7-9a3e8cc10ff3
N003689,e4e28c3f-a175-435b-a8fb-1b3c99d44337
N003690,5630bfb4-0e8d-4a36-bb74-e733de5e15cb
N003691,b9a35ef6-c987-48a7-a0e6-2b39dad03670
N003692,63149da8-893d-4381-a5d5-28f3bf1c3dce
N003693,277ebfcd-6a90-44bd-ad2a-dfea7dcba1fa
N003694,88422b3f-761c-4597-9e55-4b5c985d1f04
N003695,88422b3f-761c-4597-9e55-4b5c985d1f04
N003696,90b13d80-323a-4322-b4de-16e801c47a9b
N003697,90b13d80-323a-4322-b4de-16e801c47a9b
N003698,7158dcf4-3ada-45f7-b468-fe7ed9ca3360
N003699,5b58bc31-e2fa-4c1b-b90d-7ee9293b84e0
N003700,7158dcf4-3ada-45f7-b468-fe7ed9ca3360
N003701,7158dcf4-3ada-45f7-b468-fe7ed9ca3360
N003702,7158dcf4-3ada-45f7-b468-fe7ed9ca3360
N003703,f547f86b-1463-446a-82fd-dc97c59c6605
N003704,f547f86b-1463-446a-82fd-dc97c59c6605
N003705,f547f86b-1463-446a-82fd-dc97c59c6605
N003706,f547f86b-1463-446a-82fd-dc97c59c6605
N003707,f547f86b-1463-446a-82fd-dc97c59c6605
N003708,74412391-78f1-4f6f-97a2-29b69dc6e50a
N003709,f6c2c7d0-cbbe-4c31-95fb-82b83a417f0a
N003710,2b0c23df-8388-4cfe-ba10-11b162f8ef97
N003711,38cd6210-6667-4505-b137-5fc1740fb42e
N003712,73f00b0a-de1b-4e84-b37d-d6592cf7611c
N003713,44d7fc46-a492-4f9f-9571-3b1fe892598b
N003714,64e7a3c8-560d-4e44-bde8-7c7bdc24e384
N003715,d879d2ca-50ee-40ac-9aec-7701021e1783
N003716,37e2f214-a572-4210-a09d-99592e188b41
N003717,231cb93b-6cb9-4974-a9f7-31f6e801a46f
N003718,4ad4c3b6-4fdf-488e-bc56-cf765af71034
N003719,e5fa0f12-0fd7-488b-a1ea-24cb30c19611
N003720,1c4309ac-22ba-4f5d-bd17-907a7076b072
N003721,e5fa0f12-0fd7-488b-a1ea-24cb30c19611
N003722,92fd26a9-5629-4b04-baea-9bc53e6ada5a
N003723,8e1f43a8-e886-4983-a972-c2f992f39f96
N003724,066155de-2455-44d1-917d-63d13fa403c5
N003725,3282f0e6-ac2b-4499-a465-ae2778c7630a
N003726,066155de-2455-44d1-917d-63d13fa403c5
N003727,34b32e65-d0dd-460a-9e5d-2a58259d66a5
N003728,6a1f8e71-12d7-4cbe-840c-8fc62481d4b5
N003729,9d7e7a14-8b64-49ac-8cf5-4dc39d37d474
N003730,1cffe0c5-513d-4377-a4e9-a315e8cbf721
N003731,c12ea75f-280b-47e6-b420-b00a48b7e9ac
N003732,7a86cc41-7b28-4870-9166-e7c13cb19028
N003733,c12ea75f-280b-47e6-b420-b00a48b7e9ac
N003734,e19d75dd-f975-4d37-b4f2-156c390be9f6
N003735,be98d0c2-d8ba-494d-8acc-66b7d3f66e47
N003736,36784750-66bd-41bf-8148-e58a5d612079
N003737,e6dd15b6-9c53-4449-acd3-f7b8e2953720
N003738,8d3b7ce0-86e8-4451-bbd8-55144ec98671
N003739,8d3b7ce0-86e8-4451-bbd8-55144ec98671
N003740,91dec12a-25ea-45b4-8c56-9af6aec9343f
N003741,d73d0adc-05d7-4f93-94a9-c7fd75857fed
N003742,d73d0adc-05d7-4f93-94a9-c7fd75857fed
N003743,d73d0adc-05d7-4f93-94a9-c7fd75857fed
N003744,d73d0adc-05d7-4f93-94a9-c7fd75857fed
N003745,d73d0adc-05d7-4f93-94a9-c7fd75857fed
N003746,3ced357f-129c-4a4a-ad2f-f9e5f356d1d5
N003747,6e8d2950-3d3d-44f5-9b1b-0f6b3754a37b
N003748,b2bb9eb5-ab7d-4ca1-b4c5-ffdd6dca5d37
N003749,8c652b96-3906-427d-b6aa-d7cfef1bb5a5
N003750,8c652b96-3906-427d-b6aa-d7cfef1bb5a5
N003751,8c652b96-3906-427d-b6aa-d7cfef1bb5a5
N003752,8c652b96-3906-427d-b6aa-d7cfef1bb5a5
N003753,b1e27e9e-0775-4450-b5b9-4f4a5fd99dd3
N003754,b94700fa-e835-45f6-8ed3-1f2744875c67
N003755,d43ffb6f-9acb-42f0-b845-f0ac79169b3e
N003756,bc78998d-9b9e-42ef-b31e-10f93b6ab4b6
N003757,a4364169-51e9-4757-86b3-f5a9c34c5376
N003758,8f4b5b8f-4d0a-41e0-9bb8-701b94aeee22
N003759,3dab1387-574e-4976-b23c-1a8f62b35753
N003760,3dab1387-574e-4976-b23c-1a8f62b35753
N003761,4f7d41a2-c53e-4ec4-a811-3475555dea7a
N003762,47ced4c0-83c6-4b88-b644-1ecda7b826e8
N003763,a818b202-ba26-4a7b-9983-91534a76b607
N003764,d12a87a3-3992-41dd-86f3-7dadc115c211
N003765,a818b202-ba26-4a7b-9983-91534a76b607
N003766,87311ab1-eb27-4533-ad7d-5f486eceedb1
N003767,87311ab1-eb27-4533-ad7d-5f486eceedb1
N003768,87311ab1-eb27-4533-ad7d-5f486eceedb1
N003769,9b81c351-83f1-47c9-ae24-86b6190327c4
N003770,4a4ca2a5-e4ff-46bd-9db2-1d65de271032
N003771,0008ee60-0246-4f37-866e-a2e9a1382c8d
N003772,0008ee60-0246-4f37-866e-a2e9a1382c8d
N003773,0008ee60-0246-4f37-866e-a2e9a1382c8d
N003774,0008ee60-0246-4f37-866e-a2e9a1382c8d
N003775,0008ee60-0246-4f37-866e-a2e9a1382c8d
N003776,0008ee60-0246-4f37-866e-a2e9a1382c8d
N003777,bcfef06a-6c78-4f7a-9d98-fe538d0df83b
N003778,0008ee60-0246-4f37-866e-a2e9a1382c8d
N003779,2453ce23-8786-444b-bff7-3463bdda3fb9
N003780,4d48de7f-5e06-4f8a-b235-698b33516190
N003781,ab6e54d4-4d62-4276-9f83-eddca269539e
N003782,ab6e54d4-4d62-4276-9f83-eddca269539e
N003783,ab6e54d4-4d62-4276-9f83-eddca269539e
N003784,ab6e54d4-4d62-4276-9f83-eddca269539e
N003785,40918f5d-2ca3-404b-9f63-f09c14702fda
N003786,63456c2d-f7a0-46d6-b93c-5d2adaedcb49
N003787,40918f5d-2ca3-404b-9f63-f09c14702fda
N003788,40918f5d-2ca3-404b-9f63-f09c14702fda
N003789,40918f5d-2ca3-404b-9f63-f09c14702fda
N003790,63456c2d-f7a0-46d6-b93c-5d2adaedcb49
N003791,40918f5d-2ca3-404b-9f63-f09c14702fda
N003792,40918f5d-2ca3-404b-9f63-f09c14702fda
N003793,6490db11-b20f-465c-a28e-0e93a0fc5832
N003794,9fc73996-7eee-4381-b746-62b0753df571
N003795,d12a87a3-3992-41dd-86f3-7dadc115c211
N003796,d12a87a3-3992-41dd-86f3-7dadc115c211
N003797,9fc73996-7eee-4381-b746-62b0753df571
N003798,9d5e174f-f4cf-4a56-8e48-44026ba420f6
N003799,046c8279-32cc-42d7-a937-15bf79370b13
N003800,029bfb8a-7582-434a-9adf-fc8dceea6022
N003801,029bfb8a-7582-434a-9adf-fc8dceea6022
N003802,1157bd42-c608-4249-a505-194b4c0e25bd
N003803,7c99c0c2-ba1e-4a92-9b19-4d81aee7bcfc
N003804,d12a87a3-3992-41dd-86f3-7dadc115c211
N003805,9adf4b8f-2048-48ba-be8e-089ca59905eb
N003806,9adf4b8f-2048-48ba-be8e-089ca59905eb
N003807,9adf4b8f-2048-48ba-be8e-089ca59905eb
N003808,babe92b5-a7b2-45bc-aa93-68b936d5c37c
N003809,b509dc07-de27-473d-93e4-69c1d00bca89
N003810,b509dc07-de27-473d-93e4-69c1d00bca89
N003811,6b3f599e-cdd8-4e51-80de-b0b87d90c2af
N003812,b509dc07-de27-473d-93e4-69c1d00bca89
N003813,28848d9c-b14c-4863-a6bd-f614c43ab91d
N003814,d12a87a3-3992-41dd-86f3-7dadc115c211
N003815,334e00b6-34d6-4767-a26a-2870c872f951
N003816,f585a61d-9ed4-41c5-a008-8afb175f3029
N003817,20a1d604-fc28-41bf-b69c-bfa6f275c988
N003818,037b78ba-48be-4b9e-8181-1e94485e8602
N003819,037b78ba-48be-4b9e-8181-1e94485e8602
N003820,d12a87a3-3992-41dd-86f3-7dadc115c211
N003821,58a9a71d-8f5d-4d41-821d-1c3e15889dfc
N003822,5630bfb4-0e8d-4a36-bb74-e733de5e15cb
N003823,f585a61d-9ed4-41c5-a008-8afb175f3029
N003824,9c06b5bf-7827-4aab-9541-f43afaf3fec6
N003825,1e7f756e-9ef9-407c-9a00-65d4da20d237
N003826,3cb0537f-780b-4722-8b9e-692c7da91d0c
N003827,e9bc042a-a782-4ece-9d3c-852904171d96
N003828,e50acbf6-497c-4e2a-889a-9f7bf0857cf0
N003829,e50acbf6-497c-4e2a-889a-9f7bf0857cf0
N003830,58a9a71d-8f5d-4d41-821d-1c3e15889dfc
N003831,48ae8534-fd06-49ea-9250-32c8158aad3a
N003832,48ae8534-fd06-49ea-9250-32c8158aad3a
N003833,48ae8534-fd06-49ea-9250-32c8158aad3a
N003834,58a9a71d-8f5d-4d41-821d-1c3e15889dfc
N003835,48ae8534-fd06-49ea-9250-32c8158aad3a
N003836,48ae8534-fd06-49ea-9250-32c8158aad3a
N003837,48ae8534-fd06-49ea-9250-32c8158aad3a
N003838,4492d481-9183-467e-a826-d8625f003fe5
N003839,cd8a7f39-33d3-4bb5-9e0e-bf8f815fbd0f
N003840,a7bfcba1-4431-4645-95c8-4cc2d35a4f01
N003841,a7bfcba1-4431-4645-95c8-4cc2d35a4f01
N003842,a7bfcba1-4431-4645-95c8-4cc2d35a4f01
N003843,a7bfcba1-4431-4645-95c8-4cc2d35a4f01
N003844,a7bfcba1-4431-4645-95c8-4cc2d35a4f01
N003845,56dfd6fb-f1f3-4caa-bc3a-1d5431fee9ea
N003846,0732860a-f511-4f10-b07c-1f4067c08b8b
N003847,0732860a-f511-4f10-b07c-1f4067c08b8b
N003848,3fa59c3f-83ae-4b18-81f4-debac1701c25
N003849,6028b32d-9b75-452d-a532-ce831bea1c4f
N003850,b0d69c96-c641-4358-96dc-7f8c978f7238
N003851,3c69128a-0291-4418-af9e-f049c0213561
N003852,0784ae61-22f0-4b16-af9f-e79ece1cbc1b
N003853,b45b3bad-24df-450b-ade6-9c100f5dd10c
N003854,8e67aa0c-0619-4b01-a25c-c41c34783f73
N003855,8e67aa0c-0619-4b01-a25c-c41c34783f73
N003856,c97358e6-1a79-479c-80a7-9ca784d0a8ac
N003857,c8dba9b5-3a06-4838-8103-49ec726215c4
N003858,d14f5be2-0873-4eb2-84a5-b91cbcfa6a73
N003859,d135fe92-d333-49c5-a8d9-9deacd9be00c
N003860,1fd29dfb-a0b9-4da5-a5af-e849ad417d8b
N003861,a751fe3e-8368-48e7-8c66-d4eebc882110
N003862,731635fa-8218-49fe-a2ce-d3ea8baccc2e
N003863,d7ce9e5b-4f5c-4b23-a877-8667a85007e4
N003864,d7ce9e5b-4f5c-4b23-a877-8667a85007e4
N003865,799bff62-1a04-4b43-a7d2-1dc901c6f632
N003866,d7ce9e5b-4f5c-4b23-a877-8667a85007e4
N003867,d7ce9e5b-4f5c-4b23-a877-8667a85007e4
N003868,8e127723-49cd-4c92-ac53-78e696baea06
N003869,42824645-48ee-47ec-9f27-1016af88b90d
N003870,ed8d1287-e7a3-4b21-848d-ac879a6beb40
N003871,ed8d1287-e7a3-4b21-848d-ac879a6beb40
N003872,c30d83ca-2864-479d-824e-2a04b670736c
N003873,ed8d1287-e7a3-4b21-848d-ac879a6beb40
N003874,4e690112-34cc-49c4-a036-a2f235cdc708
N003875,ed8d1287-e7a3-4b21-848d-ac879a6beb40
N003876,ed8d1287-e7a3-4b21-848d-ac879a6beb40
N003877,4e690112-34cc-49c4-a036-a2f235cdc708
N003878,75d25824-cba3-44a2-9f1e-4c492782f581
N003879,75d25824-cba3-44a2-9f1e-4c492782f581
N003880,9d5e174f-f4cf-4a56-8e48-44026ba420f6
N003881,df50b25d-7ae3-4997-808c-e9a8bbff685a
N003882,b7c751f3-2d0d-4fe9-919c-9ed42368d589
N003883,53b33571-9b0f-44b5-9d4b-309691c73aff
N003884,5630bfb4-0e8d-4a36-bb74-e733de5e15cb
N003885,e8efe890-c6c9-475a-b4ad-d59e5632cf00
N003886,5630bfb4-0e8d-4a36-bb74-e733de5e15cb
N003887,11f3222c-5483-4504-95ca-9d33feaa2c38
N003888,be466247-b1c5-4452-814d-1bcbbf724dda
N003889,ce7acf83-7363-440d-8704-1c4c118483e9
N003890,56377675-23fa-4460-be18-ab8317b0b277
N003891,ae08e326-aba7-408f-a802-52e70d42b98b
N003892,31e9e135-3fb1-412d-b580-98dc64b16924
N003893,7ed9bbc3-7252-48a6-b061-2616ea8e3be8
N003894,01fa30bc-8ece-48b0-8593-98df3ffbfee2
N003895,4d0c3455-dff3-4495-9e9a-91d72df0a560
N003896,55b84e89-5d6a-4738-961a-db566762d885
N003897,f58b9af5-ff76-4d8e-819e-461c67e48dc2
N003898,fb671009-588b-4b26-b964-f2b7139dd368
N003899,5e4479ee-4e52-4c97-8ed4-3ee37be3a3a2
N003900,b15e2a13-76d4-4c0c-8e1c-c12696ccdc7c
N003901,e0953a0f-d6f1-4bf0-bdcb-9024219064f3
N003902,58a9a71d-8f5d-4d41-821d-1c3e15889dfc
N003903,b1ea2779-d277-408e-87c5-5620529ca827
N003904,02756ffa-c716-4bd1-8ee9-8765b813d198
N003905,792675ab-742e-4f3f-be7d-620b9373c222
N003906,792675ab-742e-4f3f-be7d-620b9373c222
N003907,be98d0c2-d8ba-494d-8acc-66b7d3f66e47
N003908,792675ab-742e-4f3f-be7d-620b9373c222
N003909,be98d0c2-d8ba-494d-8acc-66b7d3f66e47
N003910,2208a1ce-c03d-4d7c-b0ad-2d0c6ba4f830
N003911,bd290a9b-dc88-4616-97f5-6ab2abbe3b26
N003912,bd290a9b-dc88-4616-97f5-6ab2abbe3b26
N003913,1bb0e4f2-d6e7-42c6-b9e7-b921a2f53ac3
N003914,d4906ffb-089b-4f4a-bfc9-1e6014639d58
N003915,d4906ffb-089b-4f4a-bfc9-1e6014639d58
N003916,d4906ffb-089b-4f4a-bfc9-1e6014639d58
N003917,722c01bd-3757-4774-8e4b-6a1b85b79c90
N003918,d4906ffb-089b-4f4a-bfc9-1e6014639d58
N003919,d4906ffb-089b-4f4a-bfc9-1e6014639d58
N003920,d4906ffb-089b-4f4a-bfc9-1e6014639d58
N003921,d4906ffb-089b-4f4a-bfc9-1e6014639d58
N003922,d4906ffb-089b-4f4a-bfc9-1e6014639d58
N003923,e5cb8f2d-364d-405f-b231-058d5061f6f1
N003924,e51322a3-efd7-4dd1-9c21-c0b35997100f
N003925,e51322a3-efd7-4dd1-9c21-c0b35997100f
N003926,e51322a3-efd7-4dd1-9c21-c0b35997100f
N003927,a4d2ec10-5341-428c-bb2f-913010d863d5
N003928,aa04f9ed-3f5a-4750-8dcd-c77132999b3b
N003929,1b9f3b3a-d57c-4681-8123-fcfea3c2f780
N003930,dd942f09-44ce-488a-8823-bde5450baf78
N003931,be98d0c2-d8ba-494d-8acc-66b7d3f66e47
N003932,6bece0c8-06b3-46df-bc18-2a4983e17d88
N003933,e3266672-fdf4-48e6-a55d-637ef8345429
N003934,353dfc58-f9e6-4e8a-a4c0-97156acce3f0
N003935,75bf6906-36d8-4f89-8202-fe5d9344635f
N003936,d6bccb8e-5b68-4c94-a516-2c8a7964dac2
N003937,6ed075bf-1479-41d8-bc6b-b5ae9374d55a
N003938,e1ad6586-406a-49f0-bc83-6c5fd637c678
N003939,e1ad6586-406a-49f0-bc83-6c5fd637c678
N003940,e1ad6586-406a-49f0-bc83-6c5fd637c678
N003941,58a9a71d-8f5d-4d41-821d-1c3e15889dfc
N003942,ffe34b84-2769-41c5-adb9-388be1f7e157
N003943,ffe34b84-2769-41c5-adb9-388be1f7e157
N003944,ffe34b84-2769-41c5-adb9-388be1f7e157
N003945,879f7c66-967b-4461-b9b3-7ff5a2ba9349
N003946,879f7c66-967b-4461-b9b3-7ff5a2ba9349
N003947,1f2201d5-cb34-40e3-b02d-3d43590e65a7
N003948,1f2201d5-cb34-40e3-b02d-3d43590e65a7
N003949,04352eda-4737-49d7-907c-af836f5f7c0a
N003950,97f16f00-663b-4888-b5a9-0e938d9e0742
N003951,58a9a71d-8f5d-4d41-821d-1c3e15889dfc
N003952,58a9a71d-8f5d-4d41-821d-1c3e15889dfc
N003953,bc8d2117-2071-441d-b870-49e0df8acffc
N003954,513b719f-5883-4599-87f7-8161e21a8a54
N003955,fb51f186-aeae-4d16-860e-3ec4682a162e
N003956,5ef453b7-f336-4f44-a2b6-73a49a12f8d7
N003957,5ef453b7-f336-4f44-a2b6-73a49a12f8d7
N003958,a1f913ee-cc48-469f-ac15-e0bbb2a10ccc
N003959,a1f913ee-cc48-469f-ac15-e0bbb2a10ccc
N003960,a1f913ee-cc48-469f-ac15-e0bbb2a10ccc
N003961,7c9e051e-eb4e-4ea0-86f6-b631087249d7
N003962,758a7382-51ce-42ab-968a-e99e87db4f22
N003963,58a9a71d-8f5d-4d41-821d-1c3e15889dfc
N003964,b131de8e-181c-415a-b01a-e3088e10d90d
N003965,c5cb6ef8-b54d-48a5-8cf9-5bebdd24c476
N003966,c5cb6ef8-b54d-48a5-8cf9-5bebdd24c476
N003967,c5cb6ef8-b54d-48a5-8cf9-5bebdd24c476
N003968,d12a87a3-3992-41dd-86f3-7dadc115c211
N003969,c5cb6ef8-b54d-48a5-8cf9-5bebdd24c476
N003970,c5cb6ef8-b54d-48a5-8cf9-5bebdd24c476
N003971,c5cb6ef8-b54d-48a5-8cf9-5bebdd24c476
N003972,c5cb6ef8-b54d-48a5-8cf9-5bebdd24c476
N003973,99083683-5aa0-446e-b3a6-b2e07b5d2b56
N003974,ed075220-0f74-46d3-9fb3-eafaccfbc86c
N003975,ed075220-0f74-46d3-9fb3-eafaccfbc86c
N003976,ed075220-0f74-46d3-9fb3-eafaccfbc86c
N003977,ed075220-0f74-46d3-9fb3-eafaccfbc86c
N003978,c12ea75f-280b-47e6-b420-b00a48b7e9ac
N003979,b2664443-662d-4c29-9770-f1e46e90f0f2
N003980,d2d79033-fe7c-40b2-b9e5-09f299ce5c98
N003981,d2d79033-fe7c-40b2-b9e5-09f299ce5c98
N003982,58a9a71d-8f5d-4d41-821d-1c3e15889dfc
N003983,d2d79033-fe7c-40b2-b9e5-09f299ce5c98
N003984,eea1f9b5-4582-496c-93bf-cd44bf902a18
N003985,2356ca3b-af94-4d5a-ba3e-a5998550c94d
N003986,adddd0b5-e50d-4132-ba5e-fac5a9a86b44
N003987,bc8ab54a-34fc-4b10-a969-3e563431b159
N003988,d12a87a3-3992-41dd-86f3-7dadc115c211
N003989,a8f7103d-094b-4688-a9ed-deba897b248c
N003990,a8f7103d-094b-4688-a9ed-deba897b248c
N003991,a8f7103d-094b-4688-a9ed-deba897b248c
N003992,a8f7103d-094b-4688-a9ed-deba897b248c
N003993,ebb8fc5e-dff2-4b7a-8eed-9300aa1ff817
N003994,b1e27e9e-0775-4450-b5b9-4f4a5fd99dd3
N003995,68b2cc03-22c0-4289-9672-56dbf7d7c42d
N003996,2f36c24e-59d9-41e0-99ba-c938546c46be
N003997,fdf15841-ca5e-4e6b-93aa-66f65758302e
N003998,7e2fcb27-c884-429f-88fb-120974003db4
N003999,7e2fcb27-c884-429f-88fb-120974003db4
N004000,7e2fcb27-c884-429f-88fb-120974003db4
N004001,2794ca5c-0daf-4282-b2f2-985dcc0372cf
N004002,e750afe6-4e1a-4af6-8303-c9596ffabe0a
N004003,e750afe6-4e1a-4af6-8303-c9596ffabe0a
N004004,e750afe6-4e1a-4af6-8303-c9596ffabe0a
N004005,15c4957b-4a27-47c5-b92f-f6106671c406
N004006,58a9a71d-8f5d-4d41-821d-1c3e15889dfc
N004007,58a9a71d-8f5d-4d41-821d-1c3e15889dfc
N004008,f968c582-7678-4b72-8b8f-45aedee7b770
N004009,f990cbf5-721a-4b59-8a43-c481b08481cd
N004010,970eac4c-5e19-4f95-9455-46ba67b69e25
N004011,d12a87a3-3992-41dd-86f3-7dadc115c211
N004012,c23f115a-e569-462f-aaba-946e8723ae03
N004013,b9dec880-533e-4108-8244-16efacaf3d9e
N004014,3cd8b5d2-9db9-4575-95be-a76c0984e87d
N004015,93bbeb89-e2bf-428e-97f1-d03611557169
N004016,143ce1bf-b274-4efa-9ffe-2877743d8891
N004017,651bfe0a-00fa-451c-8f0f-fff316602c6e
N004018,57a02e8b-44a9-44c2-a0de-f885cfa13118
N004019,e03c9031-0121-4a07-aaae-5adb4da71254
N004020,e03c9031-0121-4a07-aaae-5adb4da71254
N004021,73121d86-f91b-444e-9fc7-1b95883faa84
N004022,9e336029-8c65-432c-9c1d-662ddda9f69e
N004023,17f398a1-2b3d-447e-b094-e759186a4a96
N004024,17f398a1-2b3d-447e-b094-e759186a4a96
N004025,17f398a1-2b3d-447e-b094-e759186a4a96
N004026,38c6c049-9a14-4f0f-b652-8b80b5a34a0a
N004027,38c6c049-9a14-4f0f-b652-8b80b5a34a0a
N004028,6ce63302-fff6-4cbf-bb9d-b7b6c2ad31d3
N004029,6fbce823-8723-4d85-abfd-0eb75d00be04
N004030,6fbce823-8723-4d85-abfd-0eb75d00be04
N004031,caae137c-7376-4d2b-a3f3-fdfc3ea26d93
N004032,caae137c-7376-4d2b-a3f3-fdfc3ea26d93
N004033,caae137c-7376-4d2b-a3f3-fdfc3ea26d93
N004034,61d4a20c-cbfa-441a-abf9-ea26754b8d25
N004035,61d4a20c-cbfa-441a-abf9-ea26754b8d25
N004036,265c3fe8-1d09-438b-b7ae-e0be914956ea
N004037,265c3fe8-1d09-438b-b7ae-e0be914956ea
N004038,265c3fe8-1d09-438b-b7ae-e0be914956ea
N004039,265c3fe8-1d09-438b-b7ae-e0be914956ea
N004040,32716462-afb0-4854-ad02-9e78b7a6d353
N004041,c5c3b7a8-1fa6-463b-9b25-8e29aeabdb67
N004042,5cb3b419-0f97-42e5-952b-bd7f3f99ca4b
N004043,d6bccb8e-5b68-4c94-a516-2c8a7964dac2
N004044,28cc8382-aa75-4a0b-8673-ca8ae7281acb
N004045,8f41f850-0efc-4f5d-9e0f-a31191cc5bd3
N004046,e779ff3e-c21b-4afc-96cc-b6b7ee938bfa
N004047,e779ff3e-c21b-4afc-96cc-b6b7ee938bfa
N004048,b8fd58af-6162-4cef-85d7-ccda7fe72dec
N004049,4466e51d-1780-4a63-af71-6b858603f72c
N004050,737afe76-2f3b-418f-8a76-0f6d90ac3727
N004051,d025373e-a42a-4f81-9b5a-c34ec43ae064
N004052,0f8e8bee-e39b-431d-89f9-31961db34e99
N004053,52f682c0-73d0-4606-94f2-74222dc48d05
N004054,af57b2a9-4ed4-4804-a27b-c6919e6320e9
N004055,e33c1819-bd12-4b9c-ab41-70b850690d4d
N004056,7f5be8b6-670d-4fdc-bc46-76603d68536d
N004057,d12a87a3-3992-41dd-86f3-7dadc115c211
N004058,79941557-6d59-4546-a42b-35922b90bdc2
N004059,79941557-6d59-4546-a42b-35922b90bdc2
N004060,79941557-6d59-4546-a42b-35922b90bdc2
N004061,79941557-6d59-4546-a42b-35922b90bdc2
N004062,79941557-6d59-4546-a42b-35922b90bdc2
N004063,1041152e-29de-47b2-8c1d-4cc3a7080ecd
N004064,1041152e-29de-47b2-8c1d-4cc3a7080ecd
N004065,1041152e-29de-47b2-8c1d-4cc3a7080ecd
N004066,1041152e-29de-47b2-8c1d-4cc3a7080ecd
N004067,1041152e-29de-47b2-8c1d-4cc3a7080ecd
N004068,2021ccc8-22c1-4078-b93c-2d7202c4632e
N004069,2eae2d55-7399-4dd9-b2fa-41320ec00ebe
N004070,e24ff71d-3cf5-43ff-9fef-41814d0d5611
N004071,e24ff71d-3cf5-43ff-9fef-41814d0d5611
N004072,e24ff71d-3cf5-43ff-9fef-41814d0d5611
N004073,e24ff71d-3cf5-43ff-9fef-41814d0d5611
N004074,c74d31f2-a703-410d-a0c4-442de7778db5
N004075,31521737-8cf5-4054-b4c2-e77811385a53
N004076,31521737-8cf5-4054-b4c2-e77811385a53
N004077,31521737-8cf5-4054-b4c2-e77811385a53
N004078,31521737-8cf5-4054-b4c2-e77811385a53
N004079,a274a287-31eb-49c4-a413-0ba1f824221d
N004080,54933811-023a-4845-8569-4754097d3e3d
N004081,54933811-023a-4845-8569-4754097d3e3d
N004082,17b217ae-25a1-4bd7-8528-1161b6a1c8f7
N004083,94d4d4c9-be73-44d6-96bf-a0d49138a012
N004084,cdff94a2-7840-4484-ac4f-bfc2dd8ab578
N004085,cdff94a2-7840-4484-ac4f-bfc2dd8ab578
N004086,cdff94a2-7840-4484-ac4f-bfc2dd8ab578
N004087,05e7eddc-6a86-40d3-b00c-ce709d3ab38b
N004088,8733c87b-feae-4280-a34d-08811f25bbc8
N004089,8733c87b-feae-4280-a34d-08811f25bbc8
N004090,9c9adbb4-0726-48d2-ad84-b5eb49c53576
N004091,8733c87b-feae-4280-a34d-08811f25bbc8
N004092,03c211fb-836c-43a8-99ca-ea341aaccbe9
N004093,6907ea12-d828-4c98-b158-7f9af0a9cd60
N004094,36cff689-56be-461d-ac51-0585353ede5d
N004095,2c0d11c9-6cc2-47bd-b1e2-9716609ea40c
N004096,2c0d11c9-6cc2-47bd-b1e2-9716609ea40c
N004097,2c0d11c9-6cc2-47bd-b1e2-9716609ea40c
N004098,9a2bec0d-7da9-4c53-b813-a2981f90d437
N004099,146d8c44-fb49-4318-b71f-261a80e92a10
N004100,f425e5b4-8d7a-4580-b1e7-35fbb822f597
N004101,9a2bec0d-7da9-4c53-b813-a2981f90d437
N004102,146d8c44-fb49-4318-b71f-261a80e92a10
N004103,7da98807-d659-4b69-bbad-53b8c6a6f465
N004104,165b887c-77f2-422a-a6df-c79e7612e2d7
N004105,f6fec1a4-c08d-4d77-a53c-391639a9f70a
N004106,58a9a71d-8f5d-4d41-821d-1c3e15889dfc
N004107,ca5f29bc-de9e-4ddf-8fe0-889e43567161
N004108,be7a2363-8d10-4f46-ba20-1fc32a769f35
N004109,be7a2363-8d10-4f46-ba20-1fc32a769f35
N004110,be7a2363-8d10-4f46-ba20-1fc32a769f35
N004111,be7a2363-8d10-4f46-ba20-1fc32a769f35
N004112,992eaaf6-67db-49f9-9010-bea0a5163121
N004113,d71a1b8d-f3e3-41ff-a28b-b2e54dae1dd3
N004114,707c3cc3-1ee9-4656-bac0-0ecbca3cbf69
N004115,6c255c3e-1656-4b28-9807-6cd329755507
N004116,6c255c3e-1656-4b28-9807-6cd329755507
N004117,6c255c3e-1656-4b28-9807-6cd329755507
N004118,e2d7670c-5d0b-4a23-8729-211ecaa1e3ca
N004119,2c1599dc-f4c2-475b-a664-bb661d8d1eaa
N004120,d87eb420-7265-4226-ab3c-e38f717dbbd0
N004121,6ec0d0ad-28c8-48de-8128-6d68fa02f101
N004122,6ec0d0ad-28c8-48de-8128-6d68fa02f101
N004123,6ec0d0ad-28c8-48de-8128-6d68fa02f101
N004124,6ec0d0ad-28c8-48de-8128-6d68fa02f101
N004125,b768102e-26c5-4973-b9b5-de045c3c3a90
N004126,b768102e-26c5-4973-b9b5-de045c3c3a90
N004127,b768102e-26c5-4973-b9b5-de045c3c3a90
N004128,b768102e-26c5-4973-b9b5-de045c3c3a90
N004129,c669f43e-10b3-44ad-8da5-173f9c623e91
N004130,b768102e-26c5-4973-b9b5-de045c3c3a90
N004131,96140cbd-74ed-4516-ae0f-59034f73e7c9
N004132,eee08cb6-7c50-48ab-ae0b-76e6e269abca
N004133,3df6566c-89a5-4c5c-a5f7-9723967adb61
N004134,830a5122-3173-4371-b27a-0bddb965995e
N004135,830a5122-3173-4371-b27a-0bddb965995e
N004136,8ce42666-3d54-4223-84d4-b6afdbe3ef4a
N004137,4f990415-a6d3-47b9-a665-aa43606b4187
N004138,9202499e-03e8-49e9-b033-5151b16e25bd
N004139,7ae3b15c-7c7d-426c-9d62-0af719eafc57
N004140,7ae3b15c-7c7d-426c-9d62-0af719eafc57
N004141,31ecae21-0ff9-46f0-9113-0fbb456cd04e
N004142,97283731-2aff-4808-8ed9-43b7bb3f769f
N004143,86ee6995-5316-4ff9-b6b9-00fa96a5c504
N004144,9a488f06-659b-4235-87e8-639fa494ca39
N004145,33bd4718-16ab-4c24-bcd8-8a56cd2a6125
N004146,9f09a6e9-1e87-460b-8be0-0d6508a21277
N004147,ed632f11-38c0-4293-8840-e19e4e1de4cf
N004148,8208dad3-b4c3-4de5-a4a6-be71fac5fef1
N004149,3dfd0f36-3b56-4e85-a07e-b4f00f90f473
N004150,841d851c-825a-4106-b5df-87176c954df3
N004151,8bb66747-a5be-45ef-bdf7-ae35bcd1e618
N004152,d2d39769-e121-4156-85bb-22c548591b24
N004153,d2d39769-e121-4156-85bb-22c548591b24
N004154,d2d39769-e121-4156-85bb-22c548591b24
N004155,ae22a02c-0189-478d-ad38-0d7e357044a7
N004156,d12a87a3-3992-41dd-86f3-7dadc115c211
N004157,0da1fbd6-e3f0-44cb-a1af-04ba9a8f00c1
N004158,0da1fbd6-e3f0-44cb-a1af-04ba9a8f00c1
N004159,0da1fbd6-e3f0-44cb-a1af-04ba9a8f00c1
N004160,5e567148-c8b1-487a-aa98-a64c408ea5bc
N004161,bc582a87-a5a2-4d95-9a3e-d539a641e738
N004162,419a79de-78fb-4f09-925a-19b74ac21870
N004163,bc582a87-a5a2-4d95-9a3e-d539a641e738
N004164,bc582a87-a5a2-4d95-9a3e-d539a641e738
N004165,bc582a87-a5a2-4d95-9a3e-d539a641e738
N004166,bc582a87-a5a2-4d95-9a3e-d539a641e738
N004167,9c32e3e6-b8c9-418c-9728-c2cfd61743e4
N004168,fcd01359-e119-42ff-9f81-e7b243aef678
N004169,fcd01359-e119-42ff-9f81-e7b243aef678
N004170,f9edfe08-ad01-4ebc-8c48-3b25643dc070
N004171,3bf632a9-ead8-48c3-8d87-e5e0adabe788
N004172,3bf632a9-ead8-48c3-8d87-e5e0adabe788
N004173,1a5a0e4b-5e80-4e0d-9d0f-0f9ba8d86c2c
N004174,c29e0b55-5c93-47af-ba17-754f8ce1733b
N004175,c29e0b55-5c93-47af-ba17-754f8ce1733b
N004176,c29e0b55-5c93-47af-ba17-754f8ce1733b
N004177,c29e0b55-5c93-47af-ba17-754f8ce1733b
N004178,46c17a7c-e200-49c2-aa22-6f2a466df29e
N004179,46c17a7c-e200-49c2-aa22-6f2a466df29e
N004180,d1021afe-4902-4f2a-875a-fb5140a733dc
N004181,46c17a7c-e200-49c2-aa22-6f2a466df29e
N004182,46c17a7c-e200-49c2-aa22-6f2a466df29e
N004183,46c17a7c-e200-49c2-aa22-6f2a466df29e
N004184,d4f74f53-90ea-4d06-80b8-47d6d49910ea
N004185,784ac412-4d51-49ae-b07e-e6a288c8363b
N004186,67156170-7aa9-4e2c-930d-9fee853de0a0
N004187,23a90778-b3be-464d-895e-fb9a6479e222
N004188,17bc0825-c974-4c16-b13d-24f37eb20f54
N004189,17bc0825-c974-4c16-b13d-24f37eb20f54
N004190,17bc0825-c974-4c16-b13d-24f37eb20f54
N004191,17bc0825-c974-4c16-b13d-24f37eb20f54
N004192,db5571a3-5b23-408d-8b32-0cc9cfafc692
N004193,d12a87a3-3992-41dd-86f3-7dadc115c211
N004194,6dcb273b-ec55-475e-a346-65df32cf0b0a
N004195,6dcb273b-ec55-475e-a346-65df32cf0b0a
N004196,d12a87a3-3992-41dd-86f3-7dadc115c211
N004197,6dcb273b-ec55-475e-a346-65df32cf0b0a
N004198,6108aa65-22cc-4011-b941-2bf943a52ba8
N004199,97050228-cf22-418f-bafe-a16c533dd01b
N004200,005a2dbb-cfa7-49ae-8f21-8e475226d723
N004201,09fc1a19-8f14-4115-90ae-80afcf64b4d4
N004202,005a2dbb-cfa7-49ae-8f21-8e475226d723
N004203,005a2dbb-cfa7-49ae-8f21-8e475226d723
N004204,005a2dbb-cfa7-49ae-8f21-8e475226d723
N004205,005a2dbb-cfa7-49ae-8f21-8e475226d723
N004206,3d4725f9-819b-47b3-88ad-12d1222f4bfa
N004207,dfff14d9-b40f-42d6-860c-3d73e5e42eb9
N004208,4d0064f9-6284-4acf-a8bf-e57f55631bd8
N004209,f6f0d8f9-e456-4786-84c2-56853371ff02
N004210,9179a672-93ec-4f88-bd8b-da3f0dec748b
N004211,98650c06-a11e-4dad-8654-d36c1dd38cbf
N004212,1f716ffc-ee4d-46f1-9db8-b1832800a982
N004213,711c5e95-1d38-4f71-b759-967a2e977e20
N004214,711c5e95-1d38-4f71-b759-967a2e977e20
N004215,5630bfb4-0e8d-4a36-bb74-e733de5e15cb
N004216,8cc74729-0d5c-4257-bd33-366afe6258f7
N004217,c23fa259-7e5d-45ee-9620-f4c1c168348f
N004218,f60627f5-5687-4a40-a3c3-c22e505c0ccd
N004219,914909dc-2847-4ae2-ab9f-6b1da7f556e9
N004220,37a2447a-9ec5-41c9-9583-5236e32a45ee
N004221,129f2850-8ab6-4e3d-9c93-9139d53c85d7
N004222,68efc232-57fb-41f4-b396-82b78c6932c3
N004223,68efc232-57fb-41f4-b396-82b78c6932c3
N004224,68efc232-57fb-41f4-b396-82b78c6932c3
N004225,68efc232-57fb-41f4-b396-82b78c6932c3
N004226,68efc232-57fb-41f4-b396-82b78c6932c3
N004227,938ef80d-892f-46a0-85f1-a52f4e886480
N004228,938ef80d-892f-46a0-85f1-a52f4e886480
N004229,d12a87a3-3992-41dd-86f3-7dadc115c211
N004230,f4145633-7782-42cf-aaa0-ce3eae976a87
N004231,f4145633-7782-42cf-aaa0-ce3eae976a87
N004232,7f7f5788-4e7e-41eb-9f7a-4464b2aaba95
N004233,f4145633-7782-42cf-aaa0-ce3eae976a87
N004234,457f5feb-d42c-4f4d-9da9-2f6b36b54fa4
N004235,457f5feb-d42c-4f4d-9da9-2f6b36b54fa4
N004236,7190df4f-0ad6-4ff5-b8ab-0d0043283c58
N004237,457f5feb-d42c-4f4d-9da9-2f6b36b54fa4
N004238,457f5feb-d42c-4f4d-9da9-2f6b36b54fa4
N004239,33ffc874-4284-4664-a3dd-457f348b5fbd
N004240,bef12547-70f1-4750-a660-362f59750ccc
N004241,bd0e43cb-5dc5-4c01-91a0-fee65ae4ca85
N004242,05ac7fc9-6ef0-4a6d-a0df-22e36ae02ccc
N004243,9fede3b6-8a9a-4857-9d6c-682d835439c0
N004244,487eb195-da26-44b6-bf5c-782b8eefc2ab
N004245,9fede3b6-8a9a-4857-9d6c-682d835439c0
N004246,05ac7fc9-6ef0-4a6d-a0df-22e36ae02ccc
N004247,487eb195-da26-44b6-bf5c-782b8eefc2ab
N004248,05ac7fc9-6ef0-4a6d-a0df-22e36ae02ccc
N004249,01ca7cd7-11f5-4507-a847-cc1f88c0caa1
N004250,01ca7cd7-11f5-4507-a847-cc1f88c0caa1
N004251,01ca7cd7-11f5-4507-a847-cc1f88c0caa1
N004252,b0d04f27-f359-4f78-96a1-7fa3270e7153
N004253,01ca7cd7-11f5-4507-a847-cc1f88c0caa1
N004254,01ca7cd7-11f5-4507-a847-cc1f88c0caa1
N004255,b0d04f27-f359-4f78-96a1-7fa3270e7153
N004256,01ca7cd7-11f5-4507-a847-cc1f88c0caa1
N004257,33d1d9ba-b209-4080-9592-df7e85fc9be2
N004258,eedf87cb-8ce4-46c5-aca7-42ac22a0c2b4
N004259,9619b028-9a57-4c91-8cc4-86fbc7431b40
N004260,5630bfb4-0e8d-4a36-bb74-e733de5e15cb
N004261,9619b028-9a57-4c91-8cc4-86fbc7431b40
N004262,9619b028-9a57-4c91-8cc4-86fbc7431b40
N004263,9619b028-9a57-4c91-8cc4-86fbc7431b40
N004264,9619b028-9a57-4c91-8cc4-86fbc7431b40
N004265,9619b028-9a57-4c91-8cc4-86fbc7431b40
N004266,9619b028-9a57-4c91-8cc4-86fbc7431b40
N004267,ee5597f3-0e9c-4fea-8ab9-7270c6196efc
N004268,4c726a9c-c534-4ca2-8f8e-8d9b1b3b2152
N004269,c9dcb765-0e1b-4c53-9013-4404723abce6
N004270,15d89a70-82b4-4c16-8282-f617a869328b
N004271,e6ac1eb4-6e65-48df-921e-2e796b670066
N004272,e6ac1eb4-6e65-48df-921e-2e796b670066
N004273,e6ac1eb4-6e65-48df-921e-2e796b670066
N004274,76527b8b-d15d-4ff9-8c10-dd89fd91819f
N004275,76527b8b-d15d-4ff9-8c10-dd89fd91819f
N004276,76527b8b-d15d-4ff9-8c10-dd89fd91819f
N004277,b449b9ec-9012-40da-8a02-dae6fbb39291
N004278,7957df66-7c65-472a-93e1-ea0068e501ba
N004279,4060cb09-e9ff-471f-a803-f268156dc699
N004280,a6029298-bc7b-40b8-81f9-fa3dc4c105d4
N004281,a9d98c59-516d-422d-a34d-c58dd4ad6d8f
N004282,cb144e51-2edb-4c81-ac7e-d57b750de6d7
N004283,cb144e51-2edb-4c81-ac7e-d57b750de6d7
N004284,cb144e51-2edb-4c81-ac7e-d57b750de6d7
N004285,cb144e51-2edb-4c81-ac7e-d57b750de6d7
N004286,cb144e51-2edb-4c81-ac7e-d57b750de6d7
N004287,87882c95-5918-439d-8b83-3046f8a6a315
N004288,620b341b-d9d2-422e-bac3-518a6ec653fd
N004289,87882c95-5918-439d-8b83-3046f8a6a315
N004290,87882c95-5918-439d-8b83-3046f8a6a315
N004291,87882c95-5918-439d-8b83-3046f8a6a315
N004292,26010f5c-0092-4894-9632-e5fb8b2a44ed
N004293,bf8cc78c-efde-44f2-bef1-a7e3d68579d5
N004294,33095a3e-ab66-4117-b33a-af0b96b64cf9
N004295,33095a3e-ab66-4117-b33a-af0b96b64cf9
N004296,d784443e-4cfc-4124-bcad-5c683125a3ff
N004297,5630bfb4-0e8d-4a36-bb74-e733de5e15cb
N004298,7d1abfa3-b073-4bfd-bae1-73cb72a360e9
N004299,7d1abfa3-b073-4bfd-bae1-73cb72a360e9
N004300,e99d38fe-05f4-470c-bc12-fb04b5948d1e
N004301,c0c2fe0f-1b5a-4aa9-9389-94197aa92d42
N004302,1fd5df08-6291-40f7-aa98-4f2bf4f985c6
N004303,97786c22-3a80-42e4-84f8-9e8dbca3eefe
N004304,b7344091-9ec7-465f-8822-4216b8b6031b
N004305,9ffcc46e-0ed8-4d35-b0c9-83fe00d0e8a1
N004306,82617c0c-f792-4727-9aca-5e07a00c2bcc
N004307,82617c0c-f792-4727-9aca-5e07a00c2bcc
N004308,77f30d98-c85b-41e8-a711-ba7d16205480
N004309,68ca0ec3-1b2e-46c9-9985-bf83af0f5f4e
N004310,b94700fa-e835-45f6-8ed3-1f2744875c67
N004311,d2e6529f-b775-426a-b34c-4f91fe3edd9a
N004312,d2e6529f-b775-426a-b34c-4f91fe3edd9a
N004313,9bbfe5fc-7500-41a6-87a3-bf6e5981230b
N004314,169b56e2-5bc7-4321-b86b-78aca3638626
N004315,6e821663-3c39-44a1-a516-35635c6e18bb
N004316,c90b8d0c-ff28-474c-a910-8e6554291260
N004317,5d256274-e67c-4bc3-951e-f1c6fff9e765
N004318,6fd1602b-6296-425f-976e-357329a0cbdb
N004319,f15e418e-59d5-46f0-aed1-55155fd62509
N004320,20fd9a72-c028-49a6-9432-00d2bbc14663
N004321,4efc7c66-e197-4d95-bb39-50fce0f8e908
N004322,b1018cdb-512b-4e7a-9802-652ad71fe91a
N004323,01a3fa1f-efa4-4331-a4a0-e113dc8e7f7d
N004324,a9dad396-64d6-481f-873a-f453274a3256
N004325,a7a750f1-5bf0-4ef7-a837-eab0c0fcd5c8
N004326,be98d0c2-d8ba-494d-8acc-66b7d3f66e47
N004327,a7a750f1-5bf0-4ef7-a837-eab0c0fcd5c8
N004328,a7a750f1-5bf0-4ef7-a837-eab0c0fcd5c8
N004329,a7a750f1-5bf0-4ef7-a837-eab0c0fcd5c8
N004330,a7a750f1-5bf0-4ef7-a837-eab0c0fcd5c8
N004331,a7a750f1-5bf0-4ef7-a837-eab0c0fcd5c8
N004332,c12ea75f-280b-47e6-b420-b00a48b7e9ac
N004333,7cafe948-4eab-464f-9cc4-05dc9d04fbbc
N004334,b73e04a3-df0f-41d4-be1d-5cc3d8d21ef2
N004335,b73e04a3-df0f-41d4-be1d-5cc3d8d21ef2
N004336,bb85bfe9-edec-4d6b-b4cc-5b2db4f6a382
N004337,caaa8b8b-7b88-4ff2-847d-dd89ec267708
N004338,caaa8b8b-7b88-4ff2-847d-dd89ec267708
N004339,caaa8b8b-7b88-4ff2-847d-dd89ec267708
N004340,6c591e78-53ad-4541-9aef-c399c370c9a6
N004341,c59ef198-0094-4511-953e-7fc07ef4aefe
N004342,5e17375c-ae7a-47da-9358-3585346a419c
N004343,5d6a7bc4-85c8-426e-88fc-093b2dde856b
N004344,0fc818ec-1ab0-40cb-8016-e57c7bba6877
N004345,0fc818ec-1ab0-40cb-8016-e57c7bba6877
N004346,74fc5e40-decc-4975-a927-621bfdaef5e6
N004347,0fc818ec-1ab0-40cb-8016-e57c7bba6877
N004348,0fc818ec-1ab0-40cb-8016-e57c7bba6877
N004349,98bf6367-cef1-4414-a8c3-3f82e313ab62
N004350,a9eebd50-ee26-4de8-a541-59c409b6d265
N004351,a9eebd50-ee26-4de8-a541-59c409b6d265
N004352,a9eebd50-ee26-4de8-a541-59c409b6d265
N004353,a9eebd50-ee26-4de8-a541-59c409b6d265
N004354,a9eebd50-ee26-4de8-a541-59c409b6d265
N004355,a9eebd50-ee26-4de8-a541-59c409b6d265
N004356,a9eebd50-ee26-4de8-a541-59c409b6d265
N004357,ce34f6a3-2eeb-406b-8bd5-b1aec73e5ecf
N004358,ce34f6a3-2eeb-406b-8bd5-b1aec73e5ecf
N004359,c11d2c62-b7ff-46ca-8ff7-69a7f751dc04
N004360,9e7efe1a-4b55-4fea-82ef-1a2badfa883a
N004361,9e7efe1a-4b55-4fea-82ef-1a2badfa883a
N004362,02227565-cfb9-4e6f-a947-bfeeb6183b6a
N004363,9e7efe1a-4b55-4fea-82ef-1a2badfa883a
N004364,9e7efe1a-4b55-4fea-82ef-1a2badfa883a
N004365,0b0bd7cf-fd75-411c-9b5a-08e5ab6bef97
N004366,02227565-cfb9-4e6f-a947-bfeeb6183b6a
N004367,9e7efe1a-4b55-4fea-82ef-1a2badfa883a
N004368,86ea8c9c-3d67-4180-b839-04fe03ce85cf
N004369,86ea8c9c-3d67-4180-b839-04fe03ce85cf
N004370,958281f7-f145-40de-aee6-0e74d2d381de
N004371,958281f7-f145-40de-aee6-0e74d2d381de
N004372,958281f7-f145-40de-aee6-0e74d2d381de
N004373,902d8216-1a9a-4a92-843e-f68cdc3a573f
N004374,958281f7-f145-40de-aee6-0e74d2d381de
N004375,9a2589b6-8df0-469d-804f-d25d5859e427
N004376,d7ca9884-e645-4266-b261-69b504a72f0a
N004377,d7ca9884-e645-4266-b261-69b504a72f0a
N004378,d7ca9884-e645-4266-b261-69b504a72f0a
N004379,7dc931c5-f4fc-445e-a7e5-abd02fd4ae33
N004380,53227fcb-97b3-4cfe-a3df-5882a95c5a0c
N004381,53227fcb-97b3-4cfe-a3df-5882a95c5a0c
N004382,d12a87a3-3992-41dd-86f3-7dadc115c211
N004383,53227fcb-97b3-4cfe-a3df-5882a95c5a0c
N004384,53227fcb-97b3-4cfe-a3df-5882a95c5a0c
N004385,282fa7d3-f885-4aa2-ba21-ecea4365179f
N004386,bffc5180-34ac-45d0-86e9-771e811f4d5b
N004387,282fa7d3-f885-4aa2-ba21-ecea4365179f
N004388,282fa7d3-f885-4aa2-ba21-ecea4365179f
N004389,282fa7d3-f885-4aa2-ba21-ecea4365179f
N004390,282fa7d3-f885-4aa2-ba21-ecea4365179f
N004391,282fa7d3-f885-4aa2-ba21-ecea4365179f
N004392,9d5e174f-f4cf-4a56-8e48-44026ba420f6
N004393,282fa7d3-f885-4aa2-ba21-ecea4365179f
N004394,30ba4ceb-0a73-4c76-a5d8-d7e90c2b2f06
N004395,d98afa89-f420-4513-ac30-238244ca7c43
N004396,1530491d-e16f-4b3f-9237-d07fc9e182eb
N004397,a473c5b4-61fe-4248-b863-149067614ca6
N004398,8b506d77-f164-4c81-844c-fbee49235a2f
N004399,faf85ce0-b3f9-42e2-9181-a2b522c74845
N004400,f5f8cbeb-f8a1-43f6-b293-4d78f062048e
N004401,f5f8cbeb-f8a1-43f6-b293-4d78f062048e
N004402,a9862e05-5c5b-4bc2-b253-2c9159f2c05d
N004403,a9862e05-5c5b-4bc2-b253-2c9159f2c05d
N004404,a9862e05-5c5b-4bc2-b253-2c9159f2c05d
N004405,a9862e05-5c5b-4bc2-b253-2c9159f2c05d
N004406,1478705e-b9bd-485b-b6e2-ec4fe9788c76
N004407,d846b270-35a5-413e-85ec-13074ce88549
N004408,5a62e32b-5a54-4e20-ad8d-3257c77cfbc1
N004409,475ea592-f414-488b-b704-a1dbfe85100e
N004410,9a2b174c-a7ac-4db4-8914-eed53db07324
N004411,dfd15d94-fa16-43ee-a3d7-853bd563b782
N004412,9a2b174c-a7ac-4db4-8914-eed53db07324
N004413,0fb9c688-d8f1-496a-965f-f8d2aa0ae1d3
N004414,9615e6e2-53c9-40bf-b685-e52744f726fc
N004415,9615e6e2-53c9-40bf-b685-e52744f726fc
N004416,eeebd4fe-84ed-43be-899b-87f38a2f5239
N004417,148e629a-ad02-4d11-a9a3-6f90a74003ce
N004418,ea040314-d254-4ad6-832b-2fe0d3852e2f
N004419,1dca6e39-b074-4dc5-ac2c-f11b119b9fdc
N004420,ea040314-d254-4ad6-832b-2fe0d3852e2f
N004421,ea040314-d254-4ad6-832b-2fe0d3852e2f
N004422,9b500f6a-e4ea-49a0-976a-82631119edaa
N004423,9b500f6a-e4ea-49a0-976a-82631119edaa
N004424,58a9a71d-8f5d-4d41-821d-1c3e15889dfc
N004425,6f1074ae-3867-4ab6-a264-893a67914b2c
N004426,4bb0790a-d994-42f9-92fc-ac6d81f70847
N004427,6f1074ae-3867-4ab6-a264-893a67914b2c
N004428,6f1074ae-3867-4ab6-a264-893a67914b2c
N004429,c959321f-98aa-4018-91be-18787c7796cc
N004430,1a023953-b9e4-4c87-a486-a9a202e4de6c
N004431,a512dead-b3eb-40af-94da-e7926ffe55d7
N004432,a512dead-b3eb-40af-94da-e7926ffe55d7
N004433,a512dead-b3eb-40af-94da-e7926ffe55d7
N004434,a512dead-b3eb-40af-94da-e7926ffe55d7
N004435,9bc36172-8720-406d-8f63-38b4a024b70f
N004436,714e68b0-4056-4dfa-8083-5656b0c2ca33
N004437,2239e434-6ec7-49a5-b42d-ceb8dcdbe60b
N004438,e8685419-306d-412b-82ff-9dff6846646b
N004439,e8685419-306d-412b-82ff-9dff6846646b
N004440,e8685419-306d-412b-82ff-9dff6846646b
N004441,486568bc-5d25-48dd-b7f4-95e3716590ef
N004442,e8685419-306d-412b-82ff-9dff6846646b
N004443,d12a87a3-3992-41dd-86f3-7dadc115c211
N004444,60993269-9c97-41ad-af0b-b0f8a5a15435
N004445,d7347949-655d-424f-be0d-f7711442bef2
N004446,7c6706c2-a838-4f36-b1ef-c9efff0c0c4d
N004447,6bbcd5ce-4699-4335-92c3-02a690e8dd10
N004448,6bbcd5ce-4699-4335-92c3-02a690e8dd10
N004449,a2ff1d2e-8b18-414e-b3c7-c9280599b1bf
N004450,7fdededc-f4aa-42be-921d-e9c44c2efc36
N004451,4f9ceb6a-ae21-498f-a1a0-d124cb11e2d5
N004452,fca26891-ca84-446b-8a82-2a63b8905d8b
N004453,0bd28440-aa7c-4772-93c6-b9b469047552
N004454,57beb274-5809-4237-93b4-34aded3bc0b4
N004455,57beb274-5809-4237-93b4-34aded3bc0b4
N004456,0bd28440-aa7c-4772-93c6-b9b469047552
N004457,57beb274-5809-4237-93b4-34aded3bc0b4
N004458,1945dd27-3d09-4a2b-b6b1-c95527d49948
N004459,a08eb386-b722-4663-ae9f-449b7960eec1
N004460,231c6af3-b136-43ad-880d-b76f8abe2119
N004461,0173772d-bd84-4b00-a4c4-d921e3d09206
N004462,0173772d-bd84-4b00-a4c4-d921e3d09206
N004463,0173772d-bd84-4b00-a4c4-d921e3d09206
N004464,e4fa7a11-aac3-4f5a-a458-173031185501
N004465,14337500-cbd0-44fb-9590-6ffde4f0dd90
N004466,dc20b814-e121-45f5-a898-011b288204a8
N004467,ab970e24-a59b-48c7-8655-290c934315e6
N004468,ab970e24-a59b-48c7-8655-290c934315e6
N004469,ab970e24-a59b-48c7-8655-290c934315e6
N004470,e3fc263f-11a4-42ec-ba1c-cf6ddeb1100a
N004471,498e2b22-629e-4d7f-8e31-fb8c84805973
N004472,498e2b22-629e-4d7f-8e31-fb8c84805973
N004473,498e2b22-629e-4d7f-8e31-fb8c84805973
N004474,cbcc8fd3-7170-4991-bfcf-55f5d7e9c7c3
N004475,cbcc8fd3-7170-4991-bfcf-55f5d7e9c7c3
N004476,c0dc4eeb-ee64-4e15-aeb7-d55c18bec41f
N004477,c0dc4eeb-ee64-4e15-aeb7-d55c18bec41f
N004478,63f8ae0e-7da1-4412-9ded-f1f4cf405133
N004479,a0b4d4f5-f63c-47b0-bb02-358b8abc2f10
N004480,a0b4d4f5-f63c-47b0-bb02-358b8abc2f10
N004481,8c634c07-cd96-4a67-a525-4dc4a8295437
N004482,a0b4d4f5-f63c-47b0-bb02-358b8abc2f10
N004483,616a1655-8f17-4582-96a6-626d040346e3
N004484,616a1655-8f17-4582-96a6-626d040346e3
N004485,eec216a1-d2e0-4822-ae0c-ffeeabb1a053
N004486,e15a5e3c-e66b-439a-a3de-e55eed325990
N004487,fdf10a32-a8c3-4062-a119-a46baf0dcc86
N004488,fdf10a32-a8c3-4062-a119-a46baf0dcc86
N004489,7963b8df-4e40-43b3-a2ee-865453835968
N004490,0fb9c688-d8f1-496a-965f-f8d2aa0ae1d3
N004491,7963b8df-4e40-43b3-a2ee-865453835968
N004492,0fb9c688-d8f1-496a-965f-f8d2aa0ae1d3
N004493,a78cce6a-69e6-44cc-b4c7-db04d8ffaad5
N004494,a78cce6a-69e6-44cc-b4c7-db04d8ffaad5
N004495,4aedd822-b3b3-446e-b0ad-574cf5b214cd
N004496,485a80f4-944d-4636-b52b-9ce6e8cafcd7
N004497,485a80f4-944d-4636-b52b-9ce6e8cafcd7
N004498,f9e0b8e4-d2ae-4cf9-a55f-827a163072c1
N004499,3f9879b0-91b3-4d09-96ff-a2baf9451d72
N004500,485a80f4-944d-4636-b52b-9ce6e8cafcd7
N004501,82da6828-90dd-4218-9dfe-7f87add87f7b
N004502,5630bfb4-0e8d-4a36-bb74-e733de5e15cb
N004503,fc756d2a-b951-465e-82d0-0537c3066fd5
N004504,2507a7b1-cd06-4cde-aaad-45f6b9632843
N004505,f0d9e125-5ae4-4e29-98ac-7b6cd82c5d8b
N004506,f0d9e125-5ae4-4e29-98ac-7b6cd82c5d8b
N004507,83f289a4-8f68-4561-b22c-a4fc7e0825ee
N004508,f0d9e125-5ae4-4e29-98ac-7b6cd82c5d8b
N004509,67f05043-2f22-4131-bc26-0330797ac9a6
N004510,67f05043-2f22-4131-bc26-0330797ac9a6
N004511,67f05043-2f22-4131-bc26-0330797ac9a6
N004512,67f05043-2f22-4131-bc26-0330797ac9a6
N004513,67f05043-2f22-4131-bc26-0330797ac9a6
N004514,d20d4ad9-9ef2-45ff-bda9-dbc0663afcd5
N004515,889a39c1-300f-4a1e-8ed3-ef0b59fb2ea3
N004516,889a39c1-300f-4a1e-8ed3-ef0b59fb2ea3
N004517,719d3d29-0d6f-4b9f-848a-40c1329c291b
N004518,719d3d29-0d6f-4b9f-848a-40c1329c291b
N004519,719d3d29-0d6f-4b9f-848a-40c1329c291b
N004520,719d3d29-0d6f-4b9f-848a-40c1329c291b
N004521,719d3d29-0d6f-4b9f-848a-40c1329c291b
N004522,d12a87a3-3992-41dd-86f3-7dadc115c211
N004523,462bdcad-6d48-45e5-9364-93c00d80a0b5
N004524,687a09a2-6884-4a91-b767-b81c47815e4d
N004525,58a9a71d-8f5d-4d41-821d-1c3e15889dfc
N004526,592a8dc9-7bf9-408a-855c-0ae98f921390
N004527,0985e25a-3a34-4693-94eb-9cec58de3421
N004528,0dda8692-7889-43a5-bbb8-d5aad20c9c6b
N004529,0dda8692-7889-43a5-bbb8-d5aad20c9c6b
N004530,57554e9d-71a7-43cc-b1c5-ca9633779c8a
N004531,57554e9d-71a7-43cc-b1c5-ca9633779c8a
N004532,d6bccb8e-5b68-4c94-a516-2c8a7964dac2
N004533,a2d5d5f7-33be-4ced-9e06-67a349fbc2fc
N004534,488c88cf-cd91-4d03-be17-ee0d38ba87fd
N004535,dfd4dcd7-a065-4299-aea8-4306953f12c4
N004536,dfd4dcd7-a065-4299-aea8-4306953f12c4
N004537,488c88cf-cd91-4d03-be17-ee0d38ba87fd
N004538,742c03f9-9ba9-4f4c-b036-9d03c7cbaad8
N004539,f6667115-e377-4f31-bdac-94433c333128
N004540,f6667115-e377-4f31-bdac-94433c333128
N004541,f6667115-e377-4f31-bdac-94433c333128
N004542,f6667115-e377-4f31-bdac-94433c333128
N004543,f6667115-e377-4f31-bdac-94433c333128
N004544,82e6bbee-328c-404e-98d4-7e4efc8c90eb
N004545,f6667115-e377-4f31-bdac-94433c333128
N004546,f6667115-e377-4f31-bdac-94433c333128
N004547,f6667115-e377-4f31-bdac-94433c333128
N004548,06aa3544-f930-4006-9069-174b587e9f09
N004549,981d9290-209d-4ba9-9b08-ce3475ecdf0d
N004550,981d9290-209d-4ba9-9b08-ce3475ecdf0d
N004551,981d9290-209d-4ba9-9b08-ce3475ecdf0d
N004552,5319447b-0119-4e53-8a08-107e337e798e
N004553,5319447b-0119-4e53-8a08-107e337e798e
N004554,3f9d74cd-43e2-497e-b259-ed19ef813f52
N004555,feb5adb0-fa68-4785-b71b-b367eafe20a7
N004556,3f9d74cd-43e2-497e-b259-ed19ef813f52
N004557,30018886-8755-4f24-bc01-90566a4be3d7
N004558,d3377acf-a18e-477f-a312-ba8cc9b66504
N004559,30f9d4d4-1f2c-403f-9395-f7ec12a79791
N004560,c2a397af-d98c-49b3-8363-212b479f9e29
N004561,58a9a71d-8f5d-4d41-821d-1c3e15889dfc
N004562,f9c9dd16-155d-4670-872e-b15c536bffb1
N004563,42524478-dd20-4e11-8af5-6b0f583c4c13
N004564,b5159117-203b-4d7b-acb5-7f2e80ff01c0
N004565,0fb9c688-d8f1-496a-965f-f8d2aa0ae1d3
N004566,18d2f33c-187d-45bb-9ad4-3488705fd947
N004567,18d2f33c-187d-45bb-9ad4-3488705fd947
N004568,5630bfb4-0e8d-4a36-bb74-e733de5e15cb
N004569,610e0c38-f850-4a42-8afa-4c2818196bc4
N004570,de0a7bac-28cc-480b-9648-cdf0a3a46411
N004571,de0a7bac-28cc-480b-9648-cdf0a3a46411
N004572,de0a7bac-28cc-480b-9648-cdf0a3a46411
N004573,fa8dad5c-494f-4e4a-8b24-427d0f7c937d
N004574,de0a7bac-28cc-480b-9648-cdf0a3a46411
N004575,de0a7bac-28cc-480b-9648-cdf0a3a46411
N004576,3a9551e8-142f-46c6-bf04-ae4f0a588a00
N004577,e5a7cb02-db1c-485b-9a8d-0d7c5a19feb9
N004578,e5a7cb02-db1c-485b-9a8d-0d7c5a19feb9
N004579,e5a7cb02-db1c-485b-9a8d-0d7c5a19feb9
N004580,e5a7cb02-db1c-485b-9a8d-0d7c5a19feb9
N004581,9a0bd739-066e-437f-833d-040846ee6e41
N004582,0aa9e351-35c5-4204-ada2-93c14ff32851
N004583,2b1b4089-15ba-43d2-a397-7ee6064a0052
N004584,c84fbf72-23fe-456d-b5e7-af282786354a
N004585,88f3daec-4214-444b-aebf-04585ade62bd
N004586,d12a87a3-3992-41dd-86f3-7dadc115c211
N004587,4c40a352-d786-4de2-a452-ff5cedb6a2c8
N004588,11a65288-8958-41e2-9b4d-ac253312d0f9
N004589,46f795d8-2e36-4b49-bdc8-e85b05b51628
N004590,a9675ee3-826f-4922-91b6-7583178fc81c
N004591,b25ebaa3-a594-49fe-b03a-6e55197be08d
N004592,e6bc3fe2-2d9d-4147-ad34-a179756708a3
N004593,99202666-9f60-4d6d-973a-d71b6f653520
N004594,35ade10c-e26b-4f20-a259-78fd7b905e7c
N004595,3fefae06-f57c-4942-b190-1aeb0da8d03a
N004596,5b5009d6-39d4-4eaa-9fcb-c79942a2ef85
N004597,b1238346-6a27-46a2-a927-5adaed73793a
N004598,b2105b25-8930-4ffc-956d-ea62f7e36422
N004599,caa04102-32ec-4f18-b732-e998f0d862bc
N004600,d6bccb8e-5b68-4c94-a516-2c8a7964dac2
N004601,a67d7303-eab2-4537-babd-256a5542dc45
N004602,7b177e7b-59c1-45dc-8c63-ee7cc6ba649c
N004603,7b177e7b-59c1-45dc-8c63-ee7cc6ba649c
N004604,0fb9c688-d8f1-496a-965f-f8d2aa0ae1d3
N004605,be534839-be86-4718-a0fa-e31edb910b6e
N004606,be534839-be86-4718-a0fa-e31edb910b6e
N004607,81ada15c-fa96-4f5e-8b50-135f6e9a8803
N004608,88dfc067-8824-4f57-91aa-6ec3524507ee
N004609,7cec7b0b-e815-4cee-b94f-e3e4612a7011
N004610,7cec7b0b-e815-4cee-b94f-e3e4612a7011
N004611,7cec7b0b-e815-4cee-b94f-e3e4612a7011
N004612,7cec7b0b-e815-4cee-b94f-e3e4612a7011
N004613,ed70834f-a7f9-4a19-a61a-a0a500cbf83d
N004614,f3bb03ac-6daa-48ab-9963-c57e0d3c4998
N004615,f3bb03ac-6daa-48ab-9963-c57e0d3c4998
N004616,79239cec-1927-4a0f-94d0-2bf96d5f35c8
N004617,58a9a71d-8f5d-4d41-821d-1c3e15889dfc
N004618,5630bfb4-0e8d-4a36-bb74-e733de5e15cb
N004619,9907649d-3d86-4f19-9c4f-5f24a39e3382
N004620,9907649d-3d86-4f19-9c4f-5f24a39e3382
N004621,cb8040e7-d257-46e0-9701-5b87f2245b1f
N004622,a3887729-af90-4c03-940a-6636f51efb7b
N004623,87282ece-fa74-4e4d-ba4e-dabd8b088aa0
N004624,78c78aa5-1e57-4f7e-ac5d-395d40ab834f
N004625,78c78aa5-1e57-4f7e-ac5d-395d40ab834f
N004626,0484c162-4fd6-41c5-ab49-d2bd1dc1b07f
N004627,223c1402-59f9-4b2c-88a5-92a0dd744760
N004628,223c1402-59f9-4b2c-88a5-92a0dd744760
N004629,d1b0496e-bbaa-4300-820c-72443b710276
N004630,d1b34ebe-4f75-440f-8f8b-f7f0ab81c998
N004631,80c3497c-1db8-425b-914c-f01bae2edfbb
N004632,8e874f46-71cc-423a-bb84-d80fc7e7f6c2
N004633,8e874f46-71cc-423a-bb84-d80fc7e7f6c2
N004634,94e12533-6bf6-4bc0-9f0f-2081e68ff389
N004635,94e12533-6bf6-4bc0-9f0f-2081e68ff389
N004636,8e874f46-71cc-423a-bb84-d80fc7e7f6c2
N004637,8e874f46-71cc-423a-bb84-d80fc7e7f6c2
N004638,9b21f18d-8ceb-4345-abe3-02b69cad46e6
N004639,94619049-1ec4-494f-b3c2-9c75f46f346d
N004640,a529491b-710b-4183-aaaa-57e6268081d2
N004641,a529491b-710b-4183-aaaa-57e6268081d2
N004642,58a9a71d-8f5d-4d41-821d-1c3e15889dfc
N004643,4c12b857-e819-4d15-a918-117940e5697b
N004644,7aa2145f-514d-4026-8b00-b66de92e9895
N004645,7aa2145f-514d-4026-8b00-b66de92e9895
N004646,7aa2145f-514d-4026-8b00-b66de92e9895
N004647,7aa2145f-514d-4026-8b00-b66de92e9895
N004648,7aa2145f-514d-4026-8b00-b66de92e9895
N004649,eb7ae3aa-1d9d-48bd-a0e4-855824178c82
N004650,9d5e174f-f4cf-4a56-8e48-44026ba420f6
N004651,9d5e174f-f4cf-4a56-8e48-44026ba420f6
N004652,9d5e174f-f4cf-4a56-8e48-44026ba420f6
N004653,9d5e174f-f4cf-4a56-8e48-44026ba420f6
N004654,4bf90e84-cbeb-4f8f-86bf-7a411db718b4
N004655,99947abb-45ea-4315-93a2-b04e4a2d9f24
N004656,f56235f4-5c9f-4a56-b11b-5bf64380f623
N004657,f56235f4-5c9f-4a56-b11b-5bf64380f623
N004658,f56235f4-5c9f-4a56-b11b-5bf64380f623
N004659,f56235f4-5c9f-4a56-b11b-5bf64380f623
N004660,54d036ea-ef28-4c40-ba2a-4e94db851c8f
N004661,5f4b3162-8c7a-4056-8dce-c90816866284
N004662,6c8502b4-0adb-410a-9495-0b3dbdc67480
N004663,acf75575-dfef-41a1-bda1-d38b6f551d8f
N004664,6c8502b4-0adb-410a-9495-0b3dbdc67480
N004665,e6993190-d92e-47da-b427-47047f1f6486
N004666,e6993190-d92e-47da-b427-47047f1f6486
N004667,e6993190-d92e-47da-b427-47047f1f6486
N004668,c3730884-39f5-4358-966b-0b0c30e65a98
N004669,7f2d38ef-0720-4316-9fa7-bcdc5fe599f7
N004670,5f54661f-48f4-46be-8586-a1b344f3085c
N004671,6ec6f216-1224-4e1b-8d8e-54777467753d
N004672,6ec6f216-1224-4e1b-8d8e-54777467753d
N004673,05e4e0e6-9e4b-4a39-ba92-dbaae754127d
N004674,008048c7-ef67-44f3-8ac7-1fc787a990e7
N004675,211ba4ab-364d-4a68-836c-45366d14108c
N004676,211ba4ab-364d-4a68-836c-45366d14108c
N004677,211ba4ab-364d-4a68-836c-45366d14108c
N004678,41d5e9bb-d3c9-4db9-85bd-4a703bfffe52
N004679,7d3d126e-d95a-45a8-9d0d-7e92771f8bc2
N004680,41d5e9bb-d3c9-4db9-85bd-4a703bfffe52
N004681,2687d59e-8e26-497d-9d7e-df4b871f99a5
N004682,c11116ff-0b0b-4940-8003-a699e2cf7e83
N004683,c11116ff-0b0b-4940-8003-a699e2cf7e83
N004684,acda036f-064b-4ec4-9598-3200eb37fbc6
N004685,7a1cad9b-9e6a-4941-84f4-5e0d3bc09cdf
N004686,3c6b2d07-10b4-48bb-992b-c2fe0a858caa
N004687,ebabcf7c-668e-4faa-b632-8dfdffd808bd
N004688,3c6b2d07-10b4-48bb-992b-c2fe0a858caa
N004689,3c6b2d07-10b4-48bb-992b-c2fe0a858caa
N004690,40b62af8-8d24-4a2e-a117-cd7504587d53
N004691,4310060a-8380-4dda-9d2f-1e60d71c2a41
N004692,9f5a30e4-b588-4f7c-9c76-b063e30828b8
N004693,ae32cad9-266c-436e-ab95-450ee87f6be4
N004694,96118308-b097-4f69-8159-1044c27dc8f0
N004695,96118308-b097-4f69-8159-1044c27dc8f0
N004696,96118308-b097-4f69-8159-1044c27dc8f0
N004697,d2bbf7d6-ad3d-4b72-a359-82f460a55fa0
N004698,99a82f23-8ece-4e9f-bc63-f0e3aa73c04f
N004699,9985f833-a1bb-4024-9166-ed1ec8da1a94
N004700,3183abe0-42dd-414e-ac70-93724733c709
N004701,d12a87a3-3992-41dd-86f3-7dadc115c211
N004702,3183abe0-42dd-414e-ac70-93724733c709
N004703,3183abe0-42dd-414e-ac70-93724733c709
N004704,c1b7f6d8-2043-4d4d-bcf9-ec1aeea85033
N004705,e4d39520-640b-4afc-8c8b-0b818c4884da
N004706,e4d39520-640b-4afc-8c8b-0b818c4884da
N004707,e4d39520-640b-4afc-8c8b-0b818c4884da
N004708,eee08cb6-7c50-48ab-ae0b-76e6e269abca
N004709,e4d39520-640b-4afc-8c8b-0b818c4884da
N004710,e4d39520-640b-4afc-8c8b-0b818c4884da
N004711,e4d39520-640b-4afc-8c8b-0b818c4884da
N004712,5630bfb4-0e8d-4a36-bb74-e733de5e15cb
N004713,18388bb6-e450-4879-9e46-626a09cec635
N004714,18388bb6-e450-4879-9e46-626a09cec635
N004715,18388bb6-e450-4879-9e46-626a09cec635
N004716,18388bb6-e450-4879-9e46-626a09cec635
N004717,334e00b6-34d6-4767-a26a-2870c872f951
N004718,6878d7b0-e536-4995-ba4d-a2c0a65c9ff3
N004719,6878d7b0-e536-4995-ba4d-a2c0a65c9ff3
N004720,1291680f-ad55-43dc-8080-90395b927950
N004721,5630bfb4-0e8d-4a36-bb74-e733de5e15cb
N004722,fb05da92-2cbe-4823-b2e9-36d9f96a0c97
N004723,542521b3-d2e2-4067-a36d-e7ad10fb076c
N004724,542521b3-d2e2-4067-a36d-e7ad10fb076c
N004725,542521b3-d2e2-4067-a36d-e7ad10fb076c
N004726,542521b3-d2e2-4067-a36d-e7ad10fb076c
N004727,542521b3-d2e2-4067-a36d-e7ad10fb076c
N004728,3e993fdb-1e49-4c7a-99c9-2d09a4b63361
N004729,d21958d3-8fd6-4cec-b06f-eeede61ea7bf
N004730,d21958d3-8fd6-4cec-b06f-eeede61ea7bf
N004731,5cc673ad-b003-4846-85de-cd630608d6ac
N004732,b21112bb-1985-4b9d-b32b-a573319ae0e2
N004733,65647301-8055-4669-8671-8ffe5257c204
N004734,f8382757-175a-42a9-8f96-808adff074ea
N004735,f8382757-175a-42a9-8f96-808adff074ea
N004736,30be17c0-80d9-4988-b420-0021f6e9130b
N004737,e989e5f2-e45d-4f8b-9259-261a5c1dbf7e
N004738,7670ec60-bdf8-4a9a-af8f-942cfca5726b
N004739,7670ec60-bdf8-4a9a-af8f-942cfca5726b
N004740,991d706d-fa8f-41f0-ba12-04a6f78a697b
N004741,6d353814-bcc5-4ada-a283-1beafe78bc00
N004742,6d353814-bcc5-4ada-a283-1beafe78bc00
N004743,c2c97b83-1ea5-4033-924c-b9add856375f
N004744,271eb498-5b41-4124-87e3-898f05b5f0b0
N004745,271eb498-5b41-4124-87e3-898f05b5f0b0
N004746,ece027c3-c413-4bf2-85a5-681feb6c9d51
N004747,bc643c00-d313-42d6-b45f-d2c43f6b21ad
N004748,093d13ef-4f71-4574-b1a0-e86f7a826266
N004749,093d13ef-4f71-4574-b1a0-e86f7a826266
N004750,093d13ef-4f71-4574-b1a0-e86f7a826266
N004751,7ae79377-d89d-4df1-b1be-db0b3618e639
N004752,3bce3929-40d4-4c87-9eb6-4cad600dbef3
N004753,0aeab73c-35e9-4311-9591-7874f5750efa
N004754,5630bfb4-0e8d-4a36-bb74-e733de5e15cb
N004755,2bada4c5-7ac1-4fcd-92bc-43f91061835d
N004756,2b578878-821a-4847-80d0-652e5b033f7c
N004757,0b3e3c78-1e80-41d8-89d1-63dccde03123
N004758,a01906cb-b9db-456f-9332-e70edabc88ab
N004759,0bea104a-5ee3-4567-9a83-9b3c5b441d6d
N004760,0bea104a-5ee3-4567-9a83-9b3c5b441d6d
N004761,5235fa5e-cc1f-40ad-8fe8-7cb228b2e3cd
N004762,d12a87a3-3992-41dd-86f3-7dadc115c211
N004763,d361a2a4-2ea3-4d07-98a1-a039fb59456e
N004764,f585a61d-9ed4-41c5-a008-8afb175f3029
N004765,f17cb0ae-2c6c-4b11-9490-57157a06f41b
N004766,34991072-1627-4dad-b298-18431b674f4c
N004767,be52abbf-acd4-4199-86f4-fd59b833f708
N004768,be52abbf-acd4-4199-86f4-fd59b833f708
N004769,5232a36a-e580-4d96-be22-1707dbf498c2
N004770,be52abbf-acd4-4199-86f4-fd59b833f708
N004771,be52abbf-acd4-4199-86f4-fd59b833f708
N004772,be52abbf-acd4-4199-86f4-fd59b833f708
N004773,be52abbf-acd4-4199-86f4-fd59b833f708
N004774,654dbab1-1113-4e9b-8f1e-791ef6f26718
N004775,100363ef-6f6b-4561-9c99-9f99a5ef2fe1
N004776,6ad66ab6-a2ec-492c-9bd1-0b20d1d0389b
N004777,6ad66ab6-a2ec-492c-9bd1-0b20d1d0389b
N004778,6ad66ab6-a2ec-492c-9bd1-0b20d1d0389b
N004779,6ad66ab6-a2ec-492c-9bd1-0b20d1d0389b
N004780,6ad66ab6-a2ec-492c-9bd1-0b20d1d0389b
N004781,8605e22e-b0af-4006-813e-22c70c3cb242
N004782,e1dea84d-24f3-4b76-9c83-3ec266c905a4
N004783,e1dea84d-24f3-4b76-9c83-3ec266c905a4
N004784,e1dea84d-24f3-4b76-9c83-3ec266c905a4
N004785,58a9a71d-8f5d-4d41-821d-1c3e15889dfc
N004786,d087e612-851a-4199-9001-ce571af97e29
N004787,d087e612-851a-4199-9001-ce571af97e29
N004788,d087e612-851a-4199-9001-ce571af97e29
N004789,d087e612-851a-4199-9001-ce571af97e29
N004790,89e19177-6b7f-4c3c-b353-70e9493dd55e
N004791,5730152c-05ea-434a-87ce-a0e66ffc445e
N004792,2a1ab09a-7ccc-47cd-9e2b-20affb16774d
N004793,d56329ff-5ecd-4c14-a6af-1d030e565f14
N004794,70ddc7b1-4768-4ee7-9f90-7817b521f758
N004795,44c39552-1219-434c-a635-91fb3a18a0e6
N004796,3bfdab88-2f9b-45a4-845c-b47325e36ecf
N004797,9f37ae55-3f20-4ed4-8fc3-55c90eeeb5de
N004798,b13ec565-5111-4b9e-843e-f0fc365d06a2
N004799,6c856107-4173-4fbe-be06-295cd5a631d4
N004800,88553a84-c56d-474a-9491-d342794d77b7
N004801,a42659db-a88d-4049-a965-6cb441b40466
N004802,c4c03c44-02a2-4ae8-92ba-62a05a94458b
N004803,572f7a28-9bfd-42a7-8cab-afdcb620f62a
N004804,572f7a28-9bfd-42a7-8cab-afdcb620f62a
N004805,d12a87a3-3992-41dd-86f3-7dadc115c211
N004806,58a9a71d-8f5d-4d41-821d-1c3e15889dfc
N004807,efe1d0ac-dc0a-4366-84bc-28a2e2e6d63d
N004808,efe1d0ac-dc0a-4366-84bc-28a2e2e6d63d
N004809,37e2f214-a572-4210-a09d-99592e188b41
N004810,3a571aaa-d97c-42de-acce-33dee6b2c232
N004811,346bc368-fc07-40e9-93e0-f76ab126f089
N004812,d12a87a3-3992-41dd-86f3-7dadc115c211
N004813,190e3bd7-9bc2-400b-9e82-3c94487b0fa0
N004814,d65e6973-5354-4e38-a1ec-34919f077750
N004815,d65e6973-5354-4e38-a1ec-34919f077750
N004816,d65e6973-5354-4e38-a1ec-34919f077750
N004817,3ee1d0b8-096e-44eb-b4e7-5980cfae6d66
N004818,5d7c9b73-5308-4262-814b-de5d485cc53c
N004819,be98d0c2-d8ba-494d-8acc-66b7d3f66e47
N004820,d3c55697-be78-44f1-b3c1-c1ef62fb9e69
N004821,61d21a32-6af5-4377-a97e-8d16ce8a5a6e
N004822,9d5e174f-f4cf-4a56-8e48-44026ba420f6
N004823,6a4bcfb4-4be1-43f9-9c69-5642a9115387
N004824,6a4bcfb4-4be1-43f9-9c69-5642a9115387
N004825,6a4bcfb4-4be1-43f9-9c69-5642a9115387
N004826,051c46db-98db-44f7-844a-07b65568f5a4
N004827,961c993b-7b5b-4422-a159-d54591f0d8f6
N004828,3572bf65-10e2-48cb-86f2-29d7f9ca2396
N004829,1499f2bc-7788-439b-a44c-65a61bfed71d
N004830,e24cbf4c-1235-486a-bc5a-ccec6173a929
N004831,891c45c3-04dd-4c92-b34e-22ac2d449d52
N004832,3a362f78-edb8-4739-a7f1-ae6f47d5abd8
N004833,c2c3edb0-5fff-41f5-9046-49885c808708
N004834,6180f672-dfc2-4219-a825-9dad7d745615
N004835,c2c3edb0-5fff-41f5-9046-49885c808708
N004836,6180f672-dfc2-4219-a825-9dad7d745615
N004837,c2c3edb0-5fff-41f5-9046-49885c808708
N004838,c2e755ca-3fec-44aa-88c2-525cfca1e2ad
N004839,88dfc067-8824-4f57-91aa-6ec3524507ee
N004840,d3fb8506-8c90-4c58-a260-f59f03d86390
N004841,71e15087-ce63-47eb-9c65-785fa3703cb3
N004842,8b8ae42e-e5b5-490d-90e0-4bd18f41a301
N004843,82b569a6-dc4d-4f7c-963e-53c9dfebdff6
N004844,6edb257e-e56f-4b45-bcad-870877908a12
N004845,8b8ae42e-e5b5-490d-90e0-4bd18f41a301
N004846,82b569a6-dc4d-4f7c-963e-53c9dfebdff6
N004847,82b569a6-dc4d-4f7c-963e-53c9dfebdff6
N004848,f9072202-6eae-4a50-ae22-3031afd08e2d
N004849,39c70872-164f-4a03-971d-ca5e11fc34b3
N004850,a41d2b4d-1740-4886-966b-498ec4fb3291
N004851,54c0bb61-a98f-4ea9-8fa7-20ae87444e00
N004852,a56f7a07-a832-4d2a-960c-2a87cd27f4d7
N004853,62d0608a-cda7-4bc4-a513-0cc8341fe10d
N004854,709924d9-05a9-451b-976a-263100e1b4ae
N004855,709924d9-05a9-451b-976a-263100e1b4ae
N004856,5d57221d-12ec-426a-ba22-73f94475b245
N004857,709924d9-05a9-451b-976a-263100e1b4ae
N004858,709924d9-05a9-451b-976a-263100e1b4ae
N004859,a72f0df0-388a-4b0b-9efb-1c62314491d7
N004860,49a370ad-388b-4b23-b844-50c1ce85efda
N004861,d12a87a3-3992-41dd-86f3-7dadc115c211
N004862,cc243540-e751-42ac-bfab-ac246eee0980
N004863,49a370ad-388b-4b23-b844-50c1ce85efda
N004864,49a370ad-388b-4b23-b844-50c1ce85efda
N004865,09de22f9-39f0-4b93-8af6-cda499d4024b
N004866,bb7fd2da-d2e3-4a32-9ce0-d07e3c64e1a2
N004867,ff18a039-bca8-40bc-8ae6-11cbf4bb17b2
N004868,ff18a039-bca8-40bc-8ae6-11cbf4bb17b2
N004869,ff18a039-bca8-40bc-8ae6-11cbf4bb17b2
N004870,6cd17e66-2ae8-45de-a4a6-f2e964bd9e79
N004871,750e7e6f-2ccb-438e-8edf-ba78ce0920b3
N004872,69806074-090b-4558-bc7c-f767bdd3c96d
N004873,4165acb1-298a-4dc8-bbb3-13ef2a538315
N004874,7d93da9a-66cf-463c-92dc-b4c9c1db0bb4
N004875,f0f686f9-07e1-4601-880a-127abb21d89b
N004876,cdd963e5-aaeb-48d9-bac4-8746d27e38a5
N004877,d6e61d2f-5911-4308-bd63-120093c908af
N004878,d6e61d2f-5911-4308-bd63-120093c908af
N004879,9d5e174f-f4cf-4a56-8e48-44026ba420f6
N004880,0325cea6-1350-4d16-8ae3-b0f57d9fee85
N004881,0325cea6-1350-4d16-8ae3-b0f57d9fee85
N004882,0ed5b65d-12c2-4914-bd0f-1822c858d0cb
N004883,32c28f30-b0f3-4919-aeed-0b6330c42dd4
N004884,e474fbfd-3854-422e-aec3-824d13fb6bbb
N004885,e474fbfd-3854-422e-aec3-824d13fb6bbb
N004886,e474fbfd-3854-422e-aec3-824d13fb6bbb
N004887,e202eeae-694f-4fa5-8a1e-0735dda656d4
N004888,e3e9c94f-04ca-4bcd-b7e0-93b8c193dba9
N004889,4239f7a1-1f0e-4abf-8024-1827f541d2c0
N004890,ed482d13-efca-4252-abb5-c1fb4a67247a
N004891,e5502625-a813-4f88-beae-7403091c0262
N004892,21d6ac35-904d-4f20-af87-5f581285118f
N004893,69a4271f-237a-4ad0-8a7f-3dba7a6da57c
N004894,69a4271f-237a-4ad0-8a7f-3dba7a6da57c
N004895,09e04d9b-c843-4a2a-b8d3-8e7823adbda7
N004896,410e225a-618a-4cb5-b61e-60d07a890d05
N004897,410e225a-618a-4cb5-b61e-60d07a890d05
N004898,866e439b-2866-4b70-be03-d34b19e7204f
N004899,41eaffff-1942-476c-8f83-bf6fff4e5b2c
N004900,41eaffff-1942-476c-8f83-bf6fff4e5b2c
N004901,41eaffff-1942-476c-8f83-bf6fff4e5b2c
N004902,07a21ad8-9d13-476c-b0c9-99b245ece373
N004903,07a21ad8-9d13-476c-b0c9-99b245ece373
N004904,07a21ad8-9d13-476c-b0c9-99b245ece373
N004905,d63f58e2-6141-4661-beef-13d5eab11991
N004906,07a21ad8-9d13-476c-b0c9-99b245ece373
N004907,07a21ad8-9d13-476c-b0c9-99b245ece373
N004908,1f69b02f-58a7-4d39-852a-b4e5f75a83c4
N004909,a75b2163-c3a1-4694-939b-d9f07f864278
N004910,4cb0d438-1274-46bf-9155-a7c0881b02ea
N004911,f6fad075-5bdf-4d85-a17b-b25d39313a51
N004912,d643c249-ea6e-4eb6-b660-a878386e4121
N004913,47b48e3c-50f0-46ff-9b9c-d3689f770e0a
N004914,47b48e3c-50f0-46ff-9b9c-d3689f770e0a
N004915,7c5bd191-a84a-4444-b505-bd65d883dbfc
N004916,27e10e02-b626-4749-ae7e-3cbdd02d0130
N004917,27e10e02-b626-4749-ae7e-3cbdd02d0130
N004918,e7240ecf-679c-4434-9b5b-185a4776fd38
N004919,e7240ecf-679c-4434-9b5b-185a4776fd38
N004920,0fb9c688-d8f1-496a-965f-f8d2aa0ae1d3
N004921,e7240ecf-679c-4434-9b5b-185a4776fd38
N004922,0fb9c688-d8f1-496a-965f-f8d2aa0ae1d3
N004923,e7240ecf-679c-4434-9b5b-185a4776fd38
N004924,dd370f04-b312-4230-b483-7c26e5eecea2
N004925,fc07c1f1-d93e-49e5-ba9a-9e57331840e9
N004926,ea3e51df-9a09-42e1-9460-8c59ca40f7fc
N004927,5d1ba025-0b3c-4e7e-8355-2eb8f09cfd38
N004928,b4ad4b9c-9edc-4635-9a4e-52899277eaf7
N004929,b4ad4b9c-9edc-4635-9a4e-52899277eaf7
N004930,c04fb72d-d9e6-447d-9030-f6998ed67299
N004931,8c4f8d38-037b-4333-aedf-c419a4fccbfc
N004932,c04fb72d-d9e6-447d-9030-f6998ed67299
N004933,dd1c8fa7-4292-40dc-a18c-9a1624a27fee
N004934,dd1c8fa7-4292-40dc-a18c-9a1624a27fee
N004935,dd1c8fa7-4292-40dc-a18c-9a1624a27fee
N004936,197b7833-9b73-4b5e-aa05-33602d180371
N004937,d6d01f6d-868e-4524-8718-18e33cd6280a
N004938,d6d01f6d-868e-4524-8718-18e33cd6280a
N004939,5630bfb4-0e8d-4a36-bb74-e733de5e15cb
N004940,67178839-f480-4c5a-89ef-a91b00dc3063
N004941,485abebe-2dce-42dc-9483-2ffffa7a17ee
N004942,7af7386f-889e-4417-bc86-8225b77a0c9e
N004943,15177f3b-42a9-422c-9c49-1a6886423347
N004944,15177f3b-42a9-422c-9c49-1a6886423347
N004945,15177f3b-42a9-422c-9c49-1a6886423347
N004946,4433c221-f83b-455d-bd57-53aa27424b38
N004947,4cb898de-e666-49e0-9e34-7c3b66db0ae6
N004948,72caf6c9-1fbf-49e4-bf21-d7998b5d1e39
N004949,42af0b8d-e654-43f4-a62e-94efe878ad96
N004950,e0770d68-86a7-4668-86f1-504096c516a7
N004951,734a119f-8e5b-46f4-8d26-2415a197e81f
N004952,5630bfb4-0e8d-4a36-bb74-e733de5e15cb
N004953,734a119f-8e5b-46f4-8d26-2415a197e81f
N004954,734a119f-8e5b-46f4-8d26-2415a197e81f
N004955,734a119f-8e5b-46f4-8d26-2415a197e81f
N004956,4da6c7de-efa1-4cdf-b7a0-967f0f7fabb5
N004957,1bdfa7f3-6850-4557-9598-b70996a83a28
N004958,7258c49c-b676-49b3-9c66-1fc6a764efc2
N004959,ad9395b7-8514-401c-a7f2-4b67bc9247ee
N004960,18133eee-a50e-4fa9-8b4b-6129421ae8c4
N004961,d4bca264-097f-4f9f-8768-3ecf1905418f
N004962,cbe5fcb6-0f30-4b0d-9178-62fc36493f44
N004963,7adf54d7-db31-41c2-a5f1-b6bf40b60a2a
N004964,4b029337-2da0-410b-9a7a-0eee0eb46fc7
N004965,4b029337-2da0-410b-9a7a-0eee0eb46fc7
N004966,4b029337-2da0-410b-9a7a-0eee0eb46fc7
N004967,4b029337-2da0-410b-9a7a-0eee0eb46fc7
N004968,bf672c8c-22bc-4fe1-af8d-29d24b14c919
N004969,bf672c8c-22bc-4fe1-af8d-29d24b14c919
N004970,bf672c8c-22bc-4fe1-af8d-29d24b14c919
N004971,4a3eca2b-2b4c-4ff9-9ce1-98360dc94a06
N004972,bf672c8c-22bc-4fe1-af8d-29d24b14c919
N004973,bf672c8c-22bc-4fe1-af8d-29d24b14c919
N004974,bf672c8c-22bc-4fe1-af8d-29d24b14c919
N004975,bf672c8c-22bc-4fe1-af8d-29d24b14c919
N004976,bf672c8c-22bc-4fe1-af8d-29d24b14c919
N004977,e4b54bcd-2b04-47bf-a1dc-3b97425ce442
N004978,f7f67a4a-c213-4d10-8e05-73b975a0a01a
N004979,a612c3d0-98c1-4d1a-a042-44679f868043
N004980,fc6677e3-e4c5-4c07-a696-9e915683c961
N004981,fc6677e3-e4c5-4c07-a696-9e915683c961
N004982,55011b7b-690a-47fa-98ab-70516a816645
N004983,a612c3d0-98c1-4d1a-a042-44679f868043
N004984,21878459-4add-441a-ae62-5855bf3affc8
N004985,21878459-4add-441a-ae62-5855bf3affc8
N004986,80294b15-baab-4b83-bb2d-221e386f6fcb
N004987,4565d025-962c-40ad-bc78-5a010cf25097
N004988,ab593399-1779-4e5b-b816-04599c5fe599
N004989,ab593399-1779-4e5b-b816-04599c5fe599
N004990,ab593399-1779-4e5b-b816-04599c5fe599
N004991,ab593399-1779-4e5b-b816-04599c5fe599
N004992,548c97ae-cb3c-4b93-91b1-e0313fd05d7f
N004993,58a9a71d-8f5d-4d41-821d-1c3e15889dfc
N004994,f838328e-d955-4207-8d4d-a502af23bce1
N004995,b2f9ebc1-b9eb-4798-aa68-e3d5651db676
N004996,7092857a-f18a-4169-9577-518c96e8949a
N004997,b2f9ebc1-b9eb-4798-aa68-e3d5651db676
N004998,159dabc9-3305-40ea-b4a8-c98c2934f1c3
N004999,d6acc0ba-a504-4ec7-a859-4b835ab7c72a
N005000,80cd1e9a-3db8-409b-94a5-c9f5cf0760bc
N005001,52d87fad-0d93-443a-a850-9c270dd075af
N005002,aab4cf76-1d15-4243-ac9c-50c47f54133c
N005003,aab4cf76-1d15-4243-ac9c-50c47f54133c
N005004,aab4cf76-1d15-4243-ac9c-50c47f54133c
N005005,aab4cf76-1d15-4243-ac9c-50c47f54133c
N005006,708c5c6c-d386-4f90-bf9b-9294b9eb43bb
N005007,74b3aba3-12b9-43cb-b43b-847863344eb0
N005008,ee5597f3-0e9c-4fea-8ab9-7270c6196efc
N005009,db37482f-de26-4fd0-a909-086a07371a85
N005010,e4c41c28-f7f6-4670-8307-e063c6f6f56b
N005011,be98d0c2-d8ba-494d-8acc-66b7d3f66e47
N005012,e4c41c28-f7f6-4670-8307-e063c6f6f56b
N005013,654dbab1-1113-4e9b-8f1e-791ef6f26718
N005014,85bb21d8-87f0-442c-8a69-9317cbfaa410
N005015,45ff0cb8-cf5a-47f8-8e35-fe16901f1789
N005016,45ff0cb8-cf5a-47f8-8e35-fe16901f1789
N005017,f486b7c9-46ec-4a9d-ba33-f8bd3417425a
N005018,578776eb-8c18-4411-9851-2e49545903e4
N005019,69283839-ed9c-4c6b-ac08-ebf44dc39ba3
N005020,69283839-ed9c-4c6b-ac08-ebf44dc39ba3
N005021,5c1ed3c9-201d-40da-ae59-1ee827b8a621
N005022,5c1ed3c9-201d-40da-ae59-1ee827b8a621
N005023,5c1ed3c9-201d-40da-ae59-1ee827b8a621
N005024,5c1ed3c9-201d-40da-ae59-1ee827b8a621
N005025,810918ed-1616-455d-a445-e9b268ecbc1d
N005026,6db03672-f672-4027-9ba1-1e152a6b9171
N005027,4360fde9-4e73-4bda-b867-ec7e91957aa5
N005028,4360fde9-4e73-4bda-b867-ec7e91957aa5
N005029,7f02b8df-db2c-4f55-a960-f313b263a825
N005030,2f9ef997-4031-4c01-8b80-cfd5f05c8743
N005031,97e23621-822a-4df4-8573-1a20e5c49a65
N005032,74390551-fb76-4ff1-90d3-6b985dfefa73
N005033,a55bc7f3-588a-4d2d-bc02-c7aa9524a6e0
N005034,4ff738dd-cbaa-4d3d-9c93-2d6831aaa04a
N005035,4ff738dd-cbaa-4d3d-9c93-2d6831aaa04a
N005036,4ff738dd-cbaa-4d3d-9c93-2d6831aaa04a
N005037,4ff738dd-cbaa-4d3d-9c93-2d6831aaa04a
N005038,2ba8475f-1713-4a1e-8b4c-e299e27c8307
N005039,4ff738dd-cbaa-4d3d-9c93-2d6831aaa04a
N005040,6e25791d-05c5-4107-b9aa-fbd26b50c4aa
N005041,6e25791d-05c5-4107-b9aa-fbd26b50c4aa
N005042,6e25791d-05c5-4107-b9aa-fbd26b50c4aa
N005043,cf3c882a-aba8-405c-8488-14f11ca2c178
N005044,934bf127-2e9b-4b96-bbdd-c5534e7884be
N005045,934bf127-2e9b-4b96-bbdd-c5534e7884be
N005046,5e54df7f-9b02-424c-a3a7-95f4074c7ea0
N005047,26286d63-199a-4428-b309-327fa038e037
N005048,2b1218c0-b3f7-473d-b1ee-21c9615b85e4
N005049,6ea5cd5f-0f68-4f08-87aa-c85ba1e6e470
N005050,6ea5cd5f-0f68-4f08-87aa-c85ba1e6e470
N005051,b19a8686-cd29-49b9-abe1-ae37f84176e7
N005052,1c882879-334c-497e-ad61-07ce980ffb51
N005053,452289ae-bade-42db-804a-6ea61ccc8b2f
N005054,f36190dd-4e64-494e-a410-cfba886f2172
N005055,a3d90a3f-fa7e-429e-ac03-720effb6b81b
N005056,a3d90a3f-fa7e-429e-ac03-720effb6b81b
N005057,a3d90a3f-fa7e-429e-ac03-720effb6b81b
N005058,849677ed-9c8e-45a4-9407-5811862d154d
N005059,849677ed-9c8e-45a4-9407-5811862d154d
N005060,4670ac16-a848-4c48-999e-ff237c18c069
N005061,a7c3b1ec-e6bd-4be1-9c20-dbc708de38ee
N005062,71c55d8f-5254-4773-a2f5-9142be447774
N005063,cbae26e6-6a01-48da-b156-ec70cb412da4
N005064,cbae26e6-6a01-48da-b156-ec70cb412da4
N005065,cbae26e6-6a01-48da-b156-ec70cb412da4
N005066,cbae26e6-6a01-48da-b156-ec70cb412da4
N005067,cbae26e6-6a01-48da-b156-ec70cb412da4
N005068,0ee67809-759e-43bc-84bb-90f3cbe46f99
N005069,3bfccaa5-6856-4fb0-b5e3-9861c83bbc31
N005070,0efd02c0-9c67-4f03-bb73-b0c5bd49e4d4
N005071,0efd02c0-9c67-4f03-bb73-b0c5bd49e4d4
N005072,c3eb750a-c0eb-42a3-bba4-311f65b10643
N005073,c3eb750a-c0eb-42a3-bba4-311f65b10643
N005074,c3eb750a-c0eb-42a3-bba4-311f65b10643
N005075,37e2f214-a572-4210-a09d-99592e188b41
N005076,8c36e18b-7226-4169-ba9f-16c1b998aabf
N005077,8c36e18b-7226-4169-ba9f-16c1b998aabf
N005078,8c36e18b-7226-4169-ba9f-16c1b998aabf
N005079,0fb9c688-d8f1-496a-965f-f8d2aa0ae1d3
N005080,17109739-3801-47dc-8ae8-34224b232c82
N005081,dc209353-c93d-4fdd-b1c2-fed492d095bf
N005082,6ed79cf9-e0d3-476d-ba28-88e6d0c68c28
N005083,31a3f1db-d162-44bd-add5-b0945f2e2de4
N005084,cab2b377-a91c-4394-8152-45b03c180065
N005085,4826545e-c6fe-4f5b-8a50-5886249df7f8
N005086,e3e0282b-4296-478f-a75e-d1f3a44f8f25
N005087,a8e317d5-f4a3-4682-b897-5c87e668f10c
N005088,3d8fa855-a70f-4847-8ddc-ae4ecc862283
N005089,a92b0c01-3c89-449a-9c71-d4afc90addf1
N005090,db566728-40fc-47ff-9992-45bd3e6b544b
N005091,23f432e5-5681-4237-af1f-38c1596d2c97
N005092,1af4c984-0871-4b88-a028-0f1fd08e3cd6
N005093,1af4c984-0871-4b88-a028-0f1fd08e3cd6
N005094,23f432e5-5681-4237-af1f-38c1596d2c97
N005095,2526b99c-5a26-48c7-b305-1bba29bc8c4a
N005096,da761098-8939-4595-91d4-5d8fad694165
N005097,88c0465a-00c2-4df9-a118-ec35117ed2c8
N005098,8ca1babf-c8c3-4518-895d-b1158e784bf5
N005099,5509747b-e3d9-42f6-80a5-cb5f8eb965fa
N005100,be98d0c2-d8ba-494d-8acc-66b7d3f66e47
N005101,5509747b-e3d9-42f6-80a5-cb5f8eb965fa
N005102,f7ab6920-f9e9-4ee7-9436-a0a909c2e5f5
N005103,c9fd6eed-7ab3-4e44-995e-bfc32e0ce113
N005104,c9fd6eed-7ab3-4e44-995e-bfc32e0ce113
N005105,c9fd6eed-7ab3-4e44-995e-bfc32e0ce113
N005106,c9fd6eed-7ab3-4e44-995e-bfc32e0ce113
N005107,c9fd6eed-7ab3-4e44-995e-bfc32e0ce113
N005108,a6d15b13-6c4a-490b-a03d-bbe8da9a18e5
N005109,a6d15b13-6c4a-490b-a03d-bbe8da9a18e5
N005110,1c77a691-19c1-4a5d-a1fb-5897ac4ebf3a
N005111,ef9a6892-522b-49d2-8545-86922d205eae
N005112,91863ca7-1a0e-431b-a0c1-8ce70ec06c5f
N005113,d12c0ace-3cfb-44f3-9fb9-50f2c75b21bd
N005114,f2d5fc50-ec7c-4c1f-84c0-810e01edb516
N005115,f2d5fc50-ec7c-4c1f-84c0-810e01edb516
N005116,f2d5fc50-ec7c-4c1f-84c0-810e01edb516
N005117,f2d5fc50-ec7c-4c1f-84c0-810e01edb516
N005118,f2d5fc50-ec7c-4c1f-84c0-810e01edb516
N005119,4264bb3c-2636-4080-b878-cef33d9a3550
N005120,4264bb3c-2636-4080-b878-cef33d9a3550
N005121,4264bb3c-2636-4080-b878-cef33d9a3550
N005122,bc354791-e2b2-44d0-bafa-3bfeb2cd68f7
N005123,781aa4cc-2ba5-45bc-9f31-c2ba78a3a8df
N005124,bc354791-e2b2-44d0-bafa-3bfeb2cd68f7
N005125,bc354791-e2b2-44d0-bafa-3bfeb2cd68f7
N005126,aa2e3f34-17ac-4f0b-9c8e-36a0edcae1f1
N005127,5630bfb4-0e8d-4a36-bb74-e733de5e15cb
N005128,aa2e3f34-17ac-4f0b-9c8e-36a0edcae1f1
N005129,99c282c0-15ec-4500-97dd-b7da97897462
N005130,99c282c0-15ec-4500-97dd-b7da97897462
N005131,99c282c0-15ec-4500-97dd-b7da97897462
N005132,99c282c0-15ec-4500-97dd-b7da97897462
N005133,8cf8151f-be44-4b0f-b966-c660aa89a422
N005134,eee08cb6-7c50-48ab-ae0b-76e6e269abca
N005135,e0a0d615-95a9-4e49-a426-798b831d2ac3
N005136,b18d9037-81d9-45a3-9b7e-6ef8ad6ff181
N005137,f4ec6eb9-15e7-44bf-a9e7-495b7576d729
N005138,f4ec6eb9-15e7-44bf-a9e7-495b7576d729
N005139,649ca939-fbd0-476d-8981-9518703912ad
N005140,7a43a955-6332-470e-9c68-d2c9e8599b0a
N005141,5de5235c-bc78-4b0c-99eb-6b4768f57303
N005142,950f3e2d-725d-40b1-9f6e-2299538c6a2a
N005143,ad733fd0-5615-4fc7-8a65-e4fcb0ee8f14
N005144,06e50304-de46-4a1e-ac2a-e5cd0d3d3672
N005145,7519529a-acd9-41d5-afbd-8af4345a5319
N005146,d12a87a3-3992-41dd-86f3-7dadc115c211
N005147,7519529a-acd9-41d5-afbd-8af4345a5319
N005148,90b13d80-323a-4322-b4de-16e801c47a9b
N005149,ad96b73a-cd47-476f-8984-09199c74837a
N005150,ad96b73a-cd47-476f-8984-09199c74837a
N005151,ad96b73a-cd47-476f-8984-09199c74837a
N005152,ad96b73a-cd47-476f-8984-09199c74837a
N005153,ad96b73a-cd47-476f-8984-09199c74837a
N005154,e6b74adf-ea1c-4e0f-a08d-861ffe601194
N005155,e6b74adf-ea1c-4e0f-a08d-861ffe601194
N005156,e6b74adf-ea1c-4e0f-a08d-861ffe601194
N005157,e6b74adf-ea1c-4e0f-a08d-861ffe601194
N005158,e6b74adf-ea1c-4e0f-a08d-861ffe601194
N005159,e6b74adf-ea1c-4e0f-a08d-861ffe601194
N005160,e6b74adf-ea1c-4e0f-a08d-861ffe601194
N005161,e6b74adf-ea1c-4e0f-a08d-861ffe601194
N005162,bf315ee7-f0fc-4532-8294-6b631d65e19a
N005163,bc69fd46-bb57-4f66-aa37-50b8d3eaacf9
N005164,1356678f-a33c-4a12-8df7-4cc9d68d6985
N005165,70cb881a-d935-4dbf-908c-57101a30156f
N005166,e80601c1-fda3-46ef-8c57-3e2407488c03
N005167,74b5bf39-4320-433b-b1fd-1e7bb8df864c
N005168,b1e27e9e-0775-4450-b5b9-4f4a5fd99dd3
N005169,e566a78f-3676-4222-8e3e-9793bb0d57c4
N005170,d12a87a3-3992-41dd-86f3-7dadc115c211
N005171,3bf68a3e-e7e5-4435-bd3e-43fb2935df65
N005172,6eb6a4e4-1776-41f8-a5ab-22708ecaf321
N005173,6eb6a4e4-1776-41f8-a5ab-22708ecaf321
N005174,6eb6a4e4-1776-41f8-a5ab-22708ecaf321
N005175,46d76b4a-41a5-4c23-9bf2-ee9fa87d691c
N005176,2dac0314-332e-4562-ac26-f7ac36efda2e
N005177,ac69d631-f346-44f9-9d49-442a6905eef3
N005178,2dac0314-332e-4562-ac26-f7ac36efda2e
N005179,2dac0314-332e-4562-ac26-f7ac36efda2e
N005180,4751c764-1c3f-46e5-bb82-3b67693471cc
N005181,58a9a71d-8f5d-4d41-821d-1c3e15889dfc
N005182,4751c764-1c3f-46e5-bb82-3b67693471cc
N005183,42c41958-62f9-4219-9f64-0221c49a2f6f
N005184,c7488246-c868-4f41-a053-e0ba7b372303
N005185,61b764cd-f08c-4924-acea-46d28892dae1
N005186,d2162eb0-0016-4fa8-912b-c5f6c4533d2c
N005187,8bb99abc-cc7f-4569-977f-a97aef8517eb
N005188,5ba43af2-f0a1-4864-b038-6af186ecc34d
N005189,5ba43af2-f0a1-4864-b038-6af186ecc34d
N005190,58a9a71d-8f5d-4d41-821d-1c3e15889dfc
N005191,4340c0d5-7112-4572-ba0f-9d1a804248e9
N005192,b1e27e9e-0775-4450-b5b9-4f4a5fd99dd3
N005193,8fa0ab4d-8364-47e2-9b44-892355e4d7c0
N005194,8fa0ab4d-8364-47e2-9b44-892355e4d7c0
N005195,54103183-6276-4854-be96-d12ac5044ec3
N005196,5f287092-0d77-4090-a9e8-92c4d8ca38a2
N005197,b1821523-1515-432a-8b23-af27bbf1dd67
N005198,3836c3c4-5993-4d09-a684-e0d36badcf5c
N005199,b1821523-1515-432a-8b23-af27bbf1dd67
N005200,b1821523-1515-432a-8b23-af27bbf1dd67
N005201,b1821523-1515-432a-8b23-af27bbf1dd67
N005202,b1821523-1515-432a-8b23-af27bbf1dd67
N005203,b1821523-1515-432a-8b23-af27bbf1dd67
N005204,3836c3c4-5993-4d09-a684-e0d36badcf5c
N005205,b1821523-1515-432a-8b23-af27bbf1dd67
N005206,29f5fd3f-4a09-488c-b763-6f627568acc1
N005207,7d10749c-ffd4-46c2-9bd1-e90665a39209
N005208,7d10749c-ffd4-46c2-9bd1-e90665a39209
N005209,debec9f8-6f9e-4340-9508-ac1a157b139f
N005210,8f287f48-4d2e-488c-ad24-e4cdff8e33ff
N005211,8f287f48-4d2e-488c-ad24-e4cdff8e33ff
N005212,8f287f48-4d2e-488c-ad24-e4cdff8e33ff
N005213,7b6e8321-d9ae-45d4-91e7-4ec02bbc6751
N005214,47eaa41b-ce0c-47ae-a16b-7f444090657d
N005215,47eaa41b-ce0c-47ae-a16b-7f444090657d
N005216,89861f2b-38ef-490f-ab64-18d5a4fe571b
N005217,9d5e174f-f4cf-4a56-8e48-44026ba420f6
N005218,9d5e174f-f4cf-4a56-8e48-44026ba420f6
N005219,3bdbe23a-9f6e-42d4-a5ea-ddb180c1409b
N005220,307fcc14-9e31-492a-8b26-620bffac0fd8
N005221,307fcc14-9e31-492a-8b26-620bffac0fd8
N005222,55488a8a-4b25-413f-84ca-7bfd3bb47343
N005223,3ad67a76-c8e4-46a5-95bc-ca3419beb2a0
N005224,b716ddc9-a9b4-4bee-a0db-24fbffd2095c
N005225,cf7a1bb9-9b48-4ba5-86d0-094758863193
N005226,4f5dc384-4356-4b1c-a666-20a884b8adcc
N005227,b8b2a322-7f9e-4a6c-bc35-5ba60d182dcc
N005228,ab5ac61a-e6f5-4b19-8bbd-4c1f8352d848
N005229,b8b2a322-7f9e-4a6c-bc35-5ba60d182dcc
N005230,b8b2a322-7f9e-4a6c-bc35-5ba60d182dcc
N005231,12a81887-312d-4cd3-83cc-b980e368a9ab
N005232,12a81887-312d-4cd3-83cc-b980e368a9ab
N005233,6a9cf25c-1798-49c0-8727-2e408f93c7d5
N005234,28ba216b-c8c9-4f0c-9674-6d21a55c601a
N005235,963faf9f-86d6-40dc-be0f-52b1ce06bf65
N005236,844c6a88-115f-4321-93e7-87157e3f52e2
N005237,963faf9f-86d6-40dc-be0f-52b1ce06bf65
N005238,b1e27e9e-0775-4450-b5b9-4f4a5fd99dd3
N005239,106fa854-8463-4895-8405-89a75d4debef
N005240,b1e27e9e-0775-4450-b5b9-4f4a5fd99dd3
N005241,963faf9f-86d6-40dc-be0f-52b1ce06bf65
N005242,963faf9f-86d6-40dc-be0f-52b1ce06bf65
N005243,c506c09b-cd2d-4390-bef2-93026d1f803c
N005244,33f4b645-6a0e-4b13-ab0e-df034162ef3d
N005245,28b2ab0b-3227-40e2-95d0-5f1b7aa2e3b0
N005246,33f4b645-6a0e-4b13-ab0e-df034162ef3d
N005247,afcc2141-0d20-4c53-84a1-0df499b9e235
N005248,d2b9d12e-e349-4802-b5bc-49a484f3682f
N005249,d2b9d12e-e349-4802-b5bc-49a484f3682f
N005250,24d878bb-3c5f-415a-8e07-58442b8c70ed
N005251,24d878bb-3c5f-415a-8e07-58442b8c70ed
N005252,24d878bb-3c5f-415a-8e07-58442b8c70ed
N005253,24d878bb-3c5f-415a-8e07-58442b8c70ed
N005254,993aff8b-5e20-4455-970f-2fc064605792
N005255,a829c73c-0424-425b-8234-5e76e185a2c4
N005256,8d146b93-3e59-48e8-aa70-bc22d13c05df
N005257,8d146b93-3e59-48e8-aa70-bc22d13c05df
N005258,b1e27e9e-0775-4450-b5b9-4f4a5fd99dd3
N005259,8d146b93-3e59-48e8-aa70-bc22d13c05df
N005260,8d146b93-3e59-48e8-aa70-bc22d13c05df
N005261,8d146b93-3e59-48e8-aa70-bc22d13c05df
N005262,8d146b93-3e59-48e8-aa70-bc22d13c05df
N005263,8d146b93-3e59-48e8-aa70-bc22d13c05df
N005264,8d146b93-3e59-48e8-aa70-bc22d13c05df
N005265,3e6c3d73-3bda-4c8c-a1b6-7c0992353416
N005266,ddb436fa-f6d9-4f02-8f4d-8584a82855a7
N005267,ddb436fa-f6d9-4f02-8f4d-8584a82855a7
N005268,4f788600-72d7-457c-889d-a88fdb518965
N005269,11cf1c13-f1cd-4350-aff1-01a58c0bc140
N005270,aab0b739-0472-4c85-921a-5247eb8582bb
N005271,e4de8d74-c2f8-4b6f-b0fa-5cd971ca3e19
N005272,fa063d94-5696-424b-a33d-197974e9b3a5
N005273,f0662313-c600-4613-9065-65d12a60243b
N005274,8c181ddf-6c09-4721-8f7d-3c8b7eb9cda8
N005275,a3357319-2212-4652-a7e4-243dcf4af714
N005276,ffb922a0-308d-4e59-ad20-d7828c7a469b
N005277,a3357319-2212-4652-a7e4-243dcf4af714
N005278,a3357319-2212-4652-a7e4-243dcf4af714
N005279,288a8686-8a03-4d07-badc-66ae8e6ab464
N005280,baabf2a8-e4ff-491a-96d9-a06c348fc53f
N005281,baabf2a8-e4ff-491a-96d9-a06c348fc53f
N005282,baabf2a8-e4ff-491a-96d9-a06c348fc53f
N005283,eb67c217-8d38-4246-b763-0a1c1fba34e2
N005284,baabf2a8-e4ff-491a-96d9-a06c348fc53f
N005285,baabf2a8-e4ff-491a-96d9-a06c348fc53f
N005286,dc6e3722-cc9b-4ecb-9047-f72becb1ea96
N005287,dc6e3722-cc9b-4ecb-9047-f72becb1ea96
N005288,5630bfb4-0e8d-4a36-bb74-e733de5e15cb
N005289,b21abce3-7967-4ad6-9ff1-d09414ddec01
N005290,98df81d6-1d6a-4d10-b3bd-512b8ddfaa61
N005291,be98d0c2-d8ba-494d-8acc-66b7d3f66e47
N005292,f04292dc-75ec-453e-96e7-8dd0f0aff8ef
N005293,9f1e2df0-c550-47b9-b77e-bdc04eeba1f5
N005294,ba0e8e0c-2528-48ff-9302-338b37377bf3
N005295,ba0e8e0c-2528-48ff-9302-338b37377bf3
N005296,ba0e8e0c-2528-48ff-9302-338b37377bf3
N005297,ba0e8e0c-2528-48ff-9302-338b37377bf3
N005298,ba0e8e0c-2528-48ff-9302-338b37377bf3
N005299,ba0e8e0c-2528-48ff-9302-338b37377bf3
N005300,815290ab-19f2-4d10-b884-f588730e4f90
N005301,815290ab-19f2-4d10-b884-f588730e4f90
N005302,3a2d7c7b-c748-465f-afdd-f0c710b5ed95
N005303,22d50a7a-b3ac-48bb-bb8d-4e1cbca01f8e
N005304,22d50a7a-b3ac-48bb-bb8d-4e1cbca01f8e
N005305,22d50a7a-b3ac-48bb-bb8d-4e1cbca01f8e
N005306,22d50a7a-b3ac-48bb-bb8d-4e1cbca01f8e
N005307,22d50a7a-b3ac-48bb-bb8d-4e1cbca01f8e
N005308,e370d094-b002-439f-89b3-d6c36c7d3b0c
N005309,58a9a71d-8f5d-4d41-821d-1c3e15889dfc
N005310,d96b0712-9f4d-4344-bcd6-d26cb4efeb67
N005311,5130eed3-248e-455c-a5ce-5fc19e36de2f
N005312,2e34f166-f8a5-433a-b5bf-813a0375df3c
N005313,8b4ab082-49d8-4f15-b97d-f7dd46bb9c9d
N005314,41d0db2c-9dcb-492a-a3d1-0a77cfd4fa8f
N005315,7033a51e-6c26-4ccf-b2e9-7ad58a9f53aa
N005316,b9dec880-533e-4108-8244-16efacaf3d9e
N005317,17cf29d5-834f-4b92-804d-6b537723f777
N005318,e5d51c44-11b0-4880-a35f-d01f12fd63c8
N005319,e5d51c44-11b0-4880-a35f-d01f12fd63c8
N005320,0c8328df-21f8-43d4-a626-546f3e1632a4
N005321,e5d51c44-11b0-4880-a35f-d01f12fd63c8
N005322,e5d51c44-11b0-4880-a35f-d01f12fd63c8
N005323,e5d51c44-11b0-4880-a35f-d01f12fd63c8
N005324,c55aa147-2c36-4166-a6e5-b3133239c943
N005325,43228e91-85c0-4c48-bc43-714ed39b3004
N005326,f594ba85-f7d0-4ffe-a68d-4ae4a21bba01
N005327,b0a43a7f-9a51-416a-a24e-629be187c2f7
N005328,eadeee33-57af-4070-bf52-f25fcc37bb64
N005329,f36f5f6c-a739-41fc-a7c4-fbad157ecce6
N005330,b717d8fb-8721-40a3-a430-3b81431a32a7
N005331,0b250362-5f90-45d3-8398-0b80c52f354b
N005332,3da2e25e-1b2e-4331-9907-492be84c9f6f
N005333,3da2e25e-1b2e-4331-9907-492be84c9f6f
N005334,3a1552aa-fc9d-4ef6-aaf6-be54abdcb523
N005335,190c4128-4229-4b86-ac62-edf26e4ea74d
N005336,d12a87a3-3992-41dd-86f3-7dadc115c211
N005337,aecfcd8a-3b74-4407-92c5-58ec0e0b1b11
N005338,24d8661a-916c-432c-9242-192044d70621
N005339,1f27330a-9612-4295-9d74-ece17fbda0cc
N005340,d12a87a3-3992-41dd-86f3-7dadc115c211
N005341,1f27330a-9612-4295-9d74-ece17fbda0cc
N005342,1f27330a-9612-4295-9d74-ece17fbda0cc
N005343,1f27330a-9612-4295-9d74-ece17fbda0cc
N005344,bc8a665e-27b8-4550-b270-b23b659e40e9
N005345,9dcb038f-24c3-4fd1-b76c-0992c0247cd8
N005346,bc8a665e-27b8-4550-b270-b23b659e40e9
N005347,1666a9f2-2305-492d-8b11-eae5c2ca06da
N005348,bc8a665e-27b8-4550-b270-b23b659e40e9
N005349,cce5bdc2-dcab-4095-897f-890a4e15d6dc
N005350,673dfd15-3f95-4825-a99a-74d360e228e6
N005351,673dfd15-3f95-4825-a99a-74d360e228e6
N005352,80d5a198-4b54-41d4-a8cf-37e3abb3d4cd
N005353,673dfd15-3f95-4825-a99a-74d360e228e6
N005354,673dfd15-3f95-4825-a99a-74d360e228e6
N005355,1b2a3c03-ab41-45dc-89f6-77fa87e6cc5d
N005356,c30b3d36-44fc-4458-b487-e2ff66e15da1
N005357,c30b3d36-44fc-4458-b487-e2ff66e15da1
N005358,2388b2f3-cc6d-4661-956b-2de6ce5bb754
N005359,58a9a71d-8f5d-4d41-821d-1c3e15889dfc
N005360,8dce393c-f952-4608-95bb-1a82bd5aff11
N005361,8dce393c-f952-4608-95bb-1a82bd5aff11
N005362,5730152c-05ea-434a-87ce-a0e66ffc445e
N005363,bb1ae257-d818-43e8-9179-66eac16f697f
N005364,8cfeca98-10a8-496c-9a73-71edf2ffa579
N005365,5541b484-8df8-45f0-9601-ab68f3a2e428
N005366,4b7e657d-f8e1-4b62-93e6-43169c95a4f5
N005367,4b7e657d-f8e1-4b62-93e6-43169c95a4f5
N005368,0c199392-bbae-402f-949a-cb6bed21de4b
N005369,2b0c23df-8388-4cfe-ba10-11b162f8ef97
N005370,35250cd0-d9be-4e7d-83f9-ffb6b2091b94
N005371,c73a2d05-76ed-45e5-8921-7f9c1a1e283d
N005372,93512410-81ae-493f-9206-2ca1378bb41b
N005373,4c4bb8af-dff5-40ee-8c67-74e2b8ef6799
N005374,4c4bb8af-dff5-40ee-8c67-74e2b8ef6799
N005375,4c4bb8af-dff5-40ee-8c67-74e2b8ef6799
N005376,ffa2b88a-8e76-403e-94cf-24bfb7a396cd
N005377,b8213ca7-fe69-431d-a739-fdb665882b35
N005378,9beba4bd-5fc2-4d33-b176-3436751b950c
N005379,9beba4bd-5fc2-4d33-b176-3436751b950c
N005380,9beba4bd-5fc2-4d33-b176-3436751b950c
N005381,19b386cd-8285-429a-8ce1-eb0a1f522119
N005382,21f2a3f2-284f-41fa-868b-2389ad3b5d59
N005383,eee08cb6-7c50-48ab-ae0b-76e6e269abca
N005384,b7597a8a-2463-42b7-afb2-efd85188050b
N005385,b68bda0f-83e3-485e-9f2c-9266e4ebb8e3
N005386,3422199b-b6d0-4825-bee5-edcb52b073d0
N005387,f17dfdf8-fc43-4bb2-8c28-62996df9b79e
N005388,49ece8d4-4434-4a64-93e5-49516294f342
N005389,aee061c7-66c1-4804-a3ab-4c99f5a90270
N005390,aee061c7-66c1-4804-a3ab-4c99f5a90270
N005391,99b2bed8-ea21-45a9-88c6-0c54286fdbe2
N005392,bdd5b4c8-1337-4c6e-ad19-3430ae3dd183
N005393,bdd5b4c8-1337-4c6e-ad19-3430ae3dd183
N005394,bdd5b4c8-1337-4c6e-ad19-3430ae3dd183
N005395,d56543a5-bc24-4c76-acea-66e0d8859fcc
N005396,aa04f9ed-3f5a-4750-8dcd-c77132999b3b
N005397,37e2f214-a572-4210-a09d-99592e188b41
N005398,aa04f9ed-3f5a-4750-8dcd-c77132999b3b
N005399,4c081e8e-cf9b-48e0-aa63-c18bb5480f6f
N005400,3370ebf5-a7c8-44e5-a2a1-7ff3b44e9551
N005401,0f3f2678-963b-4f24-9024-4691bf96d716
N005402,0f3f2678-963b-4f24-9024-4691bf96d716
N005403,2090aee1-d85f-479e-a38b-bb5650faaccb
N005404,0f3f2678-963b-4f24-9024-4691bf96d716
N005405,c348c6f6-53b2-433c-b1bf-43b6b64d923c
N005406,15c721fc-c88a-4775-8c3a-75fcebeb0eca
N005407,15c721fc-c88a-4775-8c3a-75fcebeb0eca
N005408,15c721fc-c88a-4775-8c3a-75fcebeb0eca
N005409,20921e9c-0195-4993-9705-6e84763933ce
N005410,e468bd59-89aa-420a-aa80-00acde640b68
N005411,5ae30c69-3d67-4f2f-ac2b-7d42c4024a12
N005412,5ae30c69-3d67-4f2f-ac2b-7d42c4024a12
N005413,d12a87a3-3992-41dd-86f3-7dadc115c211
N005414,aa04f9ed-3f5a-4750-8dcd-c77132999b3b
N005415,e1b1944a-98a0-41a7-b42e-d200118a92ef
N005416,7e6068ee-c530-4491-a53c-dbc3e179bdf7
N005417,a6fce521-d2cb-4b16-98b6-65173469f2aa
N005418,a6fce521-d2cb-4b16-98b6-65173469f2aa
N005419,a6fce521-d2cb-4b16-98b6-65173469f2aa
N005420,a6fce521-d2cb-4b16-98b6-65173469f2aa
N005421,f63fa4c2-c03b-4d5b-ad95-0a4ddcbe3f1b
N005422,8705ab3a-d9e5-4f5e-a705-90dfcd705e4d
N005423,483a168a-b5d3-428e-8547-d6935262b89c
N005424,d93b2fec-d090-4710-a576-ea962ecddb24
N005425,d93b2fec-d090-4710-a576-ea962ecddb24
N005426,53b112cd-431a-4616-a323-39bb17159f68
N005427,53b112cd-431a-4616-a323-39bb17159f68
N005428,07601551-183b-4e2d-9b20-e6f1dd930d6d
N005429,2e48cbe9-f2b6-4a3c-8e49-c6b6683123ad
N005430,33f45dfb-5346-43a4-977f-60984c0482fc
N005431,3f241090-e2d5-4998-8016-c73cf4bb6013
N005432,353b1c3f-9570-47e2-aeb9-538e52d274ec
N005433,61bb7a02-4b98-496c-a296-46e224f27c45
N005434,79f737a2-5cbd-4328-8db5-37b967dc09e6
N005435,61bb7a02-4b98-496c-a296-46e224f27c45
N005436,e1ab3aed-3839-4e95-ae56-596ea2d38637
N005437,e1ab3aed-3839-4e95-ae56-596ea2d38637
N005438,e1ab3aed-3839-4e95-ae56-596ea2d38637
N005439,c1244590-21ba-4361-8bdc-4258d5bf28f5
N005440,797988b8-0943-4526-b5e1-dad8bccc8020
N005441,896eb4c6-ba46-44e3-825c-cea265ff5dd9
N005442,8fdc69cc-6c1e-45d3-931a-6fba412865e9
N005443,896eb4c6-ba46-44e3-825c-cea265ff5dd9
N005444,896eb4c6-ba46-44e3-825c-cea265ff5dd9
N005445,870b9328-b592-44a8-94fd-a26e7b22c471
N005446,870b9328-b592-44a8-94fd-a26e7b22c471
N005447,896eb4c6-ba46-44e3-825c-cea265ff5dd9
N005448,9005e266-1494-4a8d-97b7-495e2194dd9d
N005449,5a668bb9-4bab-497d-87c3-330a34581773
N005450,5a668bb9-4bab-497d-87c3-330a34581773
N005451,148ee65e-a71f-4062-aa33-2c602f461a93
N005452,5a668bb9-4bab-497d-87c3-330a34581773
N005453,5a668bb9-4bab-497d-87c3-330a34581773
N005454,ec53cce7-252d-4c85-9bbc-7808be509249
N005455,f796ae15-12f3-47f0-b65b-b6f5cf7e2b45
N005456,c86ae462-4c14-4aa3-a047-0361a28ff098
N005457,c7b27f9b-82d7-4fd2-8ab3-ec624f53a85e
N005458,a550e0dd-cc1d-49f4-9cb9-e5b2e2e4bf44
N005459,656ccbc9-68be-4400-b2c1-d1ab2812882f
N005460,24ee5936-0d53-4220-9adc-a87dae36bca2
N005461,6f01419c-a399-49cb-91ba-8d47d10b18fc
N005462,4c6c072f-21d3-4eff-b490-08bfee549c87
N005463,93a746ff-b9eb-488c-b3bf-1b736c2e5994
N005464,48f50d67-ea05-4312-9961-eded91a5ca0f
N005465,e54bbef1-3e7e-4210-9180-4534d7cf815f
N005466,e54bbef1-3e7e-4210-9180-4534d7cf815f
N005467,7553ffa4-02a3-4824-bcd7-76bf7a443dcd
N005468,7553ffa4-02a3-4824-bcd7-76bf7a443dcd
N005469,2fb900fd-bb5e-49de-9a26-47e20e656284
N005470,7efe268b-3038-46ae-a3cf-a40b3120bc0d
N005471,7efe268b-3038-46ae-a3cf-a40b3120bc0d
N005472,a8812f47-65cd-448c-9003-a6bc15e349a6
N005473,d72c7c47-6601-4d77-a8ac-b4671cc41cfd
N005474,acfb0891-7cc1-4680-b813-056472fb0334
N005475,a21f7a99-2be6-467d-b2c7-2ed76c714181
N005476,4f80d894-2219-4390-863e-1318526f9d5b
N005477,ead9abfe-f7f4-4f66-87a8-8cb019329700
N005478,f52b7f50-eada-46e1-86a1-fe476e2f6aa9
N005479,57e9c719-6153-40cd-8ad9-846bd55ed4f6
N005480,42a70059-7f68-42c8-b1a4-fdcc35602f05
N005481,775f6157-a481-4064-b49c-93db175d0e0e
N005482,d12a87a3-3992-41dd-86f3-7dadc115c211
N005483,da620c1a-2c2b-4a0a-b57f-7d3a75fd01bb
N005484,52e59d50-2994-4729-8886-283117c0eeca
N005485,3ca76ed2-51cb-49cf-bc59-60d7e1875439
N005486,80c525ed-0894-40f1-814b-62e3c3eea3f1
N005487,a4af1c3a-ae68-4b51-b8e7-3ee3c381dd46
N005488,8a04814b-40fb-4522-b1ad-79c609910585
N005489,15309b1d-c6d8-4837-b25e-f66d9c0ed3d9
N005490,c9f0b5fc-823f-4b68-9f0f-d332ac02a250
N005491,0345ae7c-a012-4b0f-a965-e22c9b4b2930
N005492,0345ae7c-a012-4b0f-a965-e22c9b4b2930
N005493,6b508f39-6196-45b7-acfb-509a80b4a97f
N005494,6b508f39-6196-45b7-acfb-509a80b4a97f
N005495,96743ba3-79b3-4686-810a-0da6209d0b20
N005496,96743ba3-79b3-4686-810a-0da6209d0b20
N005497,538a85f6-528a-4945-9754-c7dd85b8c47f
N005498,96743ba3-79b3-4686-810a-0da6209d0b20
N005499,82dc0884-2f4e-4d37-9302-32f194db4fd9
N005500,bd14a0a7-edc1-46bd-9566-91639a080c6c
N005501,088cd774-a44c-4126-a31e-ca394e4e3d58
N005502,ee2bbd29-58ff-4446-b53b-027b188c3b1e
N005503,ee2bbd29-58ff-4446-b53b-027b188c3b1e
N005504,ee2bbd29-58ff-4446-b53b-027b188c3b1e
N005505,ee2bbd29-58ff-4446-b53b-027b188c3b1e
N005506,ee2bbd29-58ff-4446-b53b-027b188c3b1e
N005507,ee2bbd29-58ff-4446-b53b-027b188c3b1e
N005508,ed8e9275-0071-4133-b654-a3e9d40df855
N005509,ed8e9275-0071-4133-b654-a3e9d40df855
N005510,ed8e9275-0071-4133-b654-a3e9d40df855
N005511,ed8e9275-0071-4133-b654-a3e9d40df855
N005512,ed8e9275-0071-4133-b654-a3e9d40df855
N005513,41f1319e-747b-4652-a6db-19084a7e23bb
N005514,2dacd28b-7941-431f-bed5-08e9589aaad0
N005515,c12ea75f-280b-47e6-b420-b00a48b7e9ac
N005516,0dfb18be-24be-470b-b38c-0a15048a9ff5
N005517,d6bccb8e-5b68-4c94-a516-2c8a7964dac2
N005518,d9480ff0-6495-4684-aafd-8ec099ed4c44
N005519,1531d575-35da-4386-8454-2cb135d1e5c9
N005520,4cd8189f-0ab1-4a79-bbe6-b6bc649a5954
N005521,1531d575-35da-4386-8454-2cb135d1e5c9
N005522,151564b9-79a9-43aa-9395-54e844d4876d
N005523,1531d575-35da-4386-8454-2cb135d1e5c9
N005524,6fd61cec-d4c3-430f-9228-5d1afc4d057b
N005525,6fd61cec-d4c3-430f-9228-5d1afc4d057b
N005526,0ecff240-a64f-41f7-b533-16bcecfb5493
N005527,6fd61cec-d4c3-430f-9228-5d1afc4d057b
N005528,d12a87a3-3992-41dd-86f3-7dadc115c211
N005529,2e8354ce-ade2-43d5-8dd2-3891f3aa0d35
N005530,9a7173b3-63a5-4151-b91a-861035d189d7
N005531,bcf83077-aeae-4f2c-b8bc-3b7136521ed1
N005532,bcf83077-aeae-4f2c-b8bc-3b7136521ed1
N005533,bcf83077-aeae-4f2c-b8bc-3b7136521ed1
N005534,b1e27e9e-0775-4450-b5b9-4f4a5fd99dd3
N005535,60910a9f-d8bf-47b7-9c59-da2084394e29
N005536,41745a49-4fdc-48b3-88a4-f6a76c19f0f1
N005537,430944fa-cb55-4af1-92ae-2632b30c7760
N005538,7dedb5a3-c4e1-4481-a57c-c8715650d10a
N005539,26812ab4-5c00-4ba0-9f14-58266097b481
N005540,26812ab4-5c00-4ba0-9f14-58266097b481
N005541,bf23ae7f-2a0b-4c72-bb4f-84fb5936d32a
N005542,d8a49d3f-3575-49df-ac3e-e6bfdc6f4f0e
N005543,d8a49d3f-3575-49df-ac3e-e6bfdc6f4f0e
N005544,15d89a70-82b4-4c16-8282-f617a869328b
N005545,26042eea-3a3e-44ff-8636-5684f7fe4bb0
N005546,26042eea-3a3e-44ff-8636-5684f7fe4bb0
N005547,26042eea-3a3e-44ff-8636-5684f7fe4bb0
N005548,26042eea-3a3e-44ff-8636-5684f7fe4bb0
N005549,242d9559-14b9-4415-8574-07770ec25698
N005550,f1a1434e-aa36-4e50-9181-c9f699be6767
N005551,90d882d1-86c2-4a15-878c-2b68aef11591
N005552,90d882d1-86c2-4a15-878c-2b68aef11591
N005553,90d882d1-86c2-4a15-878c-2b68aef11591
N005554,90d882d1-86c2-4a15-878c-2b68aef11591
N005555,2d794e44-3a7e-4696-aba9-33bbe11bace1
N005556,58a9a71d-8f5d-4d41-821d-1c3e15889dfc
N005557,b1f974c2-1b7f-4f59-a9b0-3a271d249401
N005558,629a8b3f-d8cc-4da4-b6d3-066c87f836c8
N005559,164beaa8-e6ae-4bee-9957-bbdd636f4f99
N005560,4fa122bf-93e8-4a60-8d14-fdd9d5ec417a
N005561,3884091f-ac9d-4e92-b0a0-eece149652c1
N005562,c477ab9f-d805-45a7-bc78-4443d544e10b
N005563,fae10e92-5684-442b-9692-3d4a3d6c2050
N005564,9c8bcb40-8922-4e25-95db-92c98c9088e2
N005565,8c6c181d-ef33-4e87-a973-5d0059b08565
N005566,8c6c181d-ef33-4e87-a973-5d0059b08565
N005567,1cc8c589-b0ab-44a8-b190-f88fa0451de8
N005568,24d8a512-2686-4f34-b871-2125c28a720c
N005569,24d8a512-2686-4f34-b871-2125c28a720c
N005570,12bbeb3c-8934-416d-b30d-856d34e7d75d
N005571,24d8a512-2686-4f34-b871-2125c28a720c
N005572,24d8a512-2686-4f34-b871-2125c28a720c
N005573,24d8a512-2686-4f34-b871-2125c28a720c
N005574,20f0d23a-7aea-4ea3-9501-9d1123640b34
N005575,a07e30e2-8311-4c4c-a907-06f43feb921c
N005576,2d7d18f8-4b0e-4c5a-b0ed-2f11b68f7970
N005577,2d7d18f8-4b0e-4c5a-b0ed-2f11b68f7970
N005578,ffd65adc-2a66-46c6-afd9-ee6c2daa12a7
N005579,92b83616-cf46-4c3f-a0aa-842b4a74e78e
N005580,d60a59ca-21fc-4058-9384-78ac7575f09e
N005581,be98d0c2-d8ba-494d-8acc-66b7d3f66e47
N005582,b86caacc-5d8a-49d6-91fd-2bea4c4489d5
N005583,b86caacc-5d8a-49d6-91fd-2bea4c4489d5
N005584,9d643b3d-5576-4a6d-83dc-ae790b6663b6
N005585,9d643b3d-5576-4a6d-83dc-ae790b6663b6
N005586,b767a9fd-3ace-4afd-924c-dc98587b6afc
N005587,99ff5f2b-6775-43ad-bd8c-1bb7302661a2
N005588,cd84db2f-45be-4cde-a4d7-f733cf0f2abc
N005589,99ff5f2b-6775-43ad-bd8c-1bb7302661a2
N005590,3a48b817-ff4a-4c1d-831a-d62fc9d6dbf0
N005591,d12a87a3-3992-41dd-86f3-7dadc115c211
N005592,2e99e7bb-274d-4cbc-91b8-026e04ef6080
N005593,2e99e7bb-274d-4cbc-91b8-026e04ef6080
N005594,2e99e7bb-274d-4cbc-91b8-026e04ef6080
N005595,a89024cc-8e16-4e20-b292-bae03c751dbf
N005596,cd4d043c-c4c6-4926-b355-21d886a0c334
N005597,cde08e7f-53a6-4b41-b991-c71cc5329450
N005598,304e5a79-44a9-4ca7-8ba1-aa2c3cc0e7a2
N005599,ea6055d8-11c4-45fe-b6fc-959bd3de8297
N005600,9daf8d80-1cfd-44f9-a9c5-d1613d20b042
N005601,bbe9d376-2c12-4471-8df2-a3000661a0a6
N005602,1c9db8ff-52a8-49fa-9069-cbc306c6b756
N005603,daf22e1c-ba8d-4968-b332-82f7fe38f4bd
N005604,daf22e1c-ba8d-4968-b332-82f7fe38f4bd
N005605,daf22e1c-ba8d-4968-b332-82f7fe38f4bd
N005606,daf22e1c-ba8d-4968-b332-82f7fe38f4bd
N005607,daf22e1c-ba8d-4968-b332-82f7fe38f4bd
N005608,daf22e1c-ba8d-4968-b332-82f7fe38f4bd
N005609,daf22e1c-ba8d-4968-b332-82f7fe38f4bd
N005610,e56089be-f05c-4899-b6b3-3a8e7516cc43
N005611,15e45733-487b-484c-9db8-79d8b73697ce
N005612,d12a87a3-3992-41dd-86f3-7dadc115c211
N005613,ebb7f4cf-cec8-4ac9-b47b-bd23c81c4205
N005614,bf32b33b-ee3e-45bc-83b2-e4c2eff876c1
N005615,bf32b33b-ee3e-45bc-83b2-e4c2eff876c1
N005616,603d8312-b71a-4cd4-a839-124d540dd694
N005617,603d8312-b71a-4cd4-a839-124d540dd694
N005618,603d8312-b71a-4cd4-a839-124d540dd694
N005619,603d8312-b71a-4cd4-a839-124d540dd694
N005620,d27b4ae1-4223-4d84-8019-55f9e71912d0
N005621,603d8312-b71a-4cd4-a839-124d540dd694
N005622,a655fb41-c690-4866-8a49-66aa986a32be
N005623,d0d0f3c5-1914-47c4-9818-576677dd5bad
N005624,d0d0f3c5-1914-47c4-9818-576677dd5bad
N005625,d0d0f3c5-1914-47c4-9818-576677dd5bad
N005626,cc9f7b24-0bb4-4b3f-b530-e62a3de03dbd
N005627,4ade5a56-df19-4107-bca7-d642a31beba8
N005628,f585a61d-9ed4-41c5-a008-8afb175f3029
N005629,4ade5a56-df19-4107-bca7-d642a31beba8
N005630,4ade5a56-df19-4107-bca7-d642a31beba8
N005631,853669f1-35db-4749-82aa-6284415ceed8
N005632,18b72392-8c28-446c-aaef-b909579e71b1
N005633,19eec379-9b85-4fef-8c4f-bf61c90f579b
N005634,1552869b-422d-4cae-a347-1ad6819fd7a3
N005635,9eae2d21-4734-4f5e-853d-eb75684b5bb8
N005636,6d1f0c47-f461-4658-ac39-a96d8987bd0b
N005637,02966ba0-37cb-4c74-b60b-b6ec7af61620
N005638,02966ba0-37cb-4c74-b60b-b6ec7af61620
N005639,02966ba0-37cb-4c74-b60b-b6ec7af61620
N005640,02966ba0-37cb-4c74-b60b-b6ec7af61620
N005641,a5219891-2c70-4bd8-992e-71a1d260f67b
N005642,e7758f0d-6785-4fb0-b152-7219cfe4c053
N005643,d12a87a3-3992-41dd-86f3-7dadc115c211
N005644,a03a365d-85cc-4a84-b32f-0c7a62dbaef3
N005645,d439bfc6-020d-4687-ab58-0c800950ab3b
N005646,358a7cfc-0833-4156-8d10-44f4716a8911
N005647,0f0abcdf-8d3d-4f09-891e-b69b40c685e7
N005648,0f0abcdf-8d3d-4f09-891e-b69b40c685e7
N005649,4ac1400b-517e-4863-a92d-53ff58653619
N005650,97819175-1ced-4d85-ab5c-b6b1a34793d6
N005651,8009bddd-0317-41b4-808a-40b2e88773bd
N005652,8009bddd-0317-41b4-808a-40b2e88773bd
N005653,49efd76c-9848-43f2-985a-9992f7366b36
N005654,49efd76c-9848-43f2-985a-9992f7366b36
N005655,70a9bcbe-1a69-4545-a208-a1c7566e4881
N005656,f1b10592-bc00-4cb6-b0d9-663eb6c74679
N005657,65adacf1-1b53-4c59-9070-33db5daf2623
N005658,708f0b8f-8451-4460-8a08-08212131dce0
N005659,15479b92-3422-4325-b2de-7c54973536fd
N005660,9ced8ab2-8b2d-407d-885a-7f316aaa230b
N005661,32cf2c34-d676-451e-8ddd-d14e3710a4b3
N005662,32cf2c34-d676-451e-8ddd-d14e3710a4b3
N005663,32cf2c34-d676-451e-8ddd-d14e3710a4b3
N005664,3a89da56-fa87-47ac-b3be-3e340c9b304c
N005665,0fb9c688-d8f1-496a-965f-f8d2aa0ae1d3
N005666,3a89da56-fa87-47ac-b3be-3e340c9b304c
N005667,88d0ee53-feb0-4874-a967-4499fdc039a0
N005668,6c75e319-4c7b-4974-b74c-22f914d09c2c
N005669,0762e058-6160-4a66-886c-e62ba3aa9f23
N005670,0762e058-6160-4a66-886c-e62ba3aa9f23
N005671,0762e058-6160-4a66-886c-e62ba3aa9f23
N005672,0762e058-6160-4a66-886c-e62ba3aa9f23
N005673,76cf1474-ab55-4309-9eba-e2ccbc5ceefb
N005674,76cf1474-ab55-4309-9eba-e2ccbc5ceefb
N005675,76cf1474-ab55-4309-9eba-e2ccbc5ceefb
N005676,02029ab2-3d10-48bc-addf-8c40a1e18157
N005677,02029ab2-3d10-48bc-addf-8c40a1e18157
N005678,02029ab2-3d10-48bc-addf-8c40a1e18157
N005679,c501dbc6-8fff-4fde-8143-2b32a0f6db15
N005680,c501dbc6-8fff-4fde-8143-2b32a0f6db15
N005681,992eaaf6-67db-49f9-9010-bea0a5163121
N005682,c501dbc6-8fff-4fde-8143-2b32a0f6db15
N005683,31dea3aa-ecf9-49d3-b51e-14fc218e36a6
N005684,1ab04df0-9801-4edf-9387-f431a01c42ea
N005685,5270a60b-a0f2-4321-b19b-fa1c0ba2420c
N005686,076e67a9-4e55-4fde-b991-bd51f3561a06
N005687,218af669-dfe0-47a1-8410-9d75b14ef0e6
N005688,218af669-dfe0-47a1-8410-9d75b14ef0e6
N005689,90b13d80-323a-4322-b4de-16e801c47a9b
N005690,8e9476d7-a5f4-4ae7-b886-e9704f5654aa
N005691,8e9476d7-a5f4-4ae7-b886-e9704f5654aa
N005692,29510179-70d9-4644-8a2e-4368e88b591d
N005693,ae78f183-55d6-431d-be45-65f85e48c627
N005694,dedfff5e-ba9d-4eed-9ff3-43cbe44f4299
N005695,58a9a71d-8f5d-4d41-821d-1c3e15889dfc
N005696,497d4f8f-fee2-41eb-b831-169e51b8c406
N005697,cc24605b-18f8-4f74-9300-b11b6978d94d
N005698,7442de4c-888b-4ccd-a998-e3cadd43dee2
N005699,6a55babb-937d-417d-a081-168e822678e7
N005700,6a55babb-937d-417d-a081-168e822678e7
N005701,8e5ccbb7-3f98-41af-906a-588af15fbb6b
N005702,8e5ccbb7-3f98-41af-906a-588af15fbb6b
N005703,53a6dd9b-d334-42e1-9fc6-503ac54ab0e1
N005704,96474179-70d9-450e-a732-db374008326a
N005705,c4e80afc-41cc-444a-aa53-22e29c1cbc43
N005706,7d966837-45c0-4d23-95ee-adcdf51c4f2c
N005707,bcb6f334-b854-46c2-92fb-f60c48c619cf
N005708,69adab3b-e4d1-40a7-aea3-11d036d34b68
N005709,838a8c42-15c4-4c73-a2fd-fa541522acc3
N005710,838a8c42-15c4-4c73-a2fd-fa541522acc3
N005711,48d27328-1eeb-4217-b443-7229cd0ce19e
N005712,53ac4179-4720-40a5-a2c5-86d7885bc948
N005713,11751887-3711-4267-a703-c77e55df9ee5
N005714,0b3ca6a9-3022-4497-bf0b-59f185534d20
N005715,992eaaf6-67db-49f9-9010-bea0a5163121
N005716,0b3ca6a9-3022-4497-bf0b-59f185534d20
N005717,99e3e215-1f0f-48fb-977c-e0d56eaa17ec
N005718,6d62e81d-4460-4b0a-95ca-756d06e216f3
N005719,99e3e215-1f0f-48fb-977c-e0d56eaa17ec
N005720,6d62e81d-4460-4b0a-95ca-756d06e216f3
N005721,6d62e81d-4460-4b0a-95ca-756d06e216f3
N005722,6d62e81d-4460-4b0a-95ca-756d06e216f3
N005723,34c274f2-0736-466e-905c-b94118db664f
N005724,35b1f9e1-052f-4a94-8578-9ff64d17fdf9
N005725,58a9a71d-8f5d-4d41-821d-1c3e15889dfc
N005726,8d0f6a9e-6d66-4ac1-a6ec-26b067222d61
N005727,0ff41d3f-374f-4565-b1a3-4e490337484f
N005728,f3b058cc-f8d3-4e02-ac69-65d7948173d7
N005729,a13c9aa1-2119-48c2-abd7-b0ca9378d383
N005730,f3b058cc-f8d3-4e02-ac69-65d7948173d7
N005731,8bb1200a-8ebc-41c6-b0a8-8b5ec9f72ba9
N005732,5e383e63-a209-4bf7-9ddf-154ae49afad0
N005733,9d5e174f-f4cf-4a56-8e48-44026ba420f6
N005734,59132b16-874f-443f-848f-0dc3fbf62d67
N005735,bdc05e6d-6a5f-43a3-8cd4-b25e54dc8c53
N005736,9d5e174f-f4cf-4a56-8e48-44026ba420f6
N005737,a86ee46d-bb15-4db8-9326-48ee6caf464d
N005738,1999e697-9ba1-4587-9136-80f4c68a9623
N005739,c8400076-1230-455e-91b7-42cafa446f78
N005740,984a148a-f691-4bc7-af2a-2918c9463982
N005741,bf3df845-e26d-4584-b26d-b52afe2b08cb
N005742,bf3df845-e26d-4584-b26d-b52afe2b08cb
N005743,58a9a71d-8f5d-4d41-821d-1c3e15889dfc
N005744,8e7d56ef-ec97-4898-8a6f-ff4764fc1224
N005745,8e7d56ef-ec97-4898-8a6f-ff4764fc1224
N005746,8e7d56ef-ec97-4898-8a6f-ff4764fc1224
N005747,b457ce04-d696-46b2-b414-5110434f3a9f
N005748,f4c3c2c5-398b-4a72-9999-555b841b0fc0
N005749,2e00ab34-d73f-4fab-8921-dd27410095a1
N005750,57458871-198c-4335-87a2-98ba4458700b
N005751,d12a87a3-3992-41dd-86f3-7dadc115c211
N005752,a74c8b2d-0203-4166-9d06-67929080cc7a
N005753,a1378883-cb14-43fc-a051-f6043fa07ede
N005754,53dc732a-b086-4ad5-bbbe-d5f97814f50a
N005755,6ec0bff3-ec3a-4daa-b56e-296476603505
N005756,6ec0bff3-ec3a-4daa-b56e-296476603505
N005757,6ec0bff3-ec3a-4daa-b56e-296476603505
N005758,6ec0bff3-ec3a-4daa-b56e-296476603505
N005759,6ec0bff3-ec3a-4daa-b56e-296476603505
N005760,6ec0bff3-ec3a-4daa-b56e-296476603505
N005761,d72916f4-6c63-4393-87b2-03c39adef01d
N005762,6ec0bff3-ec3a-4daa-b56e-296476603505
N005763,2ee478b4-3791-44ea-8f35-ed560dba6fc6
N005764,2ee478b4-3791-44ea-8f35-ed560dba6fc6
N005765,27bd87b4-fb21-4577-82df-1b117487e8e8
N005766,d83d77b7-c080-4015-93fd-477434a81266
N005767,ce0b4d59-14f7-4335-ab29-7316d8c0115b
N005768,ce0b4d59-14f7-4335-ab29-7316d8c0115b
N005769,fa790b23-b39e-45b6-af03-af3405d8bf73
N005770,2d577e4d-fa32-4958-8e68-ff727ccbb9f1
N005771,6ae4f48d-447d-4a5b-934b-38419af1c0f7
N005772,2d577e4d-fa32-4958-8e68-ff727ccbb9f1
N005773,2d577e4d-fa32-4958-8e68-ff727ccbb9f1
N005774,2d577e4d-fa32-4958-8e68-ff727ccbb9f1
N005775,2d577e4d-fa32-4958-8e68-ff727ccbb9f1
N005776,efe65e93-ba0c-4b67-b731-0f879b67c66a
N005777,b178c9c2-9d7b-4df0-824d-5ad87e645e01
N005778,1509bcc1-5075-4767-a55f-e915fbdd885f
N005779,b178c9c2-9d7b-4df0-824d-5ad87e645e01
N005780,b178c9c2-9d7b-4df0-824d-5ad87e645e01
N005781,b178c9c2-9d7b-4df0-824d-5ad87e645e01
N005782,2e73dbeb-d082-4c86-9c06-a4ec03d8c367
N005783,bf3564ac-4d57-449f-93dd-f22d97f37e85
N005784,58a9a71d-8f5d-4d41-821d-1c3e15889dfc
N005785,488bba90-eea0-4cc1-96ec-b2f3f636f895
N005786,488bba90-eea0-4cc1-96ec-b2f3f636f895
N005787,488bba90-eea0-4cc1-96ec-b2f3f636f895
N005788,23150247-b570-44ad-b41e-b091e3228e9e
N005789,8a7a2d53-924a-458c-8545-6160c5c553a7
N005790,fa1bfa52-a9ed-4f75-8b81-c94300a81caf
N005791,488bba90-eea0-4cc1-96ec-b2f3f636f895
N005792,6e4dfc76-3309-4447-a7fe-c201b0c7b21d
N005793,d20ddb42-0328-4c4e-b43a-01c72953d220
N005794,6e4dfc76-3309-4447-a7fe-c201b0c7b21d
N005795,d20ddb42-0328-4c4e-b43a-01c72953d220
N005796,6e4dfc76-3309-4447-a7fe-c201b0c7b21d
N005797,6e4dfc76-3309-4447-a7fe-c201b0c7b21d
N005798,6e4dfc76-3309-4447-a7fe-c201b0c7b21d
N005799,1886c25d-ee16-44ce-8eb4-8a3bb37f395f
N005800,1886c25d-ee16-44ce-8eb4-8a3bb37f395f
N005801,95da9a88-30c3-4cfd-8317-12ab499ef4de
N005802,8df29614-0a2a-4a34-9993-33aab37b4b28
N005803,81e0353e-70ab-4102-be3e-6150f1a1ce55
N005804,86a45681-97b5-4ba0-b0a6-523a73b2d1b4
N005805,58a9a71d-8f5d-4d41-821d-1c3e15889dfc
N005806,d20d8c21-775f-4060-a00e-953497eccdf1
N005807,992b149a-e88d-44be-8ed3-4d8feb290501
N005808,837c3744-472d-4fac-b727-e7569e755fe8
N005809,f9d6b242-2f39-4d0a-8fcb-383a8a0cb567
N005810,da574161-d01e-4656-bc91-c47933c388f0
N005811,da574161-d01e-4656-bc91-c47933c388f0
N005812,da574161-d01e-4656-bc91-c47933c388f0
N005813,9f1d1c51-38a2-475e-932f-27f5a8884007
N005814,c1c6e66d-83e1-4d30-a641-e6f998981bda
N005815,9f1d1c51-38a2-475e-932f-27f5a8884007
N005816,7deff82b-2795-4d95-8dde-01d7930aa97f
N005817,33b4e3e6-bbeb-422b-bbd0-e0ee0df9497f
N005818,33b4e3e6-bbeb-422b-bbd0-e0ee0df9497f
N005819,f83a9f75-f2bd-4c58-8b49-5034e6f37791
N005820,1baa1afb-a8f3-4211-bc78-8b42746ab531
N005821,2c4daefb-9106-4b22-b0a1-20c49d8c19e9
N005822,7425e716-ab26-4406-9c80-34a7e203d374
N005823,bac84d17-4863-4117-a572-85c136f25988
N005824,3c03459e-64dc-43e3-822b-47a6950da528
N005825,3c03459e-64dc-43e3-822b-47a6950da528
N005826,3c03459e-64dc-43e3-822b-47a6950da528
N005827,f675f04c-04b1-441b-bd78-5e366d06a9c6
N005828,ed07c006-86b1-4077-950e-57c9e63e138a
N005829,f675f04c-04b1-441b-bd78-5e366d06a9c6
N005830,76b6f2ec-2b27-4120-9685-2070b222bb34
N005831,76b6f2ec-2b27-4120-9685-2070b222bb34
N005832,4cb7cb5c-00cd-4abf-944b-d6ee721fd1f8
N005833,41d64170-198a-4a38-9d95-9adb096084a1
N005834,8514506c-c22a-4fcd-b2d7-1b6486cfb205
N005835,8b945e42-61ff-400c-97d8-e91f4b673844
N005836,8eb22742-2391-4cbf-84f3-40c0a0f421ba
N005837,ddc897e0-1ea0-4371-a17e-5e1054291c59
N005838,c1e212c7-1358-4ed7-a8ce-1807b71a64d5
N005839,c1e212c7-1358-4ed7-a8ce-1807b71a64d5
N005840,c1e212c7-1358-4ed7-a8ce-1807b71a64d5
N005841,ad330982-8bad-4f3c-a062-7aa5db057f56
N005842,529bfdaa-d9b0-480b-bd71-e2c4a3aa1cd9
N005843,5527cca0-3531-4154-9c6f-dda593f89268
N005844,478750b0-324d-4386-9244-43e62652b105
N005845,8e081ce3-089f-493a-9b08-74c86956948e
N005846,d5091006-157c-4506-b868-db67780b671f
N005847,600144e6-6e2d-4ec4-93c9-b9df20e61eac
N005848,7f734730-05f3-47a8-bf8e-c203857c4c7e
N005849,4b2d4dad-468b-4a7b-bf33-016b096df834
N005850,5098970b-3167-4fa0-ac5d-313590fc0f42
N005851,346bc368-fc07-40e9-93e0-f76ab126f089
N005852,a3701c45-1422-4d7e-bedc-c2077324cdc6
N005853,37db15d3-2f9f-4ea2-8e1c-a3066c2e2a32
N005854,3f9b8426-896e-4062-942c-d09dfe76fa51
N005855,0c8e2891-3697-4fb8-9dee-9774fa8c5f4a
N005856,28dbdaf4-4ee3-4776-b021-425731cf2711
N005857,a69e717b-76a2-49bd-b623-f3e1ea89e8ec
N005858,a69e717b-76a2-49bd-b623-f3e1ea89e8ec
N005859,569e8017-f8bc-44d4-8481-34fb673ad96f
N005860,87fdd21b-d44f-4a29-941a-20bb472aa218
N005861,973458ef-06a9-4a9a-b3ea-f3f10e5170f3
N005862,c12ea75f-280b-47e6-b420-b00a48b7e9ac
N005863,4af19f8d-37f0-475e-95f0-9b6e5da20031
N005864,c12ea75f-280b-47e6-b420-b00a48b7e9ac
N005865,02915a63-20a4-490c-827f-0d295cff971d
N005866,56fd6d2a-9419-48c2-85bf-7ac0afceb9af
N005867,f5a19ef1-86f9-4310-8270-b4ce9387bd0a
N005868,bfc793d5-6d68-4653-89c1-1ba5d599acd5
N005869,26042eea-3a3e-44ff-8636-5684f7fe4bb0
N005870,586f325f-d89c-4bd2-a9b8-423ef0a9f6f2
N005871,488c79c6-1fac-43af-b49c-670a9ce4cb3e
N005872,586f325f-d89c-4bd2-a9b8-423ef0a9f6f2
N005873,c0a4bfa8-acd3-4e9e-b872-96e8982776a7
N005874,93e0c800-f6e5-4417-afd4-65c9e2cc13db
N005875,356d0bf0-0248-4629-8ddc-d31cd9047b9e
N005876,0873a813-2088-4ebb-8027-994bb37ed6c6
N005877,1fd7d20c-cfe7-4318-8b37-47c6fc63b53d
N005878,f24064eb-c1b5-4208-9c29-48a833b00234
N005879,7c4ae5ef-1e17-436c-9d0b-995830374268
N005880,067904ab-3507-4420-9de9-3d2d52d3216c
N005881,1c777ffc-5769-4853-9496-2e05967ae4b0
N005882,7e1d7a1d-64bc-4e93-97b5-f379d5e3639c
N005883,8135e564-6470-4f5a-90d3-4622e838e0b2
N005884,d3683f83-e2ef-43cc-848b-0885b12da47c
N005885,d3683f83-e2ef-43cc-848b-0885b12da47c
N005886,c246362b-dd89-4029-9d6b-b05f76a62577
N005887,c246362b-dd89-4029-9d6b-b05f76a62577
N005888,c246362b-dd89-4029-9d6b-b05f76a62577
N005889,38b483fa-ed4d-47f6-a7ee-1fa2a831a270
N005890,c246362b-dd89-4029-9d6b-b05f76a62577
N005891,5156763a-ab2a-446a-885d-171a5ddd8df4
N005892,d9dba284-5e53-4874-9b20-655b05840c68
N005893,5156763a-ab2a-446a-885d-171a5ddd8df4
N005894,d9dba284-5e53-4874-9b20-655b05840c68
N005895,d9dba284-5e53-4874-9b20-655b05840c68
N005896,86044b91-8f1c-466c-91f6-0713d56ca417
N005897,b71bbbf0-5e89-4e4c-823d-c129140d63d8
N005898,b71bbbf0-5e89-4e4c-823d-c129140d63d8
N005899,ecc640ec-944d-4e91-89ea-01abfc102402
N005900,6764f596-4a51-4d0e-aac9-ffc810e9906b
N005901,6764f596-4a51-4d0e-aac9-ffc810e9906b
N005902,6764f596-4a51-4d0e-aac9-ffc810e9906b
N005903,1aa0440d-0d38-415e-be38-dce010d2e64c
N005904,1aa0440d-0d38-415e-be38-dce010d2e64c
N005905,1ed63ef4-95d6-43b3-8b6d-c6764085b019
N005906,1ed63ef4-95d6-43b3-8b6d-c6764085b019
N005907,1886c25d-ee16-44ce-8eb4-8a3bb37f395f
N005908,1886c25d-ee16-44ce-8eb4-8a3bb37f395f
N005909,5a33f9ac-aeff-4559-a57d-9594431b0957
N005910,1886c25d-ee16-44ce-8eb4-8a3bb37f395f
N005911,355ad3d5-67d8-410f-a6b8-74b4533e8296
N005912,84335c62-1d1b-41f8-bca9-016057ac2ec5
N005913,584a1c7b-b9ca-4c01-a48a-7e11c59f618e
N005914,74dc1dc1-4c84-466e-b93c-9f8cfd27cba2
N005915,6b0001db-d523-4497-9077-87ccda18ab76
N005916,6b0001db-d523-4497-9077-87ccda18ab76
N005917,6b0001db-d523-4497-9077-87ccda18ab76
N005918,3c9ef999-1e14-439d-9210-dd2244307bb3
N005919,aad756c6-ddf5-401c-a4a7-44047e793b42
N005920,63149da8-893d-4381-a5d5-28f3bf1c3dce
N005921,80acdd98-8e88-4e8c-af09-47f35abef27a
N005922,8025918c-f932-4563-8098-d9a92d564352
N005923,8025918c-f932-4563-8098-d9a92d564352
N005924,8025918c-f932-4563-8098-d9a92d564352
N005925,8025918c-f932-4563-8098-d9a92d564352
N005926,8025918c-f932-4563-8098-d9a92d564352
N005927,f1069726-7004-42a0-831e-63a374c7d68a
N005928,5ce455c2-10d8-46d2-9d73-0e04991ccf33
N005929,0cf3ed23-41ae-4b4b-bbbf-bad793ac555f
N005930,0cf3ed23-41ae-4b4b-bbbf-bad793ac555f
N005931,0cf3ed23-41ae-4b4b-bbbf-bad793ac555f
N005932,7bf468e1-25bf-4260-84fc-1cd11c7229a0
N005933,1b9d2437-2dd0-4042-b58c-f91da04602f1
N005934,9f6d208d-2442-44f1-9bcd-a9e338fe2cbf
N005935,7e03d33c-6e40-4b08-8af9-8025c714a99a
N005936,7e03d33c-6e40-4b08-8af9-8025c714a99a
N005937,4b59cb7f-fba2-4b23-9a05-bf8977297242
N005938,4b59cb7f-fba2-4b23-9a05-bf8977297242
N005939,74dfea8f-79b6-4ca4-9353-6c3676f06a7e
N005940,4b59cb7f-fba2-4b23-9a05-bf8977297242
N005941,5630bfb4-0e8d-4a36-bb74-e733de5e15cb
N005942,4b59cb7f-fba2-4b23-9a05-bf8977297242
N005943,2282ae0a-03a6-4c8d-8a8a-15a0719998dc
N005944,e6886d67-d78c-4828-96b3-c6bc36036891
N005945,483035eb-791e-4b1e-bec1-f8614d7795d9
N005946,c01e98b6-d373-4b8f-b98d-63d728f4617a
N005947,38783a96-f42d-4ae1-b96f-bc42501b977a
N005948,47e0be46-3894-4219-b42b-6e1f1882423f
N005949,47e0be46-3894-4219-b42b-6e1f1882423f
N005950,47e0be46-3894-4219-b42b-6e1f1882423f
N005951,38c873bd-a00e-4be6-8d32-7c5af60c18bd
N005952,92a96cb2-e493-4e92-b427-7448fd149eae
N005953,b3fd2c08-747e-45fe-9700-236e5768f69a
N005954,b3fd2c08-747e-45fe-9700-236e5768f69a
N005955,b3fd2c08-747e-45fe-9700-236e5768f69a
N005956,c139bf45-e500-4ea2-b06c-a5a20ba7b2d4
N005957,3039dfa0-ea98-4501-b371-4fbcc347512d
N005958,3039dfa0-ea98-4501-b371-4fbcc347512d
N005959,3039dfa0-ea98-4501-b371-4fbcc347512d
N005960,f585a61d-9ed4-41c5-a008-8afb175f3029
N005961,3039dfa0-ea98-4501-b371-4fbcc347512d
N005962,8a6317a5-a185-41dd-9c9a-6583e4509f6c
N005963,3f32bb4d-2790-48a4-956b-d23e394c55e7
N005964,fe0eb258-8c99-4989-b5ed-1fbff38d75c0
N005965,fe0eb258-8c99-4989-b5ed-1fbff38d75c0
N005966,fe0eb258-8c99-4989-b5ed-1fbff38d75c0
N005967,fe0eb258-8c99-4989-b5ed-1fbff38d75c0
N005968,fe0eb258-8c99-4989-b5ed-1fbff38d75c0
N005969,c10dc590-6c19-4039-9d4b-bb4c782d196b
N005970,d19b9978-16f5-4269-97bb-a10aff6d3c13
N005971,1b0ac092-f739-46bd-a16e-42fc529a93a1
N005972,5f62a711-d7f4-4885-b048-b44a40c0a055
N005973,d6bccb8e-5b68-4c94-a516-2c8a7964dac2
N005974,354207d0-2e79-4314-9d4c-6c1df707edaa
N005975,354207d0-2e79-4314-9d4c-6c1df707edaa
N005976,fbb47709-b2d7-4d25-9d70-b40114ec67bd
N005977,728e4e56-e642-4afc-85d0-fcd98204ad55
N005978,b476e023-efde-41e1-8005-e4b5fbdd79a2
N005979,c12ea75f-280b-47e6-b420-b00a48b7e9ac
N005980,896269a1-1b06-4c01-b94c-c3eb256bd0e4
N005981,896269a1-1b06-4c01-b94c-c3eb256bd0e4
N005982,dba0f0e5-b143-4216-9b49-29fce4ce6577
N005983,d6a49b09-8b2c-4979-8b1d-dcb7ac2085b6
N005984,dba0f0e5-b143-4216-9b49-29fce4ce6577
N005985,da895c3c-e3d8-43f7-aef6-1e47b281f70f
N005986,5f73501c-0f9e-40fe-b12c-05cc11939756
N005987,d77c339e-9559-48ad-b098-f4241180e1fa
N005988,d77c339e-9559-48ad-b098-f4241180e1fa
N005989,5f73501c-0f9e-40fe-b12c-05cc11939756
N005990,d77c339e-9559-48ad-b098-f4241180e1fa
N005991,d77c339e-9559-48ad-b098-f4241180e1fa
N005992,31166af5-4758-421f-95e1-31b57a853f9d
N005993,664f5e78-48c8-4d57-b3f1-8a5586ecd872
N005994,461e7074-62dc-426a-b196-ef420cef1468
N005995,7dafa89f-7e2a-4b84-802e-c067491534ae
N005996,2597396c-8149-4a0b-a015-d9371ed3bc3a
N005997,6068bbb7-285c-4ba1-b723-18a2a0919949
N005998,d12a87a3-3992-41dd-86f3-7dadc115c211
N005999,ac53aab4-b5a6-4eab-b574-d37fc6c99266
N006000,9d7c8c61-917e-4594-bf29-eea446d1d911
N006001,366dafb5-dfb8-4607-bac7-3ab3ffdfcd5a
N006002,735f15ba-068f-418f-a7fb-3e9dafd4772f
N006003,334e00b6-34d6-4767-a26a-2870c872f951
N006004,fa402aa9-471b-4d10-b928-eb32ce10e4f5
N006005,1e46402b-9554-4664-8efe-fd37ff434188
N006006,1e46402b-9554-4664-8efe-fd37ff434188
N006007,1e46402b-9554-4664-8efe-fd37ff434188
N006008,95b00542-08ce-4d47-b9ac-b8dfde20993c
N006009,ecea58fa-cc5d-491f-8b34-f57e8d6e952c
N006010,6ebeb406-0bc2-4ec2-8921-cb33b6461598
N006011,6ebeb406-0bc2-4ec2-8921-cb33b6461598
N006012,aa04f9ed-3f5a-4750-8dcd-c77132999b3b
N006013,6ebeb406-0bc2-4ec2-8921-cb33b6461598
N006014,02d2b09a-6163-4bdf-b386-889b1287fa0c
N006015,6ebeb406-0bc2-4ec2-8921-cb33b6461598
N006016,6ebeb406-0bc2-4ec2-8921-cb33b6461598
N006017,6ebeb406-0bc2-4ec2-8921-cb33b6461598
N006018,6ebeb406-0bc2-4ec2-8921-cb33b6461598
N006019,50ba46a1-7c6f-4b3e-b336-021235f5769b
N006020,1af2d5d7-34d0-45ac-b3c3-3c184d880623
N006021,50ba46a1-7c6f-4b3e-b336-021235f5769b
N006022,decff063-8b3c-4433-9856-b31256ee35da
N006023,b1276dd7-2268-4bc5-9aa0-888346cc024e
N006024,b1276dd7-2268-4bc5-9aa0-888346cc024e
N006025,b1276dd7-2268-4bc5-9aa0-888346cc024e
N006026,ee931a8c-d9e9-4b86-a1d6-d6227b6bff35
N006027,67724bdd-93c4-428b-8a67-9d02ba4fa233
N006028,241568f5-63cb-4887-9daa-a5db2e7210a5
N006029,241568f5-63cb-4887-9daa-a5db2e7210a5
N006030,87250785-345b-45a3-aaa9-9689441b1a0f
N006031,722aad8f-b768-48f4-9355-4ad8c6a35778
N006032,27987c8c-4d11-4115-9832-4cb7bc008bb6
N006033,27987c8c-4d11-4115-9832-4cb7bc008bb6
N006034,785808d9-1266-48c9-adbe-ace8b1dd49df
N006035,fbd1c100-8aec-4f79-b4a9-e170a66e4af2
N006036,df1c550f-67d5-425f-9cb8-bf768677933a
N006037,df1c550f-67d5-425f-9cb8-bf768677933a
N006038,3dfe9f78-e48a-4ab7-87a5-47a407a4c434
N006039,2a612f7b-1b68-4552-bdf6-19d219885c97
N006040,782fa7b7-ac4d-48cb-9e1c-dcc0423b4215
N006041,8485d809-a206-4758-af7b-3b71c2993881
N006042,97f7e658-122f-448c-aba5-983d26d7a60d
N006043,284142c3-b1d6-4cb6-93fc-c988273fdb49
N006044,a6343eeb-a511-47e9-8ef5-789786ba333c
N006045,b5159117-203b-4d7b-acb5-7f2e80ff01c0
N006046,00724a4d-d408-4afe-8a19-04ebfde346d4
N006047,9d5e174f-f4cf-4a56-8e48-44026ba420f6
N006048,a6343eeb-a511-47e9-8ef5-789786ba333c
N006049,236f2474-2830-460f-bf63-e0714cb3c54b
N006050,9e908a11-7890-40e8-9872-6ad480ce6d3c
N006051,8f7c1483-57d0-4ab7-b1b3-029cb1470e1d
N006052,e660f0f6-88b2-4e1a-a12f-a89ff0f1e3b8
N006053,a4c4f54e-784c-4805-a046-d7affedf80de
N006054,e660f0f6-88b2-4e1a-a12f-a89ff0f1e3b8
N006055,8cfe4a5b-bb8f-4206-880b-4c3e265cd907
N006056,a8e49e1f-a320-43e0-bf7c-835396420274
N006057,a8e49e1f-a320-43e0-bf7c-835396420274
N006058,a8e49e1f-a320-43e0-bf7c-835396420274
N006059,a8e49e1f-a320-43e0-bf7c-835396420274
N006060,a8e49e1f-a320-43e0-bf7c-835396420274
N006061,a8e49e1f-a320-43e0-bf7c-835396420274
N006062,b87ced87-3831-4bd1-9d39-2aef4b57abc1
N006063,b87ced87-3831-4bd1-9d39-2aef4b57abc1
N006064,88958080-0e4a-49c0-9801-8653354099d1
N006065,88958080-0e4a-49c0-9801-8653354099d1
N006066,88958080-0e4a-49c0-9801-8653354099d1
N006067,013526e6-bb77-4e27-85aa-3831a7e0e1c4
N006068,e7f73299-2888-4ff6-94c1-67d189c82f5f
N006069,013526e6-bb77-4e27-85aa-3831a7e0e1c4
N006070,0831414c-588b-492b-9b99-dfd532be50c1
N006071,0831414c-588b-492b-9b99-dfd532be50c1
N006072,ba11c7e2-61bb-442f-8d80-13dec1fb7851
N006073,82e6371e-fbe9-4616-bd4f-9ba82bbeeb3c
N006074,6272175a-1897-4926-aad3-4b72746e311e
N006075,69ad1d00-e863-4e86-ba96-c536d6442514
N006076,37e2f214-a572-4210-a09d-99592e188b41
N006077,37e2f214-a572-4210-a09d-99592e188b41
N006078,37e2f214-a572-4210-a09d-99592e188b41
N006079,f60fafe2-77e4-40a7-977b-60569a241f0d
N006080,957669a0-e34d-446c-a2cc-c0101d9833f6
N006081,e91360ae-d6a9-4c50-97fe-e9a28ab88290
N006082,e91360ae-d6a9-4c50-97fe-e9a28ab88290
N006083,e91360ae-d6a9-4c50-97fe-e9a28ab88290
N006084,38cb67af-632b-4ad0-b231-1086231d9e7b
N006085,38cb67af-632b-4ad0-b231-1086231d9e7b
N006086,43d701e1-3c2f-4838-bba5-15ebb58f2660
N006087,43d701e1-3c2f-4838-bba5-15ebb58f2660
N006088,43d701e1-3c2f-4838-bba5-15ebb58f2660
N006089,76b8a8ce-c0e8-4a51-9d14-5e1159829c37
N006090,76b8a8ce-c0e8-4a51-9d14-5e1159829c37
N006091,7fb5f3c4-80e8-41da-b988-8fdc0748ad80
N006092,fe685928-42f8-4443-8cf4-85d568b8a8f7
N006093,d3ba2f27-a073-4f51-be90-e7769326011d
N006094,fe685928-42f8-4443-8cf4-85d568b8a8f7
N006095,d3ba2f27-a073-4f51-be90-e7769326011d
N006096,d3ba2f27-a073-4f51-be90-e7769326011d
N006097,d3ba2f27-a073-4f51-be90-e7769326011d
N006098,1dfb4195-be75-490a-b4db-6fa53446420f
N006099,ddbb3d86-a96c-405f-9077-7ea4560a9ca5
N006100,d3b0dc29-edce-496e-9a54-5ebcc1bca013
N006101,3e9dcfee-1e59-4ba6-9cb1-38e2f46b3713
N006102,3e9dcfee-1e59-4ba6-9cb1-38e2f46b3713
N006103,3e9dcfee-1e59-4ba6-9cb1-38e2f46b3713
N006104,bc1b72b3-a930-41dc-a2a3-7bcfd153285e
N006105,3e9dcfee-1e59-4ba6-9cb1-38e2f46b3713
N006106,3e9dcfee-1e59-4ba6-9cb1-38e2f46b3713
N006107,3e9dcfee-1e59-4ba6-9cb1-38e2f46b3713
N006108,bc1b72b3-a930-41dc-a2a3-7bcfd153285e
N006109,3e9dcfee-1e59-4ba6-9cb1-38e2f46b3713
N006110,34942b01-8240-44a8-b7c8-57672583df78
N006111,6a8e545f-8dba-4150-a50c-6b1fb02c48e0
N006112,7477ac93-0b32-4ee9-8134-146460b517a9
N006113,ddbdad13-0b49-468e-b2b4-07545415cb54
N006114,26452015-68b2-4a6b-ac16-731031f89ac8
N006115,d0c44153-1596-4bf9-806a-7e9aa0fac2de
N006116,d0c44153-1596-4bf9-806a-7e9aa0fac2de
N006117,26452015-68b2-4a6b-ac16-731031f89ac8
N006118,26452015-68b2-4a6b-ac16-731031f89ac8
N006119,26452015-68b2-4a6b-ac16-731031f89ac8
N006120,26452015-68b2-4a6b-ac16-731031f89ac8
N006121,26452015-68b2-4a6b-ac16-731031f89ac8
N006122,c9417af0-2539-4eca-a5b7-3030c31b72ff
N006123,fc0030f8-dd8a-4f4d-b58e-a7958f458ee1
N006124,fc0030f8-dd8a-4f4d-b58e-a7958f458ee1
N006125,fc0030f8-dd8a-4f4d-b58e-a7958f458ee1
N006126,fc0030f8-dd8a-4f4d-b58e-a7958f458ee1
N006127,fc0030f8-dd8a-4f4d-b58e-a7958f458ee1
N006128,858be1d0-002b-4661-864b-750dd70294bd
N006129,11a2251a-df38-42e5-958c-e5e4b7c21cbc
N006130,d16e437a-f25f-4490-8213-1628559707e9
N006131,d16e437a-f25f-4490-8213-1628559707e9
N006132,caf74252-5360-4448-81d7-484bab9cc8e7
N006133,44ddd4b4-37d8-4a8b-a0c1-6b71d15291d8
N006134,7089f657-5cb1-4a46-a784-f7ba36cb15a9
N006135,3e0fc4bc-3908-40eb-bcd0-7242401ce7ea
N006136,ae87edbd-0e6b-423b-a9ca-b6167d51eba8
N006137,77b241c2-dc10-459f-b379-e8ae76ccee71
N006138,8d1ad24e-7b54-4d15-a66d-8cc5eb333ecb
N006139,947bf471-1a4f-41e7-a975-d5c6298c1785
N006140,cc1a92cb-4635-49bf-9d4b-7a0dbb53f0a7
N006141,cc1a92cb-4635-49bf-9d4b-7a0dbb53f0a7
N006142,cc1a92cb-4635-49bf-9d4b-7a0dbb53f0a7
N006143,19fabbb6-4176-4a11-aadc-6f117cb7c16d
N006144,cc1a92cb-4635-49bf-9d4b-7a0dbb53f0a7
N006145,7c973032-438b-45f7-9991-841ba1886794
N006146,b08f3590-923b-41dc-a1ee-1f8822ccfe31
N006147,0e48c305-06a8-4c12-8d2b-d1af5d629c51
N006148,0e48c305-06a8-4c12-8d2b-d1af5d629c51
N006149,128bb77d-969f-451c-83d6-180d9baf1d9e
N006150,3f0065be-b6b8-444f-b042-bde21dc1258b
N006151,3f0065be-b6b8-444f-b042-bde21dc1258b
N006152,3f0065be-b6b8-444f-b042-bde21dc1258b
N006153,3f0065be-b6b8-444f-b042-bde21dc1258b
N006154,f1f17d2d-826c-4901-8935-038b96a6d0e7
N006155,e826e2f0-2435-4446-9230-e047ffcc076f
N006156,3f0065be-b6b8-444f-b042-bde21dc1258b
N006157,f1f17d2d-826c-4901-8935-038b96a6d0e7
N006158,3f0065be-b6b8-444f-b042-bde21dc1258b
N006159,8bbd7c4b-0e6f-4b55-bef4-cc26ab497b80
N006160,b62ce182-aa1e-4471-81ce-28a0e453121e
N006161,6b26714a-f771-4687-b7c3-7a437d315c29
N006162,6b26714a-f771-4687-b7c3-7a437d315c29
N006163,1bfd481f-8383-449f-86f2-f5a902979f46
N006164,7a6834f2-3e2f-4f03-8364-e2a742296a2a
N006165,506da00f-a55c-4a41-a3b9-d4a7265096f7
N006166,e262ebb4-c835-4e8e-b62d-827ceabf3e8e
N006167,9553b289-779e-4ac6-9b8d-5c1abd839e35
N006168,00c0fe9c-dd17-4296-9723-46cea610c1d9
N006169,60fcae02-a8a7-435e-8be0-a305e152594a
N006170,5b2c7b8d-70b3-48cc-8aa9-6dc18503c0dd
N006171,60fcae02-a8a7-435e-8be0-a305e152594a
N006172,10d389d3-f4cf-46a7-961e-47d78a0d0d2c
N006173,60fcae02-a8a7-435e-8be0-a305e152594a
N006174,6d60c45a-2713-41a1-ba1a-21f78e46bb4b
N006175,243b3438-c190-4e04-8810-1ae4d60256e6
N006176,58a9a71d-8f5d-4d41-821d-1c3e15889dfc
N006177,70bdf91c-b3c0-4d4f-b90b-91b309264cb4
N006178,58a9a71d-8f5d-4d41-821d-1c3e15889dfc
N006179,58a9a71d-8f5d-4d41-821d-1c3e15889dfc
N006180,70bdf91c-b3c0-4d4f-b90b-91b309264cb4
N006181,ca9b0344-7e50-482d-b65a-890e710ecf0d
N006182,70bdf91c-b3c0-4d4f-b90b-91b309264cb4
N006183,3104fe4b-6250-493c-9fbd-5e5fd3b8e143
N006184,dc0c2161-a592-47aa-9da0-c2b61836b879
N006185,dc0c2161-a592-47aa-9da0-c2b61836b879
N006186,dc0c2161-a592-47aa-9da0-c2b61836b879
N006187,dc0c2161-a592-47aa-9da0-c2b61836b879
N006188,215b05cf-9271-4fda-a6ae-41949bea41c3
N006189,215b05cf-9271-4fda-a6ae-41949bea41c3
N006190,0ef7566c-2d12-4c2b-90a4-ea486ce3a1f9
N006191,0ef7566c-2d12-4c2b-90a4-ea486ce3a1f9
N006192,60900835-d2cf-4684-8c9e-a8e3c1c33745
N006193,9bf718f1-46f8-4912-8cae-5afab70a8fa4
N006194,d12a87a3-3992-41dd-86f3-7dadc115c211
N006195,668a98ae-75e2-441e-89ca-a49e8c821f11
N006196,578d5855-bcdf-430e-8d93-c366f34ae329
N006197,578d5855-bcdf-430e-8d93-c366f34ae329
N006198,bf07e3c9-b445-4f0a-8ef2-23fc2119d2b4
N006199,67a9a1bb-f414-4735-9c0a-e511f05fd678
N006200,638309b7-e3fe-41c3-a108-99486e6b71cc
N006201,ef7e3917-9ab2-4c68-b35b-34c92c230a6f
N006202,8a18f53f-8aa7-494b-8d0a-5ede3cda3134
N006203,67d489ac-d1ef-4547-8d27-7436589ceff1
N006204,90fb26bc-1396-431f-a3e2-384fa8c82303
N006205,9d2facdd-a315-48a1-b4aa-72613f5b20d5
N006206,b94700fa-e835-45f6-8ed3-1f2744875c67
N006207,231d1081-f9bd-43a4-891b-113de521e495
N006208,2f9c66b5-f644-4539-9b58-e8567ede7fe4
N006209,0fb9c688-d8f1-496a-965f-f8d2aa0ae1d3
N006210,b9e037d8-4eac-43d0-a3a1-9ee23527e402
N006211,5630bfb4-0e8d-4a36-bb74-e733de5e15cb
N006212,456ffee9-e38f-4518-8acf-ecd5baf0a38e
N006213,52ab4c3e-5e65-40d6-a265-da5ceedff595
N006214,52ab4c3e-5e65-40d6-a265-da5ceedff595
N006215,581ca128-db2f-46ef-8a73-fe23ba40819c
N006216,3384aa1a-5945-4bf3-9e5e-6d0ead1148a6
N006217,581ca128-db2f-46ef-8a73-fe23ba40819c
N006218,581ca128-db2f-46ef-8a73-fe23ba40819c
N006219,581ca128-db2f-46ef-8a73-fe23ba40819c
N006220,42c0ab4d-5801-4afc-b224-826e5809afc3
N006221,401e1c89-580b-4fa3-9ecc-9ec341dc8c76
N006222,5bab4e08-4223-483c-8d0b-3e2fa8daa663
N006223,5bab4e08-4223-483c-8d0b-3e2fa8daa663
N006224,8a91b519-b24c-4f45-b910-db70ca8db411
N006225,f4ddbcac-5a5d-4f0f-96cb-f79624b26151
N006226,8a91b519-b24c-4f45-b910-db70ca8db411
N006227,143dc44e-60fe-4163-8ce0-21b8cc35dcbb
N006228,8a91b519-b24c-4f45-b910-db70ca8db411
N006229,6ef747fc-d26f-41cb-8744-40a013728f42
N006230,6d8b10bf-626f-466b-8162-372cea5dfece
N006231,51e43bd0-2555-4dde-a635-bdcd74d0fda4
N006232,1bf9d75f-8138-47dc-90c7-211ad7a51eab
N006233,4e32e783-0f6e-47a8-9025-17bbfd687b45
N006234,0cf1cf12-ceb1-4ea5-aba7-92e39c7cdfff
N006235,0cf1cf12-ceb1-4ea5-aba7-92e39c7cdfff
N006236,0cf1cf12-ceb1-4ea5-aba7-92e39c7cdfff
N006237,9fe6f4e3-bbbb-4d95-a97c-1ccf0fcf42d4
N006238,34a93c0a-d671-4a09-b54b-0eecc596294f
N006239,8e816b60-0621-4e12-bd1a-8224a0a267e1
N006240,58a9a71d-8f5d-4d41-821d-1c3e15889dfc
N006241,83e5bbfe-b0d7-4387-8f04-0916e3b92f3d
N006242,3925d876-9a2a-498e-8ca1-05814f650ce0
N006243,e7112948-b8de-46d3-be27-044c5358a3dc
N006244,f7d434c5-f5ea-4f86-b619-480da609d596
N006245,b557adb5-43a3-4b2c-b85f-dd106c69746a
N006246,b557adb5-43a3-4b2c-b85f-dd106c69746a
N006247,b557adb5-43a3-4b2c-b85f-dd106c69746a
N006248,3176aade-d6d0-4474-b796-e4596f42cda4
N006249,d2e51849-adcf-41bc-87b3-c2f395027517
N006250,146a8b47-a20a-4eef-88a6-6b0fca0736ae
N006251,ba254420-2684-4c7c-997d-c09b74ac3a77
N006252,906ddd68-aac8-44d4-9b56-3d8ffb9046c0
N006253,906ddd68-aac8-44d4-9b56-3d8ffb9046c0
N006254,58a9a71d-8f5d-4d41-821d-1c3e15889dfc
N006255,6f2e1835-4025-4168-a3e6-3c0a0d9daa6c
N006256,eee08cb6-7c50-48ab-ae0b-76e6e269abca
N006257,beb52c6b-268e-49e4-8e47-2cf31081e39c
N006258,beb52c6b-268e-49e4-8e47-2cf31081e39c
N006259,beb52c6b-268e-49e4-8e47-2cf31081e39c
N006260,beb52c6b-268e-49e4-8e47-2cf31081e39c
N006261,4beacc1b-476f-49e3-9174-6c60d5826ff3
N006262,533a7d3a-4ac3-4f0f-b72f-6a8460f51f2a
N006263,0e5db204-2787-4d9c-aec6-5de5cd4700e5
N006264,e914e8a3-c424-4a9f-ae47-2f64a2a13e38
N006265,f63908cd-289a-49ca-ad59-747941d9539a
N006266,f63908cd-289a-49ca-ad59-747941d9539a
N006267,c54cfc58-c54e-4dc9-9f5c-4f61006e22aa
N006268,c54cfc58-c54e-4dc9-9f5c-4f61006e22aa
N006269,df6a2a7e-c82a-4da9-a0ce-481ee6cbe29f
N006270,8eb9d6cf-fafa-4fe4-909b-4e80552c37f8
N006271,8eb9d6cf-fafa-4fe4-909b-4e80552c37f8
N006272,204922b7-305f-4f65-8d47-46a15867fdde
N006273,204922b7-305f-4f65-8d47-46a15867fdde
N006274,720ea8b0-629b-4629-831b-0f0a3ff54b1b
N006275,c5325a18-9b19-4484-89a6-3d978b83431c
N006276,d12a87a3-3992-41dd-86f3-7dadc115c211
N006277,c5325a18-9b19-4484-89a6-3d978b83431c
N006278,c5325a18-9b19-4484-89a6-3d978b83431c
N006279,c5325a18-9b19-4484-89a6-3d978b83431c
N006280,4a91a490-a5f1-471c-9b67-8706603a6118
N006281,474daa23-98db-4742-b833-e15c0fde9267
N006282,face6669-0675-46f1-9886-7f787a6f578b
N006283,face6669-0675-46f1-9886-7f787a6f578b
N006284,face6669-0675-46f1-9886-7f787a6f578b
N006285,face6669-0675-46f1-9886-7f787a6f578b
N006286,face6669-0675-46f1-9886-7f787a6f578b
N006287,face6669-0675-46f1-9886-7f787a6f578b
N006288,a3f03df3-669f-4b20-8c30-ffef8b523902
N006289,e4745244-0409-4186-8694-be050b3a3541
N006290,e4745244-0409-4186-8694-be050b3a3541
N006291,e4745244-0409-4186-8694-be050b3a3541
N006292,a3f03df3-669f-4b20-8c30-ffef8b523902
N006293,9e59da93-ba9d-4d9c-8bf3-4d0946e452b0
N006294,4c98c65c-d4a4-4370-b36c-a328dfdb012d
N006295,4c98c65c-d4a4-4370-b36c-a328dfdb012d
N006296,4c98c65c-d4a4-4370-b36c-a328dfdb012d
N006297,00201e1c-6d5d-4ee0-85e7-072ccd31b982
N006298,3912f743-17a8-4203-989d-9081936d0935
N006299,3912f743-17a8-4203-989d-9081936d0935
N006300,3912f743-17a8-4203-989d-9081936d0935
N006301,52d870fc-a275-4a58-a7d3-390c192c3642
N006302,689d0fce-65f2-455d-9c76-711241ed1619
N006303,710c6e7c-8861-48eb-ae95-4cc9f3829174
N006304,40eb8819-cc7f-4dca-895e-02b434331023
N006305,710c6e7c-8861-48eb-ae95-4cc9f3829174
N006306,08bbb0ea-2831-4e62-b4ee-fac570e07b28
N006307,710c6e7c-8861-48eb-ae95-4cc9f3829174
N006308,710c6e7c-8861-48eb-ae95-4cc9f3829174
N006309,9ff88b15-58a8-4f4e-b0e6-43b8e378a7f0
N006310,710c6e7c-8861-48eb-ae95-4cc9f3829174
N006311,710c6e7c-8861-48eb-ae95-4cc9f3829174
N006312,cc4f5d4a-6e70-400b-bc97-97096b34b9a3
N006313,2129fc6d-c11f-445d-a576-f4382b69a78a
N006314,53042ed4-ce1c-4cd3-a103-b283113cec49
N006315,53042ed4-ce1c-4cd3-a103-b283113cec49
N006316,d12a87a3-3992-41dd-86f3-7dadc115c211
N006317,56be822f-ffb6-4a18-9011-93e9e97937c5
N006318,56be822f-ffb6-4a18-9011-93e9e97937c5
N006319,56be822f-ffb6-4a18-9011-93e9e97937c5
N006320,d1621f7d-1dd8-47f1-9164-6a1c65c9012b
N006321,56be822f-ffb6-4a18-9011-93e9e97937c5
N006322,50a59308-a75a-4f1d-be5e-d2c40aa230b8
N006323,0243fabb-5784-4a56-a0e8-7ede076a58b8
N006324,7477ac93-0b32-4ee9-8134-146460b517a9
N006325,904760e0-f659-4d55-b902-863040d7c581
N006326,904760e0-f659-4d55-b902-863040d7c581
N006327,b8d044df-6556-46ce-b8a0-a94a8d5d036e
N006328,5630bfb4-0e8d-4a36-bb74-e733de5e15cb
N006329,ef743dc2-2300-4613-b763-6d5ee6d67792
N006330,ef743dc2-2300-4613-b763-6d5ee6d67792
N006331,d3c44780-2090-4cb8-a663-5d9ebc17cf8a
N006332,013ceb8b-ba6a-4b4f-bdc5-6709a9855c1c
N006333,013ceb8b-ba6a-4b4f-bdc5-6709a9855c1c
N006334,013ceb8b-ba6a-4b4f-bdc5-6709a9855c1c
N006335,013ceb8b-ba6a-4b4f-bdc5-6709a9855c1c
N006336,013ceb8b-ba6a-4b4f-bdc5-6709a9855c1c
N006337,013ceb8b-ba6a-4b4f-bdc5-6709a9855c1c
N006338,bcb7f4d7-2981-4584-b762-07c13f46850f
N006339,bcb7f4d7-2981-4584-b762-07c13f46850f
N006340,bcb7f4d7-2981-4584-b762-07c13f46850f
N006341,ae68d6b7-fe78-44b8-a435-64957d9acd08
N006342,0fb9c688-d8f1-496a-965f-f8d2aa0ae1d3
N006343,bca093b9-42c4-40df-a530-f72ea558f72a
N006344,819ca0ab-3258-42e8-a58f-d7effea5668c
N006345,422aeef5-927d-4cb0-802a-8586d10dfa98
N006346,e7af1914-08b8-4e7b-98f9-9bfacb6d8cfc
N006347,6eb3d7f7-2e01-4f81-ab97-5ff6f1d215af
N006348,6eb3d7f7-2e01-4f81-ab97-5ff6f1d215af
N006349,58a9a71d-8f5d-4d41-821d-1c3e15889dfc
N006350,a2e6499a-1c22-4751-843a-1a43b3b1aa54
N006351,87901ee6-37dd-485f-967c-6a7c19621fd2
N006352,2cc80d53-4cdc-4fae-805a-9740f544bbf8
N006353,b1e27e9e-0775-4450-b5b9-4f4a5fd99dd3
N006354,d12a87a3-3992-41dd-86f3-7dadc115c211
N006355,d12a87a3-3992-41dd-86f3-7dadc115c211
N006356,df640839-e40a-40de-9ac5-ade22508886c
N006357,d12a87a3-3992-41dd-86f3-7dadc115c211
N006358,df640839-e40a-40de-9ac5-ade22508886c
N006359,c12ea75f-280b-47e6-b420-b00a48b7e9ac
N006360,447fe325-e1ae-4659-8339-7ae2539217b1
N006361,24218ddc-9c92-4372-bb9c-0a3b5bb4c86d
N006362,dabdd75d-7159-4318-85b8-a0c53ec64e53
N006363,22b8620d-9a92-411e-92c1-b932ca8ff5be
N006364,8c55bf6b-b747-4e07-bd78-a11024a33717
N006365,3737a1da-710e-47ef-a958-0d337e3795ae
N006366,3737a1da-710e-47ef-a958-0d337e3795ae
N006367,3737a1da-710e-47ef-a958-0d337e3795ae
N006368,e42c6792-69aa-4a1f-ae39-42403a0fde97
N006369,e62ddd8e-0a71-41e8-bcc9-df123d33c247
N006370,5cddf9f1-e67f-418b-a8e0-e97ca1cc5ec8
N006371,5cddf9f1-e67f-418b-a8e0-e97ca1cc5ec8
N006372,5cddf9f1-e67f-418b-a8e0-e97ca1cc5ec8
N006373,5cddf9f1-e67f-418b-a8e0-e97ca1cc5ec8
N006374,8b72772d-437e-42b1-9177-88083cc8bb20
N006375,8b72772d-437e-42b1-9177-88083cc8bb20
N006376,087691ea-670e-4901-ad44-9cca26539b28
N006377,cc2d4e30-6fb0-4381-9a71-4bed29bbfa77
N006378,42473f9c-12f3-4aef-b9bf-d22a3caa7ed6
N006379,cc2d4e30-6fb0-4381-9a71-4bed29bbfa77
N006380,cc2d4e30-6fb0-4381-9a71-4bed29bbfa77
N006381,cc2d4e30-6fb0-4381-9a71-4bed29bbfa77
N006382,a315bd00-b5f7-494c-b015-12db975f354e
N006383,a315bd00-b5f7-494c-b015-12db975f354e
N006384,835c78e7-9d05-4249-b61a-a0a527c3ed93
N006385,b1e27e9e-0775-4450-b5b9-4f4a5fd99dd3
N006386,c1141d1a-2103-47ed-a1fd-5183b7ec91d6
N006387,3a441707-cc9d-4456-a5f1-5b624ab2978c
N006388,3a441707-cc9d-4456-a5f1-5b624ab2978c
N006389,3a441707-cc9d-4456-a5f1-5b624ab2978c
N006390,3a441707-cc9d-4456-a5f1-5b624ab2978c
N006391,2e573d29-1807-497d-a9d3-0ac1d8f5040a
N006392,39cef0bc-29c4-40e9-b0e2-bcf0d8145da9
N006393,39cef0bc-29c4-40e9-b0e2-bcf0d8145da9
N006394,b2b0eee3-9a4f-48ea-98d2-f95e4437463d
N006395,5a9bf87b-81ab-4ab9-b9b9-62fb9bf92ee2
N006396,288705fc-daf8-4882-be7f-1c54c51516bb
N006397,b3f9278f-fc08-42f4-a1d2-24080e2a155e
N006398,d7d9a923-04c7-4b4f-be57-ca33e3bb0149
N006399,41f1319e-747b-4652-a6db-19084a7e23bb
N006400,aad58c63-9ab8-441d-bfb5-bde7dae431c3
N006401,d365279f-f2c9-4ad4-9c6d-24b8c13b52f2
N006402,5f77830a-33b4-425c-8f0d-6bcd11c8b1ce
N006403,5b40e249-f981-4598-8543-8eb0a2b9fb95
N006404,6ded4580-2a0b-4ddb-8d17-f2fd55350a48
N006405,cd0e4f61-8886-4876-9dec-6102c4968eed
N006406,7a64e043-2ac9-43cd-a4f5-0850fefcd44f
N006407,5e6bff1f-e2a3-4deb-92bc-379f3592eed5
N006408,8b760444-4c9f-498c-967b-03ecb46ccf72
N006409,f058bf44-0d2c-469a-843a-2efb5bb32bd8
N006410,f058bf44-0d2c-469a-843a-2efb5bb32bd8
N006411,f058bf44-0d2c-469a-843a-2efb5bb32bd8
N006412,f058bf44-0d2c-469a-843a-2efb5bb32bd8
N006413,f058bf44-0d2c-469a-843a-2efb5bb32bd8
N006414,f058bf44-0d2c-469a-843a-2efb5bb32bd8
N006415,f058bf44-0d2c-469a-843a-2efb5bb32bd8
N006416,f058bf44-0d2c-469a-843a-2efb5bb32bd8
N006417,ad09fc02-8dea-47b6-96c0-7473bd09f985
N006418,07069770-57ae-4ee6-adca-ccbb96246880
N006419,15d89a70-82b4-4c16-8282-f617a869328b
N006420,88dfc067-8824-4f57-91aa-6ec3524507ee
N006421,7c435044-16bb-42d7-92c1-308defa7c4d8
N006422,1879c677-51ae-4453-b806-902698327ce4
N006423,2c22d72e-dca7-4141-b6bf-38bea8a72c7d
N006424,2c22d72e-dca7-4141-b6bf-38bea8a72c7d
N006425,2c22d72e-dca7-4141-b6bf-38bea8a72c7d
N006426,7fca758f-2a85-434d-9c13-6877a841c080
N006427,228f509e-e326-4f42-815f-85fe442b0b9e
N006428,bcb9ecd8-74be-4f9a-818e-f5407a739987
N006429,bcb9ecd8-74be-4f9a-818e-f5407a739987
N006430,0488c7f2-3169-4122-8081-5a2d5aa3f0ad
N006431,aee118da-947d-44ab-a12e-031669fe211a
N006432,a3240914-6ed4-4375-b5b1-3622cb4fef5c
N006433,c12ea75f-280b-47e6-b420-b00a48b7e9ac
N006434,c12ea75f-280b-47e6-b420-b00a48b7e9ac
N006435,f75eb2bb-f563-4c74-a716-d63ffcced3fb
N006436,f75eb2bb-f563-4c74-a716-d63ffcced3fb
N006437,f75eb2bb-f563-4c74-a716-d63ffcced3fb
N006438,f75eb2bb-f563-4c74-a716-d63ffcced3fb
N006439,729fe404-c2a3-4549-9f01-f2a120d3649e
N006440,fd87bf31-91f7-4e94-8d4c-e9e827b73ce3
N006441,53ac4179-4720-40a5-a2c5-86d7885bc948
N006442,58a9a71d-8f5d-4d41-821d-1c3e15889dfc
N006443,fd87bf31-91f7-4e94-8d4c-e9e827b73ce3
N006444,fd87bf31-91f7-4e94-8d4c-e9e827b73ce3
N006445,fd87bf31-91f7-4e94-8d4c-e9e827b73ce3
N006446,fd87bf31-91f7-4e94-8d4c-e9e827b73ce3
N006447,fd87bf31-91f7-4e94-8d4c-e9e827b73ce3
N006448,fd87bf31-91f7-4e94-8d4c-e9e827b73ce3
N006449,54447585-5ef8-4449-8b0d-25b45104b589
N006450,fa19a77b-9df0-4967-b3a2-c9150cf1f68e
N006451,54447585-5ef8-4449-8b0d-25b45104b589
N006452,8d1d75d8-2f1b-4bbe-b215-1600bb2a1763
N006453,8d1d75d8-2f1b-4bbe-b215-1600bb2a1763
N006454,8d1d75d8-2f1b-4bbe-b215-1600bb2a1763
N006455,62de2270-b05e-417c-a181-fe765fb028d0
N006456,8d1d75d8-2f1b-4bbe-b215-1600bb2a1763
N006457,7f32e6bd-9e1b-46ec-8134-5dba095a0c7d
N006458,0c00beb5-932f-47e3-8415-12894170a169
N006459,112995d8-c001-46cd-b248-bc8ad6f447ab
N006460,3a2e4d26-3e8f-42f3-8a84-b91ad68cfc6d
N006461,7d0bac74-13cd-4753-9453-9fa98399354b
N006462,044cffba-9c49-4e88-b59d-2d92fd820855
N006463,044cffba-9c49-4e88-b59d-2d92fd820855
N006464,a3f48a03-8233-4f8b-9dee-bf9bd70e7143
N006465,9ec327d3-befb-4864-9ebd-9e91791dd3f3
N006466,9ec327d3-befb-4864-9ebd-9e91791dd3f3
N006467,aa457406-1031-4b55-9d2b-e01b7cc558d5
N006468,c649908d-70df-4c0b-94ab-4c7798dd14e1
N006469,eee08cb6-7c50-48ab-ae0b-76e6e269abca
N006470,58a9a71d-8f5d-4d41-821d-1c3e15889dfc
N006471,29a061e7-a49e-4e74-8da5-643bcc28c378
N006472,5645e6a1-02dc-4a2f-8390-f19771bf2168
N006473,b08d302a-a5dd-4e26-974e-3bb1ae83e3ea
N006474,5645e6a1-02dc-4a2f-8390-f19771bf2168
N006475,5645e6a1-02dc-4a2f-8390-f19771bf2168
N006476,020f2747-8f19-43c0-923a-fff47f4ee04c
N006477,73f224f0-d0c2-450a-b3d1-64dff0d15a07
N006478,73f224f0-d0c2-450a-b3d1-64dff0d15a07
N006479,22b8abc2-cda7-4ef6-a78b-7833628d3a1b
N006480,5e48a298-a5bd-4cc4-b194-a4d1f2ba1854
N006481,22b8abc2-cda7-4ef6-a78b-7833628d3a1b
N006482,22b8abc2-cda7-4ef6-a78b-7833628d3a1b
N006483,22b8abc2-cda7-4ef6-a78b-7833628d3a1b
N006484,a98f2f24-9039-4a62-8a55-276eb940643b
N006485,86b15424-9d58-4d5c-83a0-62fe3a7ba54d
N006486,6e31c287-d066-48c6-a73a-b303dd139b0c
N006487,9865203a-92d7-4a4a-ba3c-674206ce534b
N006488,ce367293-aa1e-4386-b905-6125d5a6a731
N006489,d9f653ce-7542-43bb-9872-231d7593c096
N006490,d9f653ce-7542-43bb-9872-231d7593c096
N006491,7477ac93-0b32-4ee9-8134-146460b517a9
N006492,7477ac93-0b32-4ee9-8134-146460b517a9
N006493,d9f653ce-7542-43bb-9872-231d7593c096
N006494,d9f653ce-7542-43bb-9872-231d7593c096
N006495,24d5649e-7b2c-4b55-a305-602c31907a3a
N006496,24d5649e-7b2c-4b55-a305-602c31907a3a
N006497,24d5649e-7b2c-4b55-a305-602c31907a3a
N006498,24d5649e-7b2c-4b55-a305-602c31907a3a
N006499,91838f36-8c31-4907-95c8-9fec7830b579
N006500,91838f36-8c31-4907-95c8-9fec7830b579
N006501,d12a87a3-3992-41dd-86f3-7dadc115c211
N006502,3a6ed792-3aab-43c2-afcf-12f911087118
N006503,91838f36-8c31-4907-95c8-9fec7830b579
N006504,d12a87a3-3992-41dd-86f3-7dadc115c211
N006505,91838f36-8c31-4907-95c8-9fec7830b579
N006506,d2bfc0a2-0471-4e1a-af43-8a8042b34321
N006507,c0b59f86-e160-448b-b510-90f442fe30ae
N006508,ac4fe983-28b3-4439-b7bc-63221c3f9471
N006509,d64193fc-fe37-4a71-967b-ad0893a11801
N006510,529296ac-76e1-4922-a9bd-9be981ce8501
N006511,e5a0c223-5313-4ce8-a29e-fd5b83623ba6
N006512,e5a0c223-5313-4ce8-a29e-fd5b83623ba6
N006513,acfef552-63fd-4071-b60e-59dea4448840
N006514,1fb24aab-5a99-4b22-a6de-9d873e4060e6
N006515,1fb24aab-5a99-4b22-a6de-9d873e4060e6
N006516,acfef552-63fd-4071-b60e-59dea4448840
N006517,1fb24aab-5a99-4b22-a6de-9d873e4060e6
N006518,1fb24aab-5a99-4b22-a6de-9d873e4060e6
N006519,1fb24aab-5a99-4b22-a6de-9d873e4060e6
N006520,e2b34ada-6547-4151-8032-b9e9a8c68a88
N006521,e2b34ada-6547-4151-8032-b9e9a8c68a88
N006522,e2b34ada-6547-4151-8032-b9e9a8c68a88
N006523,d2a1baf8-ef7c-4df9-92cb-2a176ba598a1
N006524,effc9b08-715e-4ea9-98ec-34d7b867db06
N006525,720334fe-533e-4afe-8a7e-e29378837277
N006526,68361793-069d-4ac9-96fd-908325ed33d4
N006527,bce7aebb-7b2c-4878-a010-0fe60cff084b
N006528,a00cad22-61cb-4780-a23f-efaa58028aab
N006529,a00cad22-61cb-4780-a23f-efaa58028aab
N006530,a00cad22-61cb-4780-a23f-efaa58028aab
N006531,83e9c657-298a-4102-b42b-6f7c5b415758
N006532,b392cd75-c914-407c-af51-b7260081ddea
N006533,9f6e8db0-fa7a-4d41-ae4b-a0e5f1ce8cbb
N006534,d38e99a7-8563-4881-8929-ba701c0aaf73
N006535,de66e2eb-cdec-4967-b52f-5bb141698b4e
N006536,8f65864f-6dc0-45f4-bac6-5b010c8d9cad
N006537,58eadc14-8990-4c4e-8c08-342effd37aa7
N006538,923bd47c-e6dc-443b-b7ed-cd6b2f2ed609
N006539,f6a6f6be-cc3c-4a07-a866-f091346c55f7
N006540,95b214a4-8bf6-4e85-b036-e8b7eb7862b4
N006541,163b82c2-915e-4002-8856-b42131d5136a
N006542,163b82c2-915e-4002-8856-b42131d5136a
N006543,a36564f0-9468-442e-bb5a-84b96d716de4
N006544,a4ed948f-6ecf-4918-ad72-482380522be9
N006545,e77765c3-696c-4540-900a-c916ca635295
N006546,e77765c3-696c-4540-900a-c916ca635295
N006547,a93e9606-7ec7-4f0e-bf01-7bb7e950cc33
N006548,50749a4f-6c0c-4a0e-acdb-6d8d48eab881
N006549,bc7a8e10-8228-46c8-a668-73a28f411e07
N006550,a9453067-396a-45bb-9f7e-354eb7d2b69b
N006551,a9453067-396a-45bb-9f7e-354eb7d2b69b
N006552,a9453067-396a-45bb-9f7e-354eb7d2b69b
N006553,4ffd84a2-2882-4d43-9352-3d5bd05234cc
N006554,89b7450c-f4a0-4be3-9bff-654e0fb74bef
N006555,4ffd84a2-2882-4d43-9352-3d5bd05234cc
N006556,4ffd84a2-2882-4d43-9352-3d5bd05234cc
N006557,b1e27e9e-0775-4450-b5b9-4f4a5fd99dd3
N006558,cb6372de-6208-4157-a4f2-79861a98a7a5
N006559,759450ff-193d-4935-a1a2-d805d885436b
N006560,3a220fcf-5341-4d21-b594-99ba8b4302a7
N006561,de12f3b2-f8e4-4e8c-acc3-1e7f84ac860d
N006562,d12a87a3-3992-41dd-86f3-7dadc115c211
N006563,e3950e8e-3846-43cf-9889-cda049dcabf3
N006564,31348f90-0854-45cd-b938-f34569c10644
N006565,32230b78-0419-4ee3-8e88-11f5d6948b9a
N006566,911a2396-423a-45ea-83bf-96fe5f655f70
N006567,32230b78-0419-4ee3-8e88-11f5d6948b9a
N006568,911a2396-423a-45ea-83bf-96fe5f655f70
N006569,992eaaf6-67db-49f9-9010-bea0a5163121
N006570,32230b78-0419-4ee3-8e88-11f5d6948b9a
N006571,d5332dac-6efd-4299-ba80-7154ad83edf3
N006572,d5b570a8-0614-4dba-9c6b-ddb462b73e5e
N006573,35ce4dd0-9336-40ab-bd6c-b8b14e122ee3
N006574,20494ab1-421c-4172-9099-3b7f31ab9320
N006575,35ce4dd0-9336-40ab-bd6c-b8b14e122ee3
N006576,d4cb649c-0352-455f-a939-6c6175d11927
N006577,b8695ddd-58b0-4f0c-a85a-b71ee3aa74e3
N006578,e287073c-ac27-4e3e-9d58-3be6f91dddc7
N006579,6f1ef72a-478c-4d5f-a242-efcd9a3532ce
N006580,6f1ef72a-478c-4d5f-a242-efcd9a3532ce
N006581,368cfd0c-21b5-422d-bb17-3003317da565
N006582,64831ba9-4225-4b79-8d13-71a37e887d41
N006583,64831ba9-4225-4b79-8d13-71a37e887d41
N006584,64831ba9-4225-4b79-8d13-71a37e887d41
N006585,64831ba9-4225-4b79-8d13-71a37e887d41
N006586,b0386a04-e162-497c-9ad5-b27fbc0a28ee
N006587,64831ba9-4225-4b79-8d13-71a37e887d41
N006588,bc6d7163-3244-4bbe-bc48-18c93c86d9f3
N006589,665c0986-8b65-4643-872c-1317461e914b
N006590,321691a0-c7ff-4019-ac19-80cb208d9877
N006591,480263e1-558f-4e88-81c8-37614e735637
N006592,b522bf53-ee44-4ff2-bb3a-d4bd9bb49452
N006593,06a54473-eb7b-4710-84a0-01de35dec3a6
N006594,06a54473-eb7b-4710-84a0-01de35dec3a6
N006595,06a54473-eb7b-4710-84a0-01de35dec3a6
N006596,55564df2-48dc-492f-975c-94982998f41a
N006597,d7b86e22-da39-4e35-9d33-e7540fdfeaf4
N006598,b92921db-b06f-4302-a0f3-350acfd35391
N006599,b92921db-b06f-4302-a0f3-350acfd35391
N006600,0b3c4a2d-3642-46e0-82f3-5144fb2171cd
N006601,d93b1ade-7b65-4d1b-9503-37c82cca2f21
N006602,378699b5-d723-4b96-9c16-155db6997a54
N006603,378699b5-d723-4b96-9c16-155db6997a54
N006604,378699b5-d723-4b96-9c16-155db6997a54
N006605,378699b5-d723-4b96-9c16-155db6997a54
N006606,d93b1ade-7b65-4d1b-9503-37c82cca2f21
N006607,378699b5-d723-4b96-9c16-155db6997a54
N006608,d93b1ade-7b65-4d1b-9503-37c82cca2f21
N006609,378699b5-d723-4b96-9c16-155db6997a54
N006610,2ae6c7b7-6615-46f8-a3e6-ead02335e41c
N006611,2ae6c7b7-6615-46f8-a3e6-ead02335e41c
N006612,8cea0f24-9a98-41bb-8cd2-fc8e9044ce30
N006613,7135e576-b986-497c-a0d0-b6c1c34bcbe1
N006614,7defa78f-5558-4ee9-ac5e-6968e4bb1fe7
N006615,560147f0-2c72-46a0-bd7e-2f83a4a00935
N006616,560147f0-2c72-46a0-bd7e-2f83a4a00935
N006617,560147f0-2c72-46a0-bd7e-2f83a4a00935
N006618,560147f0-2c72-46a0-bd7e-2f83a4a00935
N006619,560147f0-2c72-46a0-bd7e-2f83a4a00935
N006620,560147f0-2c72-46a0-bd7e-2f83a4a00935
N006621,ee4fd7c0-56dd-4559-a426-083456efa794
N006622,58a9a71d-8f5d-4d41-821d-1c3e15889dfc
N006623,58a9a71d-8f5d-4d41-821d-1c3e15889dfc
N006624,ee4fd7c0-56dd-4559-a426-083456efa794
N006625,ee4fd7c0-56dd-4559-a426-083456efa794
N006626,ee4fd7c0-56dd-4559-a426-083456efa794
N006627,ee4fd7c0-56dd-4559-a426-083456efa794
N006628,da383fc6-071a-4ce8-a70d-4084948872bc
N006629,7c698749-b163-471d-8e77-ac2b9a27446b
N006630,69b8e917-e965-4541-be29-d2b9e60faf78
N006631,67e16b0d-73ff-4288-9081-545248dab9f4
N006632,eb5c4cbc-4af8-47be-ae3e-4cff31159df8
N006633,ebe49658-7cb8-4fae-bc1a-6de5320f0434
N006634,a150d45e-a49e-4c9a-82c2-6db351c67636
N006635,9a6fd443-f375-4715-b681-206964377eda
N006636,7c481478-4d22-40ec-a98f-909dc31f9612
N006637,5896b462-7e30-444c-ad33-98a2401a9b82
N006638,8c60501d-7244-4551-aa4d-caf792cd2e9f
N006639,8325bfad-a682-4ddb-9f71-1e0645627f1e
N006640,e0770d68-86a7-4668-86f1-504096c516a7
N006641,7fd9f103-08a2-420b-97fa-aa50b5f619ce
N006642,7fd9f103-08a2-420b-97fa-aa50b5f619ce
N006643,d12a87a3-3992-41dd-86f3-7dadc115c211
N006644,13a8609f-2c23-4534-b769-d63663a8a657
N006645,d12a87a3-3992-41dd-86f3-7dadc115c211
N006646,2b669a94-b69d-401e-8bd5-e5a2216d8be6
N006647,efcbfb65-e66e-46d4-9759-092a7ab1a7ad
N006648,3eb94d8d-6603-4d05-af53-536db77aae7b
N006649,e13bc450-c746-42c5-a955-ccdbabc59619
N006650,e13bc450-c746-42c5-a955-ccdbabc59619
N006651,9287a258-518d-4d57-8cf5-490fcd58664c
N006652,300296eb-d672-48ab-88b4-85e8965e1190
N006653,23f29c9a-3d88-4716-83b2-65a49aea7f7c
N006654,5b6cfa3f-0756-47a1-9219-22d1b0c6ceab
N006655,23f29c9a-3d88-4716-83b2-65a49aea7f7c
N006656,5b6cfa3f-0756-47a1-9219-22d1b0c6ceab
N006657,51787035-edc7-4b50-ad67-ba6afd362f92
N006658,51787035-edc7-4b50-ad67-ba6afd362f92
N006659,51787035-edc7-4b50-ad67-ba6afd362f92
N006660,8cb56ece-873b-4f98-97f8-b8cf4d44dd69
N006661,8cb56ece-873b-4f98-97f8-b8cf4d44dd69
N006662,eee08cb6-7c50-48ab-ae0b-76e6e269abca
N006663,eee08cb6-7c50-48ab-ae0b-76e6e269abca
N006664,807819e4-7280-48a1-a381-e2c58c0b6901
N006665,986cd558-cf02-48e7-93ba-764ee8a953c1
N006666,cf7205e6-069a-472f-86f4-4f9a89ca74d6
N006667,cf7205e6-069a-472f-86f4-4f9a89ca74d6
N006668,5eda9615-5864-4206-97b2-306f059c132b
N006669,5c210f82-52cd-480b-9575-c4fba39aca1e
N006670,3dcd8e25-7131-4ca3-b1b7-b03083740b19
N006671,d12a87a3-3992-41dd-86f3-7dadc115c211
N006672,ef672fff-c66d-4ff2-b47e-ea79bb39901c
N006673,ef672fff-c66d-4ff2-b47e-ea79bb39901c
N006674,ef672fff-c66d-4ff2-b47e-ea79bb39901c
N006675,a920f0a7-7bf7-4bf0-aa49-9e77570f3a6f
N006676,ef672fff-c66d-4ff2-b47e-ea79bb39901c
N006677,27e42e26-5ed5-42d5-9c12-d9348f833870
N006678,d1e1cd7d-7b48-4205-a83f-eea3a76b7e96
N006679,18df6747-ea47-4882-bebc-84d8091b06d0
N006680,18df6747-ea47-4882-bebc-84d8091b06d0
N006681,18df6747-ea47-4882-bebc-84d8091b06d0
N006682,5730152c-05ea-434a-87ce-a0e66ffc445e
N006683,18df6747-ea47-4882-bebc-84d8091b06d0
N006684,5730152c-05ea-434a-87ce-a0e66ffc445e
N006685,ce3e11c7-f441-4d32-b942-e4203c3150cb
N006686,395d5301-d7b8-4e68-84d6-86c2c73e8a17
N006687,0fb9c688-d8f1-496a-965f-f8d2aa0ae1d3
N006688,29ae2574-33ab-46ef-9a0c-3103c9865296
N006689,ea15ee38-e179-46d1-b7a1-9484742b4f71
N006690,a5e41388-584e-49c4-86ca-ec43203519d9
N006691,55c5c37a-6b97-4d42-a4ff-d775bc855489
N006692,bde57d25-cc3a-4558-a551-76ce9a7d29db
N006693,bde57d25-cc3a-4558-a551-76ce9a7d29db
N006694,dd4392b2-3cf9-44c2-a6c6-f319fdcbc3ba
N006695,e24caefe-9197-4210-9bed-7a855f0a8236
N006696,292eb4e6-601b-4fc9-9502-69f3f3d451a6
N006697,292eb4e6-601b-4fc9-9502-69f3f3d451a6
N006698,d12a87a3-3992-41dd-86f3-7dadc115c211
N006699,9b3b821e-3cc0-4e05-8fb1-f5a723fe3013
N006700,d8b0033b-86fc-4421-9792-635619a7f94a
N006701,9b3b821e-3cc0-4e05-8fb1-f5a723fe3013
N006702,1c7f24a4-33d1-4e19-b6b8-44d99a2cbe90
N006703,1c7f24a4-33d1-4e19-b6b8-44d99a2cbe90
N006704,ad09a6df-157f-44eb-81c6-00a22374db32
N006705,ad09a6df-157f-44eb-81c6-00a22374db32
N006706,ad09a6df-157f-44eb-81c6-00a22374db32
N006707,ad09a6df-157f-44eb-81c6-00a22374db32
N006708,ad09a6df-157f-44eb-81c6-00a22374db32
N006709,72b6e431-c565-498f-ab14-0abcf310483e
N006710,e83a2bd2-eac9-4d4f-86de-393527256fe7
N006711,72b6e431-c565-498f-ab14-0abcf310483e
N006712,72b6e431-c565-498f-ab14-0abcf310483e
N006713,63d960ab-bf22-469a-ad7b-ddc1ec50bb92
N006714,63d960ab-bf22-469a-ad7b-ddc1ec50bb92
N006715,63d960ab-bf22-469a-ad7b-ddc1ec50bb92
N006716,63d960ab-bf22-469a-ad7b-ddc1ec50bb92
N006717,63d960ab-bf22-469a-ad7b-ddc1ec50bb92
N006718,63d960ab-bf22-469a-ad7b-ddc1ec50bb92
N006719,63d960ab-bf22-469a-ad7b-ddc1ec50bb92
N006720,63d960ab-bf22-469a-ad7b-ddc1ec50bb92
N006721,63d960ab-bf22-469a-ad7b-ddc1ec50bb92
N006722,76208c57-1829-4afa-a2a2-44edd2e99286
N006723,c838d0f2-109c-4469-9a43-aa71040d005a
N006724,c838d0f2-109c-4469-9a43-aa71040d005a
N006725,c838d0f2-109c-4469-9a43-aa71040d005a
N006726,c838d0f2-109c-4469-9a43-aa71040d005a
N006727,94a974b5-b09e-4cca-9b92-a95a623a1987
N006728,c838d0f2-109c-4469-9a43-aa71040d005a
N006729,cc86c5ab-616f-453c-b7b8-4a4dfb891c3b
N006730,aa4b27c1-0616-4443-926c-e498e5672a1f
N006731,0378dc1b-3bab-4fa3-897a-bcb33ddca767
N006732,0378dc1b-3bab-4fa3-897a-bcb33ddca767
N006733,a454392e-3544-402a-99a0-bac47600dc6b
N006734,a454392e-3544-402a-99a0-bac47600dc6b
N006735,18dfb88d-5fff-4cdf-84c9-8ca879712ee6
N006736,82cc96f2-7375-4d2c-9ea5-0582e773abf1
N006737,614b8137-8399-48ce-a411-09a86a55e2a2
N006738,8fc27921-10e6-4c7a-93de-7d44411d5eb3
N006739,1a8b2f8b-2d7c-4a5b-a48e-ed7172e3a8cf
N006740,8fc27921-10e6-4c7a-93de-7d44411d5eb3
N006741,8fc27921-10e6-4c7a-93de-7d44411d5eb3
N006742,c6ddf3d4-c658-497a-b0fd-5cd374d2f657
N006743,8fc27921-10e6-4c7a-93de-7d44411d5eb3
N006744,8fc27921-10e6-4c7a-93de-7d44411d5eb3
N006745,129c06ba-10fb-4c6a-934d-1eaca4dcdeea
N006746,d12a87a3-3992-41dd-86f3-7dadc115c211
N006747,893f2f7f-de0e-414e-9dc3-f8a82010c3b5
N006748,893f2f7f-de0e-414e-9dc3-f8a82010c3b5
N006749,893f2f7f-de0e-414e-9dc3-f8a82010c3b5
N006750,80bb8171-21d6-429c-82ba-649919303e3a
N006751,fd74a3ee-20d9-48b0-b480-8ddf463a4f9b
N006752,893f2f7f-de0e-414e-9dc3-f8a82010c3b5
N006753,c249af6f-97a4-48d3-bcca-25e8eaaed972
N006754,f6940b99-d25d-403d-8223-6208659f0b5c
N006755,fb08271c-0d51-462d-b888-63d331795fe0
N006756,8e9b0552-5a58-4fc5-8447-033fcf9331a8
N006757,02f4c1f8-266a-4d85-9dd6-770d39f0ff50
N006758,1484cd13-fe33-4619-b0cf-87e680b7efc4
N006759,4c81ae09-dc67-4da8-beb8-afa342e4a98e
N006760,3733ea40-dbae-4ea9-aab1-209ec17a1a7d
N006761,827adcbd-7211-4aa2-9e62-caaf727b43fa
N006762,827adcbd-7211-4aa2-9e62-caaf727b43fa
N006763,827adcbd-7211-4aa2-9e62-caaf727b43fa
N006764,a994badb-ef91-49fc-bef2-a1b676e932d9
N006765,c75d5ef4-bf38-46b7-9498-ae8181a3aa6d
N006766,7bf632ec-5c92-455a-aa1e-47f9138864cc
N006767,ee5597f3-0e9c-4fea-8ab9-7270c6196efc
N006768,9a730ac3-6aca-476a-ab62-1ba11ddec919
N006769,9601d777-cb7d-4f42-94a3-1825207207b6
N006770,ab9d7f3c-ef63-44a2-a411-310f7155ddaa
N006771,ab9d7f3c-ef63-44a2-a411-310f7155ddaa
N006772,07e95964-a449-472a-bd41-a8326a0c0c42
N006773,d12a87a3-3992-41dd-86f3-7dadc115c211
N006774,acfee4d6-a26b-408a-a62f-d81083d0743c
N006775,4ed1004e-24bc-4658-8068-0dbc2d6b9c91
N006776,ef551857-3d75-4cc5-b1b3-5f3feedec3bf
N006777,e0770d68-86a7-4668-86f1-504096c516a7
N006778,a9ae2279-c9fb-460a-9f8f-c0014bb6065b
N006779,a9ae2279-c9fb-460a-9f8f-c0014bb6065b
N006780,a9ae2279-c9fb-460a-9f8f-c0014bb6065b
N006781,e0770d68-86a7-4668-86f1-504096c516a7
N006782,a9ae2279-c9fb-460a-9f8f-c0014bb6065b
N006783,a9ae2279-c9fb-460a-9f8f-c0014bb6065b
N006784,72debc7b-63be-40c8-ae0e-a2d5cc3f5fc1
N006785,72debc7b-63be-40c8-ae0e-a2d5cc3f5fc1
N006786,0c2f54d2-b74f-4ab6-affd-42dbc984344e
N006787,72debc7b-63be-40c8-ae0e-a2d5cc3f5fc1
N006788,95ff6008-10b4-4dac-93e0-8963a81778a6
N006789,72ba56bb-f7ae-4fe1-95c5-0db32c32c595
N006790,3e08068f-c3d5-4dbb-95a0-13424533df87
N006791,72ba56bb-f7ae-4fe1-95c5-0db32c32c595
N006792,72ba56bb-f7ae-4fe1-95c5-0db32c32c595
N006793,4a3c9a46-4ef3-46d4-8efa-2b05bd41ac9e
N006794,4a3c9a46-4ef3-46d4-8efa-2b05bd41ac9e
N006795,4a3c9a46-4ef3-46d4-8efa-2b05bd41ac9e
N006796,11941104-cd66-48d6-aae4-e41be2d68321
N006797,6a3b7d8f-52c0-41f7-ab4f-7cc7db723084
N006798,f585a61d-9ed4-41c5-a008-8afb175f3029
N006799,4dd43ab7-01ed-40f2-9760-2e6d6d62a7fb
N006800,ce41c883-86a1-4253-b8e7-8ff09385dd46
N006801,30fce40b-81ea-4aea-a778-9d06155d46ec
N006802,6701a1d2-18ee-4450-90cb-d04b5a31ae8a
N006803,a1bbdc47-d835-4e83-a46e-791b2fe539e9
N006804,a1bbdc47-d835-4e83-a46e-791b2fe539e9
N006805,96a80f54-73c3-46fc-93d5-9c1405bc29f6
N006806,96a80f54-73c3-46fc-93d5-9c1405bc29f6
N006807,96a80f54-73c3-46fc-93d5-9c1405bc29f6
N006808,96a80f54-73c3-46fc-93d5-9c1405bc29f6
N006809,96a80f54-73c3-46fc-93d5-9c1405bc29f6
N006810,96a80f54-73c3-46fc-93d5-9c1405bc29f6
N006811,96a80f54-73c3-46fc-93d5-9c1405bc29f6
N006812,96a80f54-73c3-46fc-93d5-9c1405bc29f6
N006813,96a80f54-73c3-46fc-93d5-9c1405bc29f6
N006814,37e2f214-a572-4210-a09d-99592e188b41
N006815,018f61db-76ff-468e-8ff0-3826f23625eb
N006816,02bec3b0-66b8-415c-9b50-e5b38dfd2a3a
N006817,018f61db-76ff-468e-8ff0-3826f23625eb
N006818,02bec3b0-66b8-415c-9b50-e5b38dfd2a3a
N006819,82d48da7-5602-42b4-ab33-eef091682ebf
N006820,46fe31a9-3bd7-4405-96af-777990641c76
N006821,f8c60b35-d882-4c9b-ac11-4b678d347cbf
N006822,f8c60b35-d882-4c9b-ac11-4b678d347cbf
N006823,37c653d3-9791-4989-bade-19be808a179b
N006824,50ba9308-3f81-4e74-b59b-d66af32359c4
N006825,50ba9308-3f81-4e74-b59b-d66af32359c4
N006826,90b13d80-323a-4322-b4de-16e801c47a9b
N006827,50ba9308-3f81-4e74-b59b-d66af32359c4
N006828,50ba9308-3f81-4e74-b59b-d66af32359c4
N006829,315d8fdb-bea4-4bb0-90a0-69f9911228c7
N006830,f329952a-831f-4d76-abbe-c3986ed022b0
N006831,e55b130c-cdd6-473f-bf78-6233b3e7373d
N006832,eee08cb6-7c50-48ab-ae0b-76e6e269abca
N006833,894fa86f-5a40-4322-81e9-95bf8d57a226
N006834,c12ea75f-280b-47e6-b420-b00a48b7e9ac
N006835,c313c148-6bb2-4757-9571-2184192cba1d
N006836,6a634e74-86cd-4d9c-82ed-310f27850ccb
N006837,6a634e74-86cd-4d9c-82ed-310f27850ccb
N006838,884104ed-4365-4ff2-b786-1abdd2f885dd
N006839,4e4c7bd0-9fb1-404a-adab-02830581b5fc
N006840,4e4c7bd0-9fb1-404a-adab-02830581b5fc
N006841,4e4c7bd0-9fb1-404a-adab-02830581b5fc
N006842,4e4c7bd0-9fb1-404a-adab-02830581b5fc
N006843,8914104c-aed0-4625-a34c-c52ec6e3f2c0
N006844,992eaaf6-67db-49f9-9010-bea0a5163121
N006845,4e4c7bd0-9fb1-404a-adab-02830581b5fc
N006846,d12a87a3-3992-41dd-86f3-7dadc115c211
N006847,4e4c7bd0-9fb1-404a-adab-02830581b5fc
N006848,cf6cfe1f-cbd4-4144-9b1c-57a7a9e55571
N006849,cf6cfe1f-cbd4-4144-9b1c-57a7a9e55571
N006850,cf6cfe1f-cbd4-4144-9b1c-57a7a9e55571
N006851,c8f11c80-0891-4923-ac98-8db667e89b68
N006852,80d78c71-aceb-4578-808a-2f8e6e2e3c59
N006853,80d78c71-aceb-4578-808a-2f8e6e2e3c59
N006854,80d78c71-aceb-4578-808a-2f8e6e2e3c59
N006855,da93d660-0313-4a2a-a6ab-2fd0fdae7c75
N006856,da93d660-0313-4a2a-a6ab-2fd0fdae7c75
N006857,da93d660-0313-4a2a-a6ab-2fd0fdae7c75
N006858,a0b42455-9dea-4fb8-aa70-349df119fa5b
N006859,a0b42455-9dea-4fb8-aa70-349df119fa5b
N006860,a0b42455-9dea-4fb8-aa70-349df119fa5b
N006861,a0b42455-9dea-4fb8-aa70-349df119fa5b
N006862,a0b42455-9dea-4fb8-aa70-349df119fa5b
N006863,0fb9c688-d8f1-496a-965f-f8d2aa0ae1d3
N006864,e954f4ea-cdbb-4537-815b-f3fd0136b755
N006865,e954f4ea-cdbb-4537-815b-f3fd0136b755
N006866,ac359982-873b-49b6-a6e2-a79ca188a62f
N006867,ac359982-873b-49b6-a6e2-a79ca188a62f
N006868,ac359982-873b-49b6-a6e2-a79ca188a62f
N006869,be98d0c2-d8ba-494d-8acc-66b7d3f66e47
N006870,7b0bf9b9-3b3a-4a4f-9ea4-b0b2d20e0b99
N006871,7b0bf9b9-3b3a-4a4f-9ea4-b0b2d20e0b99
N006872,aefb2887-4b24-47ea-bd72-371f65b50737
N006873,a8b82624-60c7-4b91-ad01-353862939b11
N006874,d353ee01-dd49-49f5-bad1-304bdc917d51
N006875,d353ee01-dd49-49f5-bad1-304bdc917d51
N006876,f07cd6e1-b667-44af-8dcc-8014f4e118ab
N006877,c6215b71-4658-487a-b315-0c04d1c04d2a
N006878,6aec1787-1654-4ba0-aaf7-99e368bbc52c
N006879,6aec1787-1654-4ba0-aaf7-99e368bbc52c
N006880,19e553cd-4b90-4bad-b4f8-24ad32f342d9
N006881,7869ffde-27c1-408f-8b6e-5c929edad500
N006882,842526d9-9bc6-4c98-8836-4744b6f7dc41
N006883,5af07057-88c4-4245-a4ec-5adbc39bb946
N006884,7c0724ba-a5ba-4b5a-a3a1-2ad7a2622d6b
N006885,d12a87a3-3992-41dd-86f3-7dadc115c211
N006886,d50b1976-0c07-46f2-ab63-6d357ed63516
N006887,d12a87a3-3992-41dd-86f3-7dadc115c211
N006888,d91f16a7-b5e3-4555-8532-8fa870fad6a7
N006889,d91f16a7-b5e3-4555-8532-8fa870fad6a7
N006890,d91f16a7-b5e3-4555-8532-8fa870fad6a7
N006891,c6eb216b-82cb-458a-b2f7-92d5c2fd83d1
N006892,a0bf5001-856c-4a64-848b-e3d33feaa1c4
N006893,1a6d5ecf-a81b-4f39-a282-37922fdeeced
N006894,29aff0f2-84c1-4af0-bbce-6adc98c114a9
N006895,1a6d5ecf-a81b-4f39-a282-37922fdeeced
N006896,1a6d5ecf-a81b-4f39-a282-37922fdeeced
N006897,29aff0f2-84c1-4af0-bbce-6adc98c114a9
N006898,29aff0f2-84c1-4af0-bbce-6adc98c114a9
N006899,1a6d5ecf-a81b-4f39-a282-37922fdeeced
N006900,1a6d5ecf-a81b-4f39-a282-37922fdeeced
N006901,4be61d93-2e8a-419c-a106-9d3197dd6c8e
N006902,5630bfb4-0e8d-4a36-bb74-e733de5e15cb
N006903,a97a940b-f893-4167-bfc3-0f9bbd2810dd
N006904,a97a940b-f893-4167-bfc3-0f9bbd2810dd
N006905,a97a940b-f893-4167-bfc3-0f9bbd2810dd
N006906,a97a940b-f893-4167-bfc3-0f9bbd2810dd
N006907,d12a87a3-3992-41dd-86f3-7dadc115c211
N006908,c510f23f-d926-4fa7-a11f-80a00635e815
N006909,eaaf2a3a-f987-47b4-a677-318a9c5b7c14
N006910,3433435a-e2e1-4d5a-9446-a16ff87ff6dd
N006911,58e0993d-9ca3-4dc4-9cc3-0a00f2103efb
N006912,58e0993d-9ca3-4dc4-9cc3-0a00f2103efb
N006913,58e0993d-9ca3-4dc4-9cc3-0a00f2103efb
N006914,58e0993d-9ca3-4dc4-9cc3-0a00f2103efb
N006915,aa8d2545-6690-4bbd-a770-c674f149eee8
N006916,9df916c5-fe5f-4f81-a5e2-c8638707d4ca
N006917,9df916c5-fe5f-4f81-a5e2-c8638707d4ca
N006918,9df916c5-fe5f-4f81-a5e2-c8638707d4ca
N006919,f9536e71-7f76-4f2e-b45e-543e1ed720e3
N006920,131885ae-7f73-43b7-8738-1d28ca0e3639
N006921,131885ae-7f73-43b7-8738-1d28ca0e3639
N006922,131885ae-7f73-43b7-8738-1d28ca0e3639
N006923,131885ae-7f73-43b7-8738-1d28ca0e3639
N006924,131885ae-7f73-43b7-8738-1d28ca0e3639
N006925,58a9a71d-8f5d-4d41-821d-1c3e15889dfc
N006926,8aa0407b-f7ad-4103-aae7-5c8a106c1905
N006927,5e539338-49fc-442e-9439-e03553d3b1ac
N006928,54cd8021-25d6-4261-a7a1-2a8b8c2e00a8
N006929,508dcf86-0b6e-436b-b88d-fc9519f259f5
N006930,6fb7ae6e-60b3-42e4-8062-971ef6498380
N006931,903eaaa9-0902-4fd9-bb64-9f9ae0d9f126
N006932,cf608b97-f7bd-466c-a214-7832e82e2ded
N006933,a34c53fa-2ead-4563-9e88-4e55c2327924
N006934,574e39f7-d9b6-46a8-ab03-ca22417220f8
N006935,574e39f7-d9b6-46a8-ab03-ca22417220f8
N006936,328e566c-1e59-4531-8e18-924c59155739
N006937,60cfe886-2bb0-465b-95fb-c5acd3112954
N006938,574e39f7-d9b6-46a8-ab03-ca22417220f8
N006939,6c22f575-c8b9-49f9-bf02-69b2dba424d8
N006940,3eb24c4b-eb2d-4ded-8131-5e0b54f3ec33
N006941,084d5487-6830-4a40-b250-45d34d0c0a89
N006942,d5759124-7445-4595-ad8e-c17417c42010
N006943,28435652-0cc6-4813-a5f0-91921fd9120c
N006944,29a9d818-b7c5-48e2-8994-d83fb64484d5
N006945,28435652-0cc6-4813-a5f0-91921fd9120c
N006946,ebe73f9c-9d43-4466-9eff-785e6f97d8e5
N006947,62eaf584-5677-43fe-a98e-dda1fba0be32
N006948,76975042-0535-49ac-8470-19205c1f40ea
N006949,76975042-0535-49ac-8470-19205c1f40ea
N006950,f585a61d-9ed4-41c5-a008-8afb175f3029
N006951,59f4f4be-c806-428b-8e10-2b84e42e3e7d
N006952,ff4a3572-192a-4e8c-9db7-d0dd80d0714c
N006953,ff4a3572-192a-4e8c-9db7-d0dd80d0714c
N006954,9d5e174f-f4cf-4a56-8e48-44026ba420f6
N006955,e3b560f7-f4c1-4326-aec6-5b2b2f30ebdb
N006956,e3b560f7-f4c1-4326-aec6-5b2b2f30ebdb
N006957,e3b560f7-f4c1-4326-aec6-5b2b2f30ebdb
N006958,6cb25d93-195e-451f-939f-0b0316d2eb79
N006959,76c6bfed-82a6-42ad-8f5f-c052692deb3b
N006960,0e0d7d5b-c4fe-4be0-accc-b09b723a488f
N006961,009f2d05-f2a3-4341-b3ac-4fbb15cca3de
N006962,009f2d05-f2a3-4341-b3ac-4fbb15cca3de
N006963,593ded06-6fe6-46c7-9109-c1238fb9db96
N006964,574218a6-8678-4fce-a920-8787ddc37656
N006965,c3f27d46-2e32-433f-9925-e21bf318cd8d
N006966,c3f27d46-2e32-433f-9925-e21bf318cd8d
N006967,e39a2f32-f504-4f33-acdb-6a10c47385ee
N006968,030ae1fe-b4b2-49ef-a9d0-c3091a53f653
N006969,4d359385-3db4-4ee1-9243-875d36f9dcb2
N006970,310b43c9-478f-4c62-9b39-63c67147997a
N006971,01fb4c9f-747f-4430-94bd-6f45e6893392
N006972,46968c7e-c9a2-4ccf-99c2-2edbf30ca1db
N006973,20a3be5a-6b6b-4caa-bc89-ec812b985cac
N006974,20a3be5a-6b6b-4caa-bc89-ec812b985cac
N006975,2d6cbc67-497f-4652-b289-324420eff096
N006976,0401dd52-25ab-4f81-9c8c-29fb9b2eb65e
N006977,0401dd52-25ab-4f81-9c8c-29fb9b2eb65e
N006978,0401dd52-25ab-4f81-9c8c-29fb9b2eb65e
N006979,0401dd52-25ab-4f81-9c8c-29fb9b2eb65e
N006980,0401dd52-25ab-4f81-9c8c-29fb9b2eb65e
N006981,eb9ebd8b-bfce-4370-8fe1-b79cc63b8920
N006982,62e8019f-34d5-43a4-a8f7-dbe4aa49dbaa
N006983,977d5964-47d5-48d8-9a46-b13f22f65624
N006984,1ae39d70-c540-4b79-bdda-f812eca248b4
N006985,ee91c05a-fa13-4fe4-b265-e9836304bc2f
N006986,37068a5a-9590-49b4-bbec-7df49a83622a
N006987,8d8ac7c4-b371-4528-a5cb-bdae0e00c69a
N006988,8d8ac7c4-b371-4528-a5cb-bdae0e00c69a
N006989,a8cb8d02-de7c-419f-960a-62438d6f0dad
N006990,9f8d0a07-81bb-40c4-9e46-e63157d56ece
N006991,9f8d0a07-81bb-40c4-9e46-e63157d56ece
N006992,c726b541-d58f-4073-b472-6083f390e74b
N006993,9f8d0a07-81bb-40c4-9e46-e63157d56ece
N006994,9f8d0a07-81bb-40c4-9e46-e63157d56ece
N006995,a03d0792-9f5a-4f10-8b4c-35188a7d170c
N006996,a03d0792-9f5a-4f10-8b4c-35188a7d170c
N006997,a03d0792-9f5a-4f10-8b4c-35188a7d170c
N006998,bd75ca90-0689-4adb-b4c3-4db855cccce7
N006999,c70cbf4d-0f5b-4752-9e42-85e1d32b924a
N007000,c70cbf4d-0f5b-4752-9e42-85e1d32b924a
N007001,c70cbf4d-0f5b-4752-9e42-85e1d32b924a
N007002,a7699a84-0bdf-452d-a66a-c0caa6e3ae3b
N007003,a7699a84-0bdf-452d-a66a-c0caa6e3ae3b
N007004,c70cbf4d-0f5b-4752-9e42-85e1d32b924a
N007005,c70cbf4d-0f5b-4752-9e42-85e1d32b924a
N007006,c70cbf4d-0f5b-4752-9e42-85e1d32b924a
N007007,92c94468-34bf-46bf-8b8c-f8fed29d33a4
N007008,92c94468-34bf-46bf-8b8c-f8fed29d33a4
N007009,601ca943-7e82-4868-8cf6-c1b0e5da52ac
N007010,92c94468-34bf-46bf-8b8c-f8fed29d33a4
N007011,c32bf9e7-e046-4bd2-aff2-62f5142894c5
N007012,c32bf9e7-e046-4bd2-aff2-62f5142894c5
N007013,f752368f-b97f-48c8-9268-5ed334ae579f
N007014,ce9a1ddf-b7b3-4f53-bf7d-ce9e8101537a
N007015,d5ee5e21-0806-4e87-96e6-8b96b8230a8f
N007016,08fe7176-8759-4144-9542-2666a24c5bb2
N007017,d5ee5e21-0806-4e87-96e6-8b96b8230a8f
N007018,d5ee5e21-0806-4e87-96e6-8b96b8230a8f
N007019,240a5e36-d4fd-4695-a687-bdb9aa6fe427
N007020,76665312-090b-4439-9a97-32e0a3b9d7a2
N007021,2051f1b3-dd5c-4597-afc1-3c3eec162f82
N007022,8208a39d-e72b-4d2d-b57d-bea9fb755a2d
N007023,8208a39d-e72b-4d2d-b57d-bea9fb755a2d
N007024,8208a39d-e72b-4d2d-b57d-bea9fb755a2d
N007025,8208a39d-e72b-4d2d-b57d-bea9fb755a2d
N007026,8208a39d-e72b-4d2d-b57d-bea9fb755a2d
N007027,8208a39d-e72b-4d2d-b57d-bea9fb755a2d
N007028,8208a39d-e72b-4d2d-b57d-bea9fb755a2d
N007029,96ea53bc-5eea-4405-9eff-08454d0e9568
N007030,5b06620a-0962-4d70-b6ba-49d65a0047be
N007031,a8555b84-6abf-48a0-b6ca-5fc927792117
N007032,ba765ffe-266b-4b6a-8ad0-26b31a84423b
N007033,ac803343-605e-43ef-b5fa-aaf14455e9ac
N007034,ae89ea74-532f-4192-a3de-9c90a95432b8
N007035,f3692831-9948-4d61-b4b9-c4e99e2de981
N007036,0bf34147-0994-4700-8753-a022dc25c2fc
N007037,0bf34147-0994-4700-8753-a022dc25c2fc
N007038,7bd531d5-83ae-45bf-b3dc-c5c42d77010f
N007039,0bf34147-0994-4700-8753-a022dc25c2fc
N007040,0fb9c688-d8f1-496a-965f-f8d2aa0ae1d3
N007041,3b70e0e1-d2d7-4b48-bf1d-6d33ed241f73
N007042,824cafb4-80d9-4db4-8c49-78306a536812
N007043,824cafb4-80d9-4db4-8c49-78306a536812
N007044,ed52e41e-11cb-4ff5-9039-85f55b600efb
N007045,f7fe3e72-c977-4c5a-9cfd-3a47abaa8274
N007046,80e18b46-a702-4cab-a659-0fc956e1c04c
N007047,a45fad07-a38b-4c80-bad5-5df6ae1b42e6
N007048,80e18b46-a702-4cab-a659-0fc956e1c04c
N007049,86a7266e-53fb-4f2f-8509-8e53a9a27649
N007050,5241c991-37e2-46fc-a4e4-c639919e998a
N007051,bfbe06bc-3b39-4f89-9c66-269e977dedbb
N007052,936c41b5-d466-415b-8791-a1bffb008146
N007053,52649c56-3874-48ab-8c5a-36b6a2869a45
N007054,936c41b5-d466-415b-8791-a1bffb008146
N007055,52649c56-3874-48ab-8c5a-36b6a2869a45
N007056,52649c56-3874-48ab-8c5a-36b6a2869a45
N007057,5630bfb4-0e8d-4a36-bb74-e733de5e15cb
N007058,1cbc8ef7-7eb2-478d-8b70-66a2f52c495f
N007059,97dd4a0c-58fb-4827-8460-54cea804d0eb
N007060,f93acec4-dbb2-4b80-b689-7a1e00c172da
N007061,fa8e3aae-b738-49c8-b0e5-05aa74ed6fbf
N007062,d457c0d3-207f-4906-9b1b-4a87ef619934
N007063,2dcc272b-b406-4089-bb48-7246b7f853c7
N007064,2dcc272b-b406-4089-bb48-7246b7f853c7
N007065,bf9f3fc9-900b-4234-b916-83698e01fecf
N007066,57a51020-ab07-4fe4-ae0e-ea44416c9f00
N007067,968536a5-3784-4a9a-8b3b-05df67f8dbeb
N007068,e047310f-f1e0-4fa5-8de4-27cc11d35413
N007069,785b1142-fca0-4d8a-99e6-04753af1d320
N007070,785b1142-fca0-4d8a-99e6-04753af1d320
N007071,c35632f2-b209-459e-8387-4bfd55fa9b10
N007072,19ab8eed-176b-486e-b096-0bcda14571fb
N007073,19ab8eed-176b-486e-b096-0bcda14571fb
N007074,ecf8bc63-ae8c-44b1-ac1a-285f94cb22aa
N007075,ecf8bc63-ae8c-44b1-ac1a-285f94cb22aa
N007076,ecf8bc63-ae8c-44b1-ac1a-285f94cb22aa
N007077,ecf8bc63-ae8c-44b1-ac1a-285f94cb22aa
N007078,ecf8bc63-ae8c-44b1-ac1a-285f94cb22aa
N007079,4b619aab-0bfd-4b82-89b2-a854046e257d
N007080,4b619aab-0bfd-4b82-89b2-a854046e257d
N007081,d3b28c75-102d-4daa-9c65-cde09597db50
N007082,d9bafe2a-6b04-438e-a67f-454c72204b7f
N007083,1cecd924-cafd-4be2-90d1-d0309a162f61
N007084,7bc3e4bd-f2c5-476e-93f0-99ba95fb717e
N007085,d6bccb8e-5b68-4c94-a516-2c8a7964dac2
N007086,7d4a6662-f139-40dd-a9ea-cb6a7e7bfeec
N007087,7d4a6662-f139-40dd-a9ea-cb6a7e7bfeec
N007088,d6bccb8e-5b68-4c94-a516-2c8a7964dac2
N007089,7d4a6662-f139-40dd-a9ea-cb6a7e7bfeec
N007090,7d4a6662-f139-40dd-a9ea-cb6a7e7bfeec
N007091,4bd5b01d-2480-4c4e-854b-a87fe3cd6d81
N007092,b6e78c7e-6d6c-46b9-b0e6-8641eb221e87
N007093,6cd165ff-b089-44db-9adc-41b0248b1cfb
N007094,6cd165ff-b089-44db-9adc-41b0248b1cfb
N007095,591aac53-04ad-42f1-abaf-beeaaa6ede28
N007096,31bdd02b-8b15-43c5-8373-9bd4d7c5faaa
N007097,f3858859-96c7-4942-afeb-722b37370fcd
N007098,cd9f40a1-807c-4a87-ba95-c2a1568d63d7
N007099,f3858859-96c7-4942-afeb-722b37370fcd
N007100,cd9f40a1-807c-4a87-ba95-c2a1568d63d7
N007101,cd9f40a1-807c-4a87-ba95-c2a1568d63d7
N007102,948abe3e-cefd-4c63-9ed3-a8341d581dc9
N007103,59cc46d1-f180-4b39-ad39-21ecc60f2183
N007104,7963cf12-f34a-43b0-82d8-2e1aaff434e6
N007105,7963cf12-f34a-43b0-82d8-2e1aaff434e6
N007106,dcedfbee-ebe6-4d0c-850a-7bc46bc0b79c
N007107,e2fb0f86-37c0-4b58-8811-d38df49bf02d
N007108,1720f337-2180-499e-9d71-b65155e6ff53
N007109,d12a87a3-3992-41dd-86f3-7dadc115c211
N007110,1720f337-2180-499e-9d71-b65155e6ff53
N007111,bbf5b9f0-50ea-4cac-b538-99af872ec735
N007112,d12a87a3-3992-41dd-86f3-7dadc115c211
N007113,bbf5b9f0-50ea-4cac-b538-99af872ec735
N007114,6bc16d1a-eebb-45c0-9ee7-9b91eda51f63
N007115,22305bb6-fd13-4ad1-a30c-0fc198fa7806
N007116,0d6d46bc-c31d-4871-b99c-907790e58cbc
N007117,d12a87a3-3992-41dd-86f3-7dadc115c211
N007118,6e0a420b-a2ad-4b9b-a856-36327cc1f47a
N007119,b3660182-fc2d-44cd-9251-667cb2188c16
N007120,b3660182-fc2d-44cd-9251-667cb2188c16
N007121,42395298-ed6a-4dfe-b770-adf9e1fd3147
N007122,05654d3b-9ee8-4f73-8b91-606fc07b5319
N007123,8769e642-2520-4a10-a4d0-8b7d9b391563
N007124,8769e642-2520-4a10-a4d0-8b7d9b391563
N007125,8769e642-2520-4a10-a4d0-8b7d9b391563
N007126,4f3a9a82-9e01-4e57-b69e-564547650496
N007127,4f3a9a82-9e01-4e57-b69e-564547650496
N007128,4f3a9a82-9e01-4e57-b69e-564547650496
N007129,4f3a9a82-9e01-4e57-b69e-564547650496
N007130,4f3a9a82-9e01-4e57-b69e-564547650496
N007131,4f3a9a82-9e01-4e57-b69e-564547650496
N007132,4f3a9a82-9e01-4e57-b69e-564547650496
N007133,4f3a9a82-9e01-4e57-b69e-564547650496
N007134,4f3a9a82-9e01-4e57-b69e-564547650496
N007135,be8b22f7-2337-432f-b0ce-fae0f6aee2f6
N007136,d202fe33-40d6-4636-9f8e-e7c4630419b6
N007137,b93e5eed-2fe3-4b2e-9509-ec369588e93c
N007138,dadacfca-ba3c-4d70-bbaf-7f168ffeac95
N007139,c7f499ad-3259-44c1-8abb-aabb6db4aa8d
N007140,c7f499ad-3259-44c1-8abb-aabb6db4aa8d
N007141,c7f499ad-3259-44c1-8abb-aabb6db4aa8d
N007142,cec49981-e0b1-4021-822c-40669b9e7cbc
N007143,c7f499ad-3259-44c1-8abb-aabb6db4aa8d
N007144,56170c84-fa7e-4eec-9504-c9e9a5e7938f
N007145,92d63942-4353-41b7-a5c0-74bf519b5edf
N007146,3c184e8e-e04e-42d1-8b52-661969351376
N007147,3c184e8e-e04e-42d1-8b52-661969351376
N007148,d29ac59e-d533-4c1b-a9fe-40fc4dab1fea
N007149,e7e87676-e43c-4ce8-96ea-6a20cc134691
N007150,3f9338da-a037-427a-9e7d-df617ee2b5a7
N007151,3f9338da-a037-427a-9e7d-df617ee2b5a7
N007152,3f9338da-a037-427a-9e7d-df617ee2b5a7
N007153,d12a87a3-3992-41dd-86f3-7dadc115c211
N007154,93c01506-96be-41c6-a1f6-e99c8c1ed1b5
N007155,93c01506-96be-41c6-a1f6-e99c8c1ed1b5
N007156,67665abd-32a2-4a23-a650-fdd8fde52d0b
N007157,daaf3700-f58f-41ed-ac54-583b1ad63eb2
N007158,14dddc52-20be-4f6c-8e23-fcce9f52fe3e
N007159,8b7b6865-7952-479f-bd85-388b47e9a2cf
N007160,7dd947db-3715-4ad7-8626-b46222b467c4
N007161,7dd947db-3715-4ad7-8626-b46222b467c4
N007162,808adf7e-5cd6-4ea5-bb81-c98e1452aa46
N007163,808adf7e-5cd6-4ea5-bb81-c98e1452aa46
N007164,808adf7e-5cd6-4ea5-bb81-c98e1452aa46
N007165,58a9a71d-8f5d-4d41-821d-1c3e15889dfc
N007166,71452e27-cac0-4645-93e8-d063470e1b65
N007167,c8ac19f4-9054-4ff8-a76e-d86c8dd8ca1d
N007168,be98d0c2-d8ba-494d-8acc-66b7d3f66e47
N007169,0a524b94-12b0-4944-b5c7-541d37fd4c83
N007170,0a524b94-12b0-4944-b5c7-541d37fd4c83
N007171,39c2219d-b458-4101-9946-d42c398f7022
N007172,0a524b94-12b0-4944-b5c7-541d37fd4c83
N007173,37f7d744-393c-4be2-93fc-74e04932d994
N007174,a6f34352-be67-44b6-aea0-20fd1b742a91
N007175,a6f34352-be67-44b6-aea0-20fd1b742a91
N007176,547e8260-acb6-42d4-b6df-5475bd4eea3b
N007177,58a9a71d-8f5d-4d41-821d-1c3e15889dfc
N007178,2da81be5-8a92-4b75-b9fc-e9fa605516cc
N007179,334e00b6-34d6-4767-a26a-2870c872f951
N007180,2da81be5-8a92-4b75-b9fc-e9fa605516cc
N007181,2da81be5-8a92-4b75-b9fc-e9fa605516cc
N007182,2da81be5-8a92-4b75-b9fc-e9fa605516cc
N007183,334e00b6-34d6-4767-a26a-2870c872f951
N007184,58a9a71d-8f5d-4d41-821d-1c3e15889dfc
N007185,f585a61d-9ed4-41c5-a008-8afb175f3029
N007186,48e153b3-7154-4e5f-987d-fdfd4aea2ed0
N007187,48e153b3-7154-4e5f-987d-fdfd4aea2ed0
N007188,3c054b8b-4f6e-4671-bee0-a8a8d6bad431
N007189,3c054b8b-4f6e-4671-bee0-a8a8d6bad431
N007190,19dab558-ad7b-4a03-a821-92bad90f1523
N007191,23fcdd7c-1a74-4f96-a1c7-c24521b1ea06
N007192,58a9a71d-8f5d-4d41-821d-1c3e15889dfc
N007193,58a9a71d-8f5d-4d41-821d-1c3e15889dfc
N007194,c94ab9d0-f096-4ac6-9040-2c7075a0d37c
N007195,52a9ffb8-1a28-4f22-9ede-fb13a2e33bab
N007196,308bc0af-6c60-46bf-a361-4613f1f8de33
N007197,9b1063c8-c1c1-427a-ac8a-1c4048f1323d
N007198,a443ceb1-cd8b-4717-a577-05caebaf4374
N007199,a443ceb1-cd8b-4717-a577-05caebaf4374
N007200,a443ceb1-cd8b-4717-a577-05caebaf4374
N007201,a443ceb1-cd8b-4717-a577-05caebaf4374
N007202,402fcd11-e63b-49a7-835a-53c89300cb54
N007203,402fcd11-e63b-49a7-835a-53c89300cb54
N007204,09459716-add6-4f2a-962b-ab15090781c8
N007205,09459716-add6-4f2a-962b-ab15090781c8
N007206,09459716-add6-4f2a-962b-ab15090781c8
N007207,09459716-add6-4f2a-962b-ab15090781c8
N007208,09459716-add6-4f2a-962b-ab15090781c8
N007209,2ab60052-7f21-4dea-a1a2-a79aa50b8985
N007210,31560682-0f25-423d-870f-d397919ae71b
N007211,4dec4a1e-67d7-416d-8e8e-a487e4072482
N007212,71a83ef5-8094-4c9e-8fd8-06fc828f17fd
N007213,289ced1c-3eda-4aa4-a98b-845a55f2afb6
N007214,ff63c816-8ae7-4918-857d-95394d8131c4
N007215,029d0598-be84-4215-b3ba-adfe2afe16ae
N007216,fae3a6ca-f71b-4102-ae1e-cd194598da91
N007217,76af87d6-a985-4379-ba47-4e6c65c7f421
N007218,0bc88ebb-407e-4422-8c76-520be9a76108
N007219,fae3a6ca-f71b-4102-ae1e-cd194598da91
N007220,fae3a6ca-f71b-4102-ae1e-cd194598da91
N007221,fae3a6ca-f71b-4102-ae1e-cd194598da91
N007222,76af87d6-a985-4379-ba47-4e6c65c7f421
N007223,fae3a6ca-f71b-4102-ae1e-cd194598da91
N007224,fae3a6ca-f71b-4102-ae1e-cd194598da91
N007225,fdb951f7-207a-4c3c-b4c8-026f9bd716be
N007226,5630bfb4-0e8d-4a36-bb74-e733de5e15cb
N007227,78c56fc4-1b03-47fe-8aad-b6784d5dbadf
N007228,bd888850-9da9-425a-8e3d-b479a012e388
N007229,84cb2296-ac0a-4cf0-ab29-cf44ced68d62
N007230,1b391397-ef5e-4621-9327-378c0551a812
N007231,5af95ca9-13d5-4040-a711-66082d7e6e36
N007232,faeba475-5af8-46d7-9ab3-6c717a1dcc41
N007233,2dfb9ea0-06e5-4aab-a47f-1a84e56f5b42
N007234,faeba475-5af8-46d7-9ab3-6c717a1dcc41
N007235,faeba475-5af8-46d7-9ab3-6c717a1dcc41
N007236,faeba475-5af8-46d7-9ab3-6c717a1dcc41
N007237,faeba475-5af8-46d7-9ab3-6c717a1dcc41
N007238,cea78efb-8929-4636-9626-8985c0cb4c1c
N007239,faeba475-5af8-46d7-9ab3-6c717a1dcc41
N007240,bd9e0eff-84c6-4adc-a1e0-3b607bedc1eb
N007241,26ab5713-3600-4a5d-931f-589c1f2917b1
N007242,26ab5713-3600-4a5d-931f-589c1f2917b1
N007243,26ab5713-3600-4a5d-931f-589c1f2917b1
N007244,06d8d700-dc16-421e-b3cf-d97f3971e1d7
N007245,cbe2be52-b4ce-44ff-938a-ddc1afa3df4a
N007246,cbe2be52-b4ce-44ff-938a-ddc1afa3df4a
N007247,6e591b44-089b-464e-8fb4-27a06609c632
N007248,be290e10-8db2-43f6-b3aa-8acc7c040793
N007249,67010da4-e4ef-42a5-99e7-38755eb04d30
N007250,9a8af356-7bed-42e9-abe5-6a74bdd37cfd
N007251,b68780ba-e491-4dfc-b8ae-053827051802
N007252,258f4be3-09a5-4d62-9cf8-35cb5cda989a
N007253,0fe7be71-daaa-4091-a640-d6348ac1f12d
N007254,535a3d6a-c3d4-4ba5-8143-a80684527ac9
N007255,4d7b30fe-d857-4e6a-9a40-0b2cf1d76fc7
N007256,4d7b30fe-d857-4e6a-9a40-0b2cf1d76fc7
N007257,7f4f51e8-a9ac-4af2-a031-c325525b3255
N007258,98d19975-f094-4cff-9222-d1d67175373a
N007259,074866ec-21d7-4006-8ec8-3074d1c39a74
N007260,b6e0f4f5-8621-41c1-9a7f-2638c1c8aeb0
N007261,50bbd86d-408b-4779-8e7e-015e7759ce01
N007262,c75f0e9a-9769-4dd6-816b-866eb2b6cd48
N007263,f248bb01-6304-48cf-9c7d-0cfb579dcbc6
N007264,f248bb01-6304-48cf-9c7d-0cfb579dcbc6
N007265,5fd5b118-5c86-493c-a8c7-9838c2563fc0
N007266,673dfd15-3f95-4825-a99a-74d360e228e6
N007267,fafdb831-75d3-4565-b07d-f883d2d04fef
N007268,0fb9c688-d8f1-496a-965f-f8d2aa0ae1d3
N007269,e0348c58-6acd-4f0e-85ed-0a5dfea8d23c
N007270,55928492-fcc6-4bf7-9737-372397ed50b7
N007271,05b88d04-7126-43c5-83c2-d36369fe8438
N007272,05b88d04-7126-43c5-83c2-d36369fe8438
N007273,d800164a-0012-4d6d-a786-8da334c04491
N007274,d800164a-0012-4d6d-a786-8da334c04491
N007275,d800164a-0012-4d6d-a786-8da334c04491
N007276,f814ed1e-c362-4691-8881-1510f61c2da3
N007277,f585a61d-9ed4-41c5-a008-8afb175f3029
N007278,5680cebd-d017-4526-b5b2-fbb14acef043
N007279,50e45ad9-ecfa-4e24-9835-e24af96a89ce
N007280,1b1ff78e-ba9f-492e-99d4-711f0b9d1aab
N007281,abaf85cd-45e0-40cf-b3a4-99da7edeeb0e
N007282,58fa59cb-cf78-4338-a03d-a110f4afc789
N007283,6ae0dff8-e7f4-4623-98cc-b84a16bba5a5
N007284,6ae0dff8-e7f4-4623-98cc-b84a16bba5a5
N007285,6ae0dff8-e7f4-4623-98cc-b84a16bba5a5
N007286,6ae0dff8-e7f4-4623-98cc-b84a16bba5a5
N007287,1c0a0206-092a-4f04-a4d4-ed64c5a852de
N007288,3c0974e4-8d4a-45fc-945c-d8bea50b7d4a
N007289,58a9a71d-8f5d-4d41-821d-1c3e15889dfc
N007290,334e00b6-34d6-4767-a26a-2870c872f951
N007291,3aafa42a-2ec6-4696-9af9-81c3af25bf03
N007292,0e2debc6-72c4-4667-82c0-8234ac5fb939
N007293,781a6156-0024-4c67-b6e7-7b6d5105502d
N007294,781a6156-0024-4c67-b6e7-7b6d5105502d
N007295,58a9a71d-8f5d-4d41-821d-1c3e15889dfc
N007296,18b8122c-6fb9-4bef-9d66-d9b878d9658c
N007297,781a6156-0024-4c67-b6e7-7b6d5105502d
N007298,7906605c-e112-43d5-b555-628094f30eb7
N007299,7906605c-e112-43d5-b555-628094f30eb7
N007300,ab593399-1779-4e5b-b816-04599c5fe599
N007301,27686042-02d4-4c3c-bb0b-c7ef1f9af2e2
N007302,cec79692-364c-4a73-9f47-3cc684d96edc
N007303,0fb9c688-d8f1-496a-965f-f8d2aa0ae1d3
N007304,97bad331-c78e-4957-8bd5-036afa3feced
N007305,97bad331-c78e-4957-8bd5-036afa3feced
N007306,9f19452f-53d7-469e-9266-9aff318787fd
N007307,da71ce99-4c24-475a-8b16-910d15180a32
N007308,20bfb094-9052-4e8c-92c0-2f344c9eacd0
N007309,db846697-3492-4766-b9e9-7fb5ba020206
N007310,eee08cb6-7c50-48ab-ae0b-76e6e269abca
N007311,f8915a2e-84a1-4c43-8287-0315ab7ed20e
N007312,ff50b67c-d0eb-4bea-aa17-6407c34bc32d
N007313,ff50b67c-d0eb-4bea-aa17-6407c34bc32d
N007314,e7b8ee01-35d7-419d-ad89-464cb8a0b809
N007315,57a6b283-db66-459b-8382-85d6c2aabd48
N007316,dd3f0852-a5c7-4f56-8a50-7779eedf7579
N007317,dd3f0852-a5c7-4f56-8a50-7779eedf7579
N007318,dd3f0852-a5c7-4f56-8a50-7779eedf7579
N007319,3df7e919-fde8-4c4c-82e4-30d31ea7ed6c
N007320,e187fa2e-d503-4f0c-925d-917706a6838f
N007321,e187fa2e-d503-4f0c-925d-917706a6838f
N007322,45850ffe-367b-478e-a3b3-ab14e45ca84b
N007323,e187fa2e-d503-4f0c-925d-917706a6838f
N007324,e187fa2e-d503-4f0c-925d-917706a6838f
N007325,45850ffe-367b-478e-a3b3-ab14e45ca84b
N007326,69de08c0-f784-4be3-b1ae-8b615c1b57a8
N007327,69de08c0-f784-4be3-b1ae-8b615c1b57a8
N007328,c45bd442-7887-4336-ad4e-957476e46b17
N007329,aebd8236-cc14-4325-abb2-f868fbfa6dcb
N007330,76cf20dd-2faf-4537-9824-9724dddb8abb
N007331,2a851d98-8582-4791-8a8b-90142b03dbac
N007332,76cf20dd-2faf-4537-9824-9724dddb8abb
N007333,76cf20dd-2faf-4537-9824-9724dddb8abb
N007334,8ffcd9a6-d165-4a5a-bfd2-b3fba6b35ca2
N007335,8ffcd9a6-d165-4a5a-bfd2-b3fba6b35ca2
N007336,8ffcd9a6-d165-4a5a-bfd2-b3fba6b35ca2
N007337,6a881521-a723-4ad0-8cf5-559e3cd37f21
N007338,04b9eb01-f4f0-4fb5-b521-4ffb6a6200bc
N007339,04b9eb01-f4f0-4fb5-b521-4ffb6a6200bc
N007340,078b88fd-a474-45a3-85c8-6f2cdbe5e34b
N007341,ce1398be-8e49-48e7-8878-9e11908defcf
N007342,771d2b18-1c8e-4fd3-b811-65ffad78b2e3
N007343,39819ccd-f172-4a5c-a95c-bde64fca8d5f
N007344,39c0ee66-8c2d-408a-8650-30678e013cd8
N007345,15a39541-d4ca-444e-b4a0-00a02ce9493e
N007346,15a39541-d4ca-444e-b4a0-00a02ce9493e
N007347,15a39541-d4ca-444e-b4a0-00a02ce9493e
N007348,15a39541-d4ca-444e-b4a0-00a02ce9493e
N007349,15a39541-d4ca-444e-b4a0-00a02ce9493e
N007350,313e0627-cba5-496d-9a02-6caaa350179c
N007351,313e0627-cba5-496d-9a02-6caaa350179c
N007352,313e0627-cba5-496d-9a02-6caaa350179c
N007353,1e50df8b-7c8f-4b37-a27b-52bebfcbfaf6
N007354,313e0627-cba5-496d-9a02-6caaa350179c
N007355,6d82aa18-9454-43e1-9709-fa324201d55a
N007356,b6679b72-cfac-4ab8-9b5f-768349ec8d69
N007357,b6679b72-cfac-4ab8-9b5f-768349ec8d69
N007358,2141cda8-e562-4663-a01f-294183baf827
N007359,de391e60-5b10-4bf0-b230-74b60e457e0a
N007360,de391e60-5b10-4bf0-b230-74b60e457e0a
N007361,301bcb7c-c756-4b6c-9916-f5a21142706f
N007362,9790350b-bf21-46fd-96b6-cae5f232c8df
N007363,9790350b-bf21-46fd-96b6-cae5f232c8df
N007364,9790350b-bf21-46fd-96b6-cae5f232c8df
N007365,9790350b-bf21-46fd-96b6-cae5f232c8df
N007366,8c3f706a-fee3-4bf8-bb34-7d5153c0ac00
N007367,ff8e5eab-520a-46e6-8563-4493aa67ab55
N007368,57f93e94-3bf5-4214-a58a-32f1f8661bcd
N007369,be885817-3c1f-4a54-aa8b-3f0c6e841b3b
N007370,be885817-3c1f-4a54-aa8b-3f0c6e841b3b
N007371,be885817-3c1f-4a54-aa8b-3f0c6e841b3b
N007372,2f0fcd8c-7e19-483d-b854-52630409e8b3
N007373,2f0fcd8c-7e19-483d-b854-52630409e8b3
N007374,28eda698-9792-4d62-adee-dd58ce43475c
N007375,9ae0c7c0-12cc-420d-8ad2-fe1448df0b30
N007376,74b01e44-27e6-4479-99b8-a1f488c4b9e8
N007377,ad49cade-43c2-4262-aa71-cd8e0300a201
N007378,427346c2-fce4-4fe3-9419-0c84fdfdd79c
N007379,f6a9e7c2-11f4-4994-a5d4-b5ef5e99ff26
N007380,f6a9e7c2-11f4-4994-a5d4-b5ef5e99ff26
N007381,f6a9e7c2-11f4-4994-a5d4-b5ef5e99ff26
N007382,f74b92d9-294c-4119-ab1c-c7b33758f2e0
N007383,334e00b6-34d6-4767-a26a-2870c872f951
N007384,3d7350e5-32f7-427a-8f9f-b53e8fce2aef
N007385,0ed0b9c2-ff74-43da-ab44-63dfb2b7f875
N007386,822d7eb6-def2-4817-ba81-79a3211ce4ff
N007387,4e2b4427-294e-4704-b401-1277938b644f
N007388,c702add8-67f5-4a06-8c6c-8f9133d34e5b
N007389,c702add8-67f5-4a06-8c6c-8f9133d34e5b
N007390,080e88ec-df1c-42ad-bed4-370c6167add9
N007391,c702add8-67f5-4a06-8c6c-8f9133d34e5b
N007392,af0399bf-30c2-491a-b8c5-5835650dde1a
N007393,c51950ae-4cb4-486e-91c2-83a0762c6efb
N007394,a2acab75-6798-4151-be58-793fe75b3090
N007395,a2acab75-6798-4151-be58-793fe75b3090
N007396,a2acab75-6798-4151-be58-793fe75b3090
N007397,a2acab75-6798-4151-be58-793fe75b3090
N007398,5630bfb4-0e8d-4a36-bb74-e733de5e15cb
N007399,dda3da94-e21d-4280-888a-768290503daf
N007400,10354a35-1afa-4e7c-b088-6ce1075b34f8
N007401,7e96e1ab-f1a8-40a1-a909-263760090b4e
N007402,1f3a3742-dd44-4f25-89d4-e356c32b46aa
N007403,8404d869-7053-4696-9e41-7c9b51229abf
N007404,81532fb4-4ee5-4cc6-89b4-250f30af0616
N007405,39b4b95b-23e3-4706-ba9e-53c69ea4b917
N007406,d8f67692-b719-48dd-baa7-23d78bd4ff52
N007407,d8f67692-b719-48dd-baa7-23d78bd4ff52
N007408,d8f67692-b719-48dd-baa7-23d78bd4ff52
N007409,d8f67692-b719-48dd-baa7-23d78bd4ff52
N007410,1b381ef4-d780-4d6f-b1cc-79e8b093c998
N007411,1b381ef4-d780-4d6f-b1cc-79e8b093c998
N007412,8b691c76-f571-4146-8427-736914c37e8b
N007413,76a084a0-e510-45a2-9810-1149ac14dead
N007414,71acf3d8-eab4-41ab-b9d1-67bd78e25db0
N007415,488c87eb-211e-449f-9a65-8afd38fe3b9c
N007416,4f411218-1c06-4174-9e83-e8ae53409367
N007417,09cea03f-c913-4a5d-a526-16489723d07f
N007418,09cea03f-c913-4a5d-a526-16489723d07f
N007419,8500dfbe-7baa-4dbc-9e89-01012a659a36
N007420,09cea03f-c913-4a5d-a526-16489723d07f
N007421,09cea03f-c913-4a5d-a526-16489723d07f
N007422,62d64ece-577e-447b-bff9-547299123923
N007423,82d63dc1-3963-4028-a2be-a5b952c593db
N007424,f34bbb70-d15c-4f77-b565-42dbac719cc8
N007425,82d63dc1-3963-4028-a2be-a5b952c593db
N007426,c90b0788-7a63-4258-9786-5fa4e9aa52ea
N007427,0a1ab0fa-ee69-427a-b90b-3949659dc855
N007428,7cf5f4ac-1fb2-42a9-be42-85d3ad8f0bc4
N007429,23ad624c-1051-47bc-8a86-1a2e7c2025b7
N007430,23ad624c-1051-47bc-8a86-1a2e7c2025b7
N007431,7cf5f4ac-1fb2-42a9-be42-85d3ad8f0bc4
N007432,7185cd05-2e5b-4fc3-bd77-24f51e72f13c
N007433,c1209672-aebb-4ef2-8239-8011facd11bd
N007434,2163bc93-ac9f-48d2-90b3-65df74573f0b
N007435,2163bc93-ac9f-48d2-90b3-65df74573f0b
N007436,11d24bbd-92e9-484e-bec6-093cf0f9a0d3
N007437,04ff19ef-7dc5-4b07-9257-c352990a8e24
N007438,04ff19ef-7dc5-4b07-9257-c352990a8e24
N007439,04ff19ef-7dc5-4b07-9257-c352990a8e24
N007440,0d67b57c-5b9d-4f86-8e27-4c77af165f56
N007441,1283fa9e-a7e0-42b7-996e-f5dddcb16604
N007442,90b13d80-323a-4322-b4de-16e801c47a9b
N007443,90b13d80-323a-4322-b4de-16e801c47a9b
N007444,29860b0a-1be2-4604-a352-ce5831d080ab
N007445,23c603d3-a36a-4993-9d7c-cf6e22afbc51
N007446,7247a571-527d-409e-bde5-ff627b5cb1c0
N007447,7247a571-527d-409e-bde5-ff627b5cb1c0
N007448,6edb257e-e56f-4b45-bcad-870877908a12
N007449,8dd22529-d35e-41ed-b6bf-292a27465613
N007450,be431f9f-1a33-4a2e-a10c-d8fa917e011e
N007451,71209fe7-781b-4b41-b4e3-486974d5cf21
N007452,be431f9f-1a33-4a2e-a10c-d8fa917e011e
N007453,be431f9f-1a33-4a2e-a10c-d8fa917e011e
N007454,be431f9f-1a33-4a2e-a10c-d8fa917e011e
N007455,be431f9f-1a33-4a2e-a10c-d8fa917e011e
N007456,be431f9f-1a33-4a2e-a10c-d8fa917e011e
N007457,be431f9f-1a33-4a2e-a10c-d8fa917e011e
N007458,7a658126-877c-4bcf-88b0-3e7b484f7ddd
N007459,7a658126-877c-4bcf-88b0-3e7b484f7ddd
N007460,cc9cff2b-57a8-4669-bf4a-717d64d8f54d
N007461,66901cf7-a7b4-4f22-843a-99a798fa500b
N007462,66901cf7-a7b4-4f22-843a-99a798fa500b
N007463,66901cf7-a7b4-4f22-843a-99a798fa500b
N007464,66901cf7-a7b4-4f22-843a-99a798fa500b
N007465,66901cf7-a7b4-4f22-843a-99a798fa500b
N007466,66901cf7-a7b4-4f22-843a-99a798fa500b
N007467,6a1ae5af-240c-4318-8015-d710e750af55
N007468,42fced32-6329-4f61-b5ba-99ca9923e4c4
N007469,0c1f4b21-342e-48a8-abff-1e150d238739
N007470,0c1f4b21-342e-48a8-abff-1e150d238739
N007471,0c1f4b21-342e-48a8-abff-1e150d238739
N007472,f585a61d-9ed4-41c5-a008-8afb175f3029
N007473,156a014c-7767-46c5-9a93-cd32f19ccca7
N007474,f585a61d-9ed4-41c5-a008-8afb175f3029
N007475,1cba8aa2-b5c7-429e-baeb-a34cd93bd91b
N007476,b93d14e9-4251-4037-9709-f27e6d5dd034
N007477,1cba8aa2-b5c7-429e-baeb-a34cd93bd91b
N007478,bc12bbb1-e3fd-4a5e-a894-cdbbd1827a02
N007479,b913f088-db17-4d06-9de5-93a29a7a31be
N007480,7c2775b4-864e-4138-8934-0e3852f1d00d
N007481,ee19cd19-cfa2-4886-a3be-5a3b19c2b342
N007482,ee19cd19-cfa2-4886-a3be-5a3b19c2b342
N007483,ee19cd19-cfa2-4886-a3be-5a3b19c2b342
N007484,ee19cd19-cfa2-4886-a3be-5a3b19c2b342
N007485,ee19cd19-cfa2-4886-a3be-5a3b19c2b342
N007486,47553c29-d22c-4bbb-8779-3baad9bc8ac2
N007487,684eef4d-e3e2-42a8-80f0-1baa38968303
N007488,719553fe-b32c-4815-8672-c997296e38bb
N007489,684eef4d-e3e2-42a8-80f0-1baa38968303
N007490,684eef4d-e3e2-42a8-80f0-1baa38968303
N007491,719553fe-b32c-4815-8672-c997296e38bb
N007492,684eef4d-e3e2-42a8-80f0-1baa38968303
N007493,684eef4d-e3e2-42a8-80f0-1baa38968303
N007494,684eef4d-e3e2-42a8-80f0-1baa38968303
N007495,0fb9c688-d8f1-496a-965f-f8d2aa0ae1d3
N007496,c6475320-42af-457a-8c97-50f859013809
N007497,eee08cb6-7c50-48ab-ae0b-76e6e269abca
N007498,eee08cb6-7c50-48ab-ae0b-76e6e269abca
N007499,eee08cb6-7c50-48ab-ae0b-76e6e269abca
N007500,48058153-0db0-4a32-8b9a-f44e80b64b7a
N007501,f39ac179-42f7-464c-a2bb-945c4d692374
N007502,f585a61d-9ed4-41c5-a008-8afb175f3029
N007503,efbfa1e3-f4e8-4e27-a2cf-75bba9555690
N007504,a24ec5bc-fdc9-4ae8-9b5d-5b6614f44283
N007505,a24ec5bc-fdc9-4ae8-9b5d-5b6614f44283
N007506,ae9fbce9-231d-4d95-a010-e5343304dd50
N007507,0f0c2b97-2a42-4f7a-9e1a-251177a73374
N007508,1f668a11-4b67-4443-b676-3f4f8a42e7ff
N007509,d266d4e9-06e2-4b76-8696-d4bed93a1941
N007510,c5b765f5-019b-4cba-95b6-d51fb9d75c11
N007511,1254980b-3b52-40fc-848e-3ccbbedac402
N007512,8aac18b2-72d4-4a7d-b05d-565e5cbd794e
N007513,0014522d-c7ae-4513-a997-e1a52b7e7374
N007514,0014522d-c7ae-4513-a997-e1a52b7e7374
N007515,0014522d-c7ae-4513-a997-e1a52b7e7374
N007516,0014522d-c7ae-4513-a997-e1a52b7e7374
N007517,1f63a065-94fc-4238-82b0-a972c99a78bf
N007518,47b7fda1-34f8-464f-aa79-4d6dbea43e54
N007519,771448be-4b94-4440-b65f-bd40f44b9207
N007520,075fbb74-ec20-440d-9f22-a479656e443f
N007521,771448be-4b94-4440-b65f-bd40f44b9207
N007522,bdee7900-3fcd-43f2-97db-bec147a1abc4
N007523,c6bc7543-1e37-47f3-8a8f-5f3e0d25e928
N007524,c6bc7543-1e37-47f3-8a8f-5f3e0d25e928
N007525,5f96f777-3b83-4954-b603-a39936ec0660
N007526,29cee2cb-d22a-4717-adf2-72320b8f9d39
N007527,ecf77531-9102-4387-bfe2-92383199392c
N007528,17efd9a9-fb34-4b11-b7bb-f5f20cb87267
N007529,5aa53c69-7014-4833-9421-5f6627bffc4d
N007530,5aa53c69-7014-4833-9421-5f6627bffc4d
N007531,43a592e3-4ed6-4292-a642-e2ab9b8e8fdf
N007532,3a30dd36-d3c3-40d8-ac3a-45046a648075
N007533,19f94977-75da-4910-81ff-99a007597b57
N007534,436990ad-9ab1-40d5-99db-36fad0e9e419
N007535,436990ad-9ab1-40d5-99db-36fad0e9e419
N007536,be98d0c2-d8ba-494d-8acc-66b7d3f66e47
N007537,d7b51f60-637d-4b9b-acb7-08a63ffd9d6b
N007538,d7b51f60-637d-4b9b-acb7-08a63ffd9d6b
N007539,d7b51f60-637d-4b9b-acb7-08a63ffd9d6b
N007540,d7b51f60-637d-4b9b-acb7-08a63ffd9d6b
N007541,ec9f43e2-64be-403d-8ccb-de65aae4b36f
N007542,ec9f43e2-64be-403d-8ccb-de65aae4b36f
N007543,58a9a71d-8f5d-4d41-821d-1c3e15889dfc
N007544,ec9f43e2-64be-403d-8ccb-de65aae4b36f
N007545,ec9f43e2-64be-403d-8ccb-de65aae4b36f
N007546,ced43b4c-bbef-4fbe-b143-5de056f58096
N007547,ff6fae15-f41a-4081-94d6-f315aa8ab7eb
N007548,5e423bcf-b73a-4b23-b946-46c313177c42
N007549,ff6fae15-f41a-4081-94d6-f315aa8ab7eb
N007550,63b3c7c6-3fd6-4858-a66f-05d600cae3be
N007551,ab6a6a8a-2eea-48c9-ac6c-9baed85e8714
N007552,974953e5-5e89-4bee-bf25-0e9a68f62e85
N007553,8fdb4a75-c931-4378-a175-3d03eaf35bbb
N007554,8fdb4a75-c931-4378-a175-3d03eaf35bbb
N007555,e61a43ac-cf5e-436d-99c8-fbbd332dc623
N007556,ee9a8781-5350-431a-ae37-5cb8b143cecc
N007557,ee9a8781-5350-431a-ae37-5cb8b143cecc
N007558,36155527-7c31-404e-9028-490b17fad6a2
N007559,36155527-7c31-404e-9028-490b17fad6a2
N007560,c12ea75f-280b-47e6-b420-b00a48b7e9ac
N007561,c8ac8469-e968-4c76-b309-5ebedf737018
N007562,d6a49b09-8b2c-4979-8b1d-dcb7ac2085b6
N007563,d9702a02-8d4c-4d72-b8dc-f48dfceb6406
N007564,d96d0c1d-4e23-49c6-8471-eee8f7ffd0e0
N007565,e30b1580-27c7-4189-9df7-0828f8eeb513
N007566,e30b1580-27c7-4189-9df7-0828f8eeb513
N007567,e30b1580-27c7-4189-9df7-0828f8eeb513
N007568,e30b1580-27c7-4189-9df7-0828f8eeb513
N007569,e30b1580-27c7-4189-9df7-0828f8eeb513
N007570,58a9a71d-8f5d-4d41-821d-1c3e15889dfc
N007571,58a9a71d-8f5d-4d41-821d-1c3e15889dfc
N007572,3b1aaebc-806d-4538-9e55-338234ea2a20
N007573,3b1aaebc-806d-4538-9e55-338234ea2a20
N007574,1f230599-eb55-4138-a7fd-c8770fa16d63
N007575,1f230599-eb55-4138-a7fd-c8770fa16d63
N007576,88f5d74e-23fd-4636-9c98-5f1a7525e44f
N007577,1b1e2593-b2aa-4b44-a2c8-f91bcae6b03b
N007578,74e88ac5-9ac6-4ec0-8ad8-f6cf14728351
N007579,1b1e2593-b2aa-4b44-a2c8-f91bcae6b03b
N007580,f7c3dea0-7b64-499a-a581-77b0e96743c9
N007581,af58f74f-d3b9-4180-8f15-cd557317f15a
N007582,63c7dab6-5223-46ba-93b8-b09bee05cbd0
N007583,5245811b-e11c-4215-bd4c-0b35b72499b4
N007584,b35dcebd-9234-44d3-898a-2cacc1e47e37
N007585,63c7dab6-5223-46ba-93b8-b09bee05cbd0
N007586,5245811b-e11c-4215-bd4c-0b35b72499b4
N007587,b6c8c3de-f480-4771-b2bd-6002a00f5126
N007588,672149de-ca9b-4c29-ab11-f59de8f921e2
N007589,672149de-ca9b-4c29-ab11-f59de8f921e2
N007590,672149de-ca9b-4c29-ab11-f59de8f921e2
N007591,c2ade664-d120-423b-b83b-76dffaabd26e
N007592,672149de-ca9b-4c29-ab11-f59de8f921e2
N007593,196493bd-20aa-4112-bbfa-4d7403f7be9e
N007594,b65b5873-912f-4692-9da4-b2d248df4ef9
N007595,dabc706f-8ef0-4b32-97e8-a0b692ec1df8
N007596,00bb7cf3-5ace-45f2-b324-212afd6c575b
N007597,0e81f0f5-a89d-48f5-9ead-f8133a48a88a
N007598,996ea751-e349-4748-950a-0b1de69b2868
N007599,97b35d52-9f4c-4ce8-aaa3-d0d0857fe364
N007600,97b35d52-9f4c-4ce8-aaa3-d0d0857fe364
N007601,97b35d52-9f4c-4ce8-aaa3-d0d0857fe364
N007602,21ac86d9-48dc-4345-9d08-74d986dc8d73
N007603,21ac86d9-48dc-4345-9d08-74d986dc8d73
N007604,21ac86d9-48dc-4345-9d08-74d986dc8d73
N007605,4f5dc384-4356-4b1c-a666-20a884b8adcc
N007606,e35affb0-3f63-44c7-a2dd-df4ce3782ba6
N007607,e35affb0-3f63-44c7-a2dd-df4ce3782ba6
N007608,e35affb0-3f63-44c7-a2dd-df4ce3782ba6
N007609,e35affb0-3f63-44c7-a2dd-df4ce3782ba6
N007610,e35affb0-3f63-44c7-a2dd-df4ce3782ba6
N007611,cafacf70-3784-4f84-8dbe-9eb779814e50
N007612,17e5a85e-6c07-4791-811f-76cf683cdd6b
N007613,80261d67-e93d-40bc-923b-cc1c182b4631
N007614,561f211e-2498-4755-81fc-3102383e6e14
N007615,0cb97840-5bda-48a7-9375-dec0f6cacd4d
N007616,0cb97840-5bda-48a7-9375-dec0f6cacd4d
N007617,1f628c7d-7b77-4320-8be6-b323fe47ed6c
N007618,1f628c7d-7b77-4320-8be6-b323fe47ed6c
N007619,c7a67fb3-d644-45f8-be39-378c2e3f9cbe
N007620,c7a67fb3-d644-45f8-be39-378c2e3f9cbe
N007621,c7a67fb3-d644-45f8-be39-378c2e3f9cbe
N007622,c7a67fb3-d644-45f8-be39-378c2e3f9cbe
N007623,405f5994-294e-4aa6-a761-443eac61abb3
N007624,c7a67fb3-d644-45f8-be39-378c2e3f9cbe
N007625,405f5994-294e-4aa6-a761-443eac61abb3
N007626,965aec0c-6079-4adb-9fd2-af32d5a05453
N007627,fbb4da14-8fa5-4ee6-962c-b34b45ec686a
N007628,fbb4da14-8fa5-4ee6-962c-b34b45ec686a
N007629,21460991-7855-42a3-aea0-e3b9319f937b
N007630,f15f73c8-4835-4435-a22e-048184cde646
N007631,07d70a79-bcf6-4a2b-b279-5b3721b9d1c7
N007632,f15f73c8-4835-4435-a22e-048184cde646
N007633,560e838d-a288-4fba-ad36-83a757ce3a5d
N007634,560e838d-a288-4fba-ad36-83a757ce3a5d
N007635,0ce76701-7fdc-4cb1-a9d3-085a069e4ac7
N007636,dbc5d4f6-8462-40fe-8656-1585216e1841
N007637,b88ee60d-7af0-403e-9f9e-23f8f5fafa25
N007638,dbc5d4f6-8462-40fe-8656-1585216e1841
N007639,dbc5d4f6-8462-40fe-8656-1585216e1841
N007640,dbc5d4f6-8462-40fe-8656-1585216e1841
N007641,80b2f127-1c79-4c1f-8cfa-9ebbc372d49b
N007642,94f2e3db-b7c6-46a4-bfa1-5f2446a4d3fc
N007643,e6678fff-4f67-452f-a993-2b8986930ac3
N007644,77ab90fc-6117-4a49-81f9-ea68dbd58271
N007645,77ab90fc-6117-4a49-81f9-ea68dbd58271
N007646,08505111-2d4c-4b9a-9234-6ee33fff5782
N007647,e61f8459-63f3-48c8-9edc-b09c1606dc39
N007648,3229ac54-16a3-441c-814e-6d774d0e0a35
N007649,daedc0d1-c79c-45d5-8b0b-d66abf18479d
N007650,1da14000-7f74-4ee8-93e9-360d54e5d747
N007651,915eb83b-0695-4b35-8044-e09c0c7ce9d6
N007652,58a9a71d-8f5d-4d41-821d-1c3e15889dfc
N007653,915eb83b-0695-4b35-8044-e09c0c7ce9d6
N007654,915eb83b-0695-4b35-8044-e09c0c7ce9d6
N007655,915eb83b-0695-4b35-8044-e09c0c7ce9d6
N007656,58a9a71d-8f5d-4d41-821d-1c3e15889dfc
N007657,915eb83b-0695-4b35-8044-e09c0c7ce9d6
N007658,915eb83b-0695-4b35-8044-e09c0c7ce9d6
N007659,59d66ea6-4f83-47db-8f9f-f7ef8d9f3a76
N007660,59d66ea6-4f83-47db-8f9f-f7ef8d9f3a76
N007661,59d66ea6-4f83-47db-8f9f-f7ef8d9f3a76
N007662,4c0fd4f4-5d88-44b6-99f1-eb5c4e581939
N007663,59d66ea6-4f83-47db-8f9f-f7ef8d9f3a76
N007664,4c6f8081-d06e-4c3a-a0d2-ee35a53cfdd3
N007665,4c6f8081-d06e-4c3a-a0d2-ee35a53cfdd3
N007666,afc882a4-79f8-49da-897c-8179d538b44a
N007667,4e7f4470-b06b-4204-9824-2cedec6bf549
N007668,be98d0c2-d8ba-494d-8acc-66b7d3f66e47
N007669,851d105e-f2fa-47d7-8c3f-bd944d149eb6
N007670,346bc368-fc07-40e9-93e0-f76ab126f089
N007671,1866a00c-2888-4d4a-9895-0baca3a697d8
N007672,b33c8f7a-2f80-4a85-8e8c-94ec7617de1d
N007673,be98d0c2-d8ba-494d-8acc-66b7d3f66e47
N007674,be98d0c2-d8ba-494d-8acc-66b7d3f66e47
N007675,7be33598-9ea5-4cd6-b383-a5af405d4c92
N007676,d12a87a3-3992-41dd-86f3-7dadc115c211
N007677,8b24f7c9-7bdc-4b64-abf0-59f7ae65f66e
N007678,8b24f7c9-7bdc-4b64-abf0-59f7ae65f66e
N007679,322e7e6e-ca6e-4b4c-95fa-05c48e4c9228
N007680,a3750cab-d9b8-4bd8-bbad-a888e55a3974
N007681,43b72c58-e0b2-4671-8b6d-c7efce88681b
N007682,322e7e6e-ca6e-4b4c-95fa-05c48e4c9228
N007683,322e7e6e-ca6e-4b4c-95fa-05c48e4c9228
N007684,43b72c58-e0b2-4671-8b6d-c7efce88681b
N007685,322e7e6e-ca6e-4b4c-95fa-05c48e4c9228
N007686,322e7e6e-ca6e-4b4c-95fa-05c48e4c9228
N007687,e409b9f6-420e-4ee1-96ef-9ac38d290162
N007688,7ba73af7-8273-42ff-8237-f1f827010236
N007689,86c78678-8fdd-4d68-8139-7b7b8fe09102
N007690,0627e758-9c66-4237-861e-64a7d0b80872
N007691,df62b438-fb18-455e-a350-90177b8f6700
N007692,d350767e-1925-4d93-9b39-c58788f2c8eb
N007693,334e00b6-34d6-4767-a26a-2870c872f951
N007694,7019cdef-7588-4aeb-9c0c-173227fad954
N007695,d350767e-1925-4d93-9b39-c58788f2c8eb
N007696,d350767e-1925-4d93-9b39-c58788f2c8eb
N007697,0ff33a26-9b8b-46cd-b787-60345f5df43b
N007698,0ff33a26-9b8b-46cd-b787-60345f5df43b
N007699,5630bfb4-0e8d-4a36-bb74-e733de5e15cb
N007700,0ff33a26-9b8b-46cd-b787-60345f5df43b
N007701,5630bfb4-0e8d-4a36-bb74-e733de5e15cb
N007702,6edb257e-e56f-4b45-bcad-870877908a12
N007703,0ff33a26-9b8b-46cd-b787-60345f5df43b
N007704,ee97e8b1-589a-4ede-9b0e-e4b89b241666
N007705,f4205c96-282e-4a42-abe9-3095a0b73af9
N007706,f4205c96-282e-4a42-abe9-3095a0b73af9
N007707,f5fec23a-683d-4f1b-ad43-32d1f4cc007a
N007708,672cde64-9ace-4208-8f61-71cbf57d4046
N007709,70a20c8a-4644-42de-9c0a-350ba8bb14b7
N007710,cb001629-0fa2-4a53-a66b-d46c632e76f1
N007711,17c76d49-ed2d-4717-a134-1fe7e973805e
N007712,17c76d49-ed2d-4717-a134-1fe7e973805e
N007713,17c76d49-ed2d-4717-a134-1fe7e973805e
N007714,17c76d49-ed2d-4717-a134-1fe7e973805e
N007715,17c76d49-ed2d-4717-a134-1fe7e973805e
N007716,31549c29-54b2-4180-b480-d3416386d51c
N007717,6abb8047-e588-4ef2-ba3d-1a9840933dc7
N007718,31549c29-54b2-4180-b480-d3416386d51c
N007719,31549c29-54b2-4180-b480-d3416386d51c
N007720,31549c29-54b2-4180-b480-d3416386d51c
N007721,31549c29-54b2-4180-b480-d3416386d51c
N007722,b01cfb38-848d-48e0-a18a-705929cefe5e
N007723,b01cfb38-848d-48e0-a18a-705929cefe5e
N007724,b01cfb38-848d-48e0-a18a-705929cefe5e
N007725,4e4ceb39-e7b3-4753-b082-e45054df15fd
N007726,abd8d476-2da3-4e05-8c6a-05980f158dfc
N007727,ffa3482a-a082-4f4b-93d8-b35fdc1c675e
N007728,5de995ff-489e-4df0-b32a-41c338dff5e8
N007729,786eed3e-47f2-4cc7-8e48-6f5db4d164ca
N007730,786eed3e-47f2-4cc7-8e48-6f5db4d164ca
N007731,786eed3e-47f2-4cc7-8e48-6f5db4d164ca
N007732,786eed3e-47f2-4cc7-8e48-6f5db4d164ca
N007733,9625005c-00b2-43f2-9308-4cfcd85bbfb2
N007734,c2515e93-4a68-4b6c-9f3d-1638d4a3f0fb
N007735,8fdf2667-d435-4aa0-a85e-04169ee1d2c6
N007736,5468f3c7-b805-4775-8c82-f4b42e16c11c
N007737,50aa45b0-fa37-476c-8c6f-0638c42bd4fa
N007738,12afcdf1-80c4-463d-bb84-375c006956e1
N007739,34c1160f-9c0c-4fce-8fc2-6990a752109a
N007740,34c1160f-9c0c-4fce-8fc2-6990a752109a
N007741,23db2775-577c-4629-8aa2-31892a126923
N007742,23db2775-577c-4629-8aa2-31892a126923
N007743,b1e27e9e-0775-4450-b5b9-4f4a5fd99dd3
N007744,05b0d381-1ae7-43f8-bdde-03b1ed7d3b03
N007745,34f0321d-54f9-453c-bfe2-7e8eabcd9d40
N007746,7c66a2f9-4183-43a9-a3ef-c5400166fa73
N007747,49af29c1-f4b6-4b90-a080-acf79d908a3a
N007748,35cb989f-6bed-44c7-a97c-52bc702ef675
N007749,17a13d4a-066d-49ed-bd5e-b590f0e0c4c2
N007750,5ec4976e-d48a-4506-bb70-e9f8bf862c84
N007751,24318177-0a90-41d3-af38-10ede5a71702
N007752,24318177-0a90-41d3-af38-10ede5a71702
N007753,24318177-0a90-41d3-af38-10ede5a71702
N007754,0fb9c688-d8f1-496a-965f-f8d2aa0ae1d3
N007755,87b6e986-53c1-469e-8cc8-bf4e302d75a5
N007756,3fd34eb8-81b7-425e-a614-a032dcd55b87
N007757,8051402b-9ee3-4cf1-be1c-1469663b6e58
N007758,e18b7760-f940-428b-acdb-9b3f3e20a984
N007759,8dd1e5d7-3fa4-4b6d-a2a3-12d63367a9d1
N007760,e80f7082-9246-401b-8192-094b115f8cdb
N007761,28f45c97-2dae-4cc2-980e-283db49cefb3
N007762,28f45c97-2dae-4cc2-980e-283db49cefb3
N007763,28f45c97-2dae-4cc2-980e-283db49cefb3
N007764,28f45c97-2dae-4cc2-980e-283db49cefb3
N007765,ce99ed50-b586-4724-8af5-bbeecaf44a25
N007766,425b495d-f6c9-4cb6-8415-5dd5665414e8
N007767,425b495d-f6c9-4cb6-8415-5dd5665414e8
N007768,b1d32a9b-b243-40f3-b39c-7b6cc4a04c3f
N007769,425b495d-f6c9-4cb6-8415-5dd5665414e8
N007770,bbb571d9-e84a-4aa7-996c-dd0ed17346bb
N007771,e4810f02-993f-42e2-ad1c-33ee56b6f51e
N007772,b8c18e4f-f4ed-4023-96d7-2607c56b4abf
N007773,e4810f02-993f-42e2-ad1c-33ee56b6f51e
N007774,e4810f02-993f-42e2-ad1c-33ee56b6f51e
N007775,e4810f02-993f-42e2-ad1c-33ee56b6f51e
N007776,e4810f02-993f-42e2-ad1c-33ee56b6f51e
N007777,e4810f02-993f-42e2-ad1c-33ee56b6f51e
N007778,8b5f9fd8-3006-4a4a-850d-757666189398
N007779,8b5f9fd8-3006-4a4a-850d-757666189398
N007780,c4bae521-aea7-4c3e-98b5-3c87ad92d1d2
N007781,5630bfb4-0e8d-4a36-bb74-e733de5e15cb
N007782,c4bae521-aea7-4c3e-98b5-3c87ad92d1d2
N007783,c4bae521-aea7-4c3e-98b5-3c87ad92d1d2
N007784,11f92262-2c81-40f2-b7ad-75fd2d46f31c
N007785,c4bae521-aea7-4c3e-98b5-3c87ad92d1d2
N007786,5630bfb4-0e8d-4a36-bb74-e733de5e15cb
N007787,c4bae521-aea7-4c3e-98b5-3c87ad92d1d2
N007788,c4bae521-aea7-4c3e-98b5-3c87ad92d1d2
N007789,5d88719a-ea79-44d3-a1d3-c838bf90074a
N007790,5d88719a-ea79-44d3-a1d3-c838bf90074a
N007791,17d671e3-ace0-4cc4-bc48-8badf7133d40
N007792,7392cacb-406e-472f-a9fb-3cd6cafe780f
N007793,d952f5ba-5261-4fd8-bd30-b5f8868f0313
N007794,b70851b1-3092-4382-a47d-87452fe3b02c
N007795,b70851b1-3092-4382-a47d-87452fe3b02c
N007796,b70851b1-3092-4382-a47d-87452fe3b02c
N007797,b70851b1-3092-4382-a47d-87452fe3b02c
N007798,d952f5ba-5261-4fd8-bd30-b5f8868f0313
N007799,58a9a71d-8f5d-4d41-821d-1c3e15889dfc
N007800,b2b3d9c4-1a67-4d18-9b47-4b786164a4fe
N007801,d8d409d1-ba07-4922-aeeb-4eb5ab13cc1d
N007802,d8d409d1-ba07-4922-aeeb-4eb5ab13cc1d
N007803,d8d409d1-ba07-4922-aeeb-4eb5ab13cc1d
N007804,3902f129-950b-4a8e-ab70-e98288024984
N007805,b8353afa-eda9-4165-90b0-5c86838d070f
N007806,b8353afa-eda9-4165-90b0-5c86838d070f
N007807,b8353afa-eda9-4165-90b0-5c86838d070f
N007808,b8353afa-eda9-4165-90b0-5c86838d070f
N007809,d12a87a3-3992-41dd-86f3-7dadc115c211
N007810,d12a87a3-3992-41dd-86f3-7dadc115c211
N007811,b8353afa-eda9-4165-90b0-5c86838d070f
N007812,b8353afa-eda9-4165-90b0-5c86838d070f
N007813,ab593399-1779-4e5b-b816-04599c5fe599
N007814,0640b13c-1419-4987-ac21-708c7ff8eef4
N007815,ded5d22e-440b-4f76-a7a3-ca0d15b8ef5d
N007816,2011bd86-a157-4e60-99e9-8dcc85a40b6c
N007817,03284f14-c64b-4fa4-aea7-405aac65a001
N007818,03284f14-c64b-4fa4-aea7-405aac65a001
N007819,41f1319e-747b-4652-a6db-19084a7e23bb
N007820,0fb9c688-d8f1-496a-965f-f8d2aa0ae1d3
N007821,77ecaa66-4c76-41fa-abf1-316db6b43f7a
N007822,432a9a85-4725-4ac7-8f05-242aaf3a9abd
N007823,d4201de2-da21-47f3-bae3-8051c014add3
N007824,7ec57b7c-efab-4e89-9859-1d758b9d7502
N007825,5248cf44-1774-43b1-9ad2-ea70e7da7698
N007826,7ec57b7c-efab-4e89-9859-1d758b9d7502
N007827,74c0e4fa-9b37-46f8-98fa-b935ee2b90c2
N007828,df3d6a12-2537-4832-8160-4819ae8684d2
N007829,be98d0c2-d8ba-494d-8acc-66b7d3f66e47
N007830,ffc931e0-3536-465f-8d5c-15f70a77b8bf
N007831,4652c674-fa3f-4465-aa64-c5d71d4b4305
N007832,4652c674-fa3f-4465-aa64-c5d71d4b4305
N007833,4652c674-fa3f-4465-aa64-c5d71d4b4305
N007834,4652c674-fa3f-4465-aa64-c5d71d4b4305
N007835,0b12449f-b8ba-430d-b446-15e808e85384
N007836,862d5384-f82b-4650-88ad-0e4d029d7da7
N007837,862d5384-f82b-4650-88ad-0e4d029d7da7
N007838,862d5384-f82b-4650-88ad-0e4d029d7da7
N007839,862d5384-f82b-4650-88ad-0e4d029d7da7
N007840,862d5384-f82b-4650-88ad-0e4d029d7da7
N007841,0fb9c688-d8f1-496a-965f-f8d2aa0ae1d3
N007842,13eabd44-b8ce-48a8-b36e-94e6c9e13244
N007843,a61b080f-fa55-4568-b0c4-0c6d88a3b4f9
N007844,5c563880-48aa-411a-9bd0-c813bf780caf
N007845,229ddad5-2102-408c-a30f-c839e5521dae
N007846,0d97f99a-76e1-47ab-b055-41c23b93215c
N007847,c7ba5819-613e-4564-9c47-6f0081fd0af2
N007848,8c32d72c-2c39-4761-8e2f-1d07b119cc04
N007849,78038829-6b55-4c79-bf01-8d075dbffba2
N007850,e0678b53-9756-48f3-9c09-7593a70f7c6a
N007851,e0678b53-9756-48f3-9c09-7593a70f7c6a
N007852,e0678b53-9756-48f3-9c09-7593a70f7c6a
N007853,e0678b53-9756-48f3-9c09-7593a70f7c6a
N007854,275388c4-281f-49c8-a9fd-c1ab19f67555
N007855,8fd79b2d-0394-441e-adfa-2f72b4d18b60
N007856,1538aa85-31aa-4b0a-befe-59f121dfd438
N007857,1538aa85-31aa-4b0a-befe-59f121dfd438
N007858,1538aa85-31aa-4b0a-befe-59f121dfd438
N007859,1538aa85-31aa-4b0a-befe-59f121dfd438
N007860,1538aa85-31aa-4b0a-befe-59f121dfd438
N007861,58a9a71d-8f5d-4d41-821d-1c3e15889dfc
N007862,3b707e55-86d1-45f2-b4b6-26b7bec38a09
N007863,3b707e55-86d1-45f2-b4b6-26b7bec38a09
N007864,109178dd-92c4-4932-88ff-3594bd5c552d
N007865,109178dd-92c4-4932-88ff-3594bd5c552d
N007866,109178dd-92c4-4932-88ff-3594bd5c552d
N007867,109178dd-92c4-4932-88ff-3594bd5c552d
N007868,f4aba255-3cb0-43ec-abb9-71fa7e1c24ec
N007869,1a4b9620-1d9f-4849-949a-5ec43da65b28
N007870,1e50df8b-7c8f-4b37-a27b-52bebfcbfaf6
N007871,cabd33b3-8ae0-4452-a24f-409836ed4ef7
N007872,8ba4e8f4-ffba-40ad-804a-7aab6ac21612
N007873,aea7a287-9da8-4ae5-a8ac-dd1421c129b6
N007874,0c2e3bd4-42af-4621-9ea8-b254be89d3b8
N007875,8ba4e8f4-ffba-40ad-804a-7aab6ac21612
N007876,eee08cb6-7c50-48ab-ae0b-76e6e269abca
N007877,c87ad8d8-e1d6-4929-9630-59dbb52791b8
N007878,615c5b4d-baec-4bda-84df-2f81c4aeda5a
N007879,c2cfbb1f-084b-48d8-9fdb-7f821e990bd3
N007880,c2cfbb1f-084b-48d8-9fdb-7f821e990bd3
N007881,c2cfbb1f-084b-48d8-9fdb-7f821e990bd3
N007882,c2cfbb1f-084b-48d8-9fdb-7f821e990bd3
N007883,b87f73e7-925e-469d-8579-7f4e205b6e9e
N007884,c2cfbb1f-084b-48d8-9fdb-7f821e990bd3
N007885,c2cfbb1f-084b-48d8-9fdb-7f821e990bd3
N007886,0cbbb12a-1c89-476e-af47-6b82d56dd1b4
N007887,8ab37747-cf28-42b1-b412-34ff5b63eaff
N007888,7de650e0-4718-4500-96fa-7017cfc9ca8c
N007889,f22ac201-bcdd-4f35-bef5-7cdfec285e45
N007890,08d7904f-230b-4a6a-aabe-9254c3ad1446
N007891,be98d0c2-d8ba-494d-8acc-66b7d3f66e47
N007892,02c872b0-7c1d-4b9d-aa05-7fc52c0922e9
N007893,eeaf636c-964b-4414-8dbf-8e83388b9032
N007894,eeaf636c-964b-4414-8dbf-8e83388b9032
N007895,557cec4d-60c5-42f3-b164-5ca7f17f7de7
N007896,caea29cd-5b00-41ea-9116-9fab3d1cefce
N007897,56fd6d2a-9419-48c2-85bf-7ac0afceb9af
N007898,56fd6d2a-9419-48c2-85bf-7ac0afceb9af
N007899,f008f8a3-cb7d-45f8-925e-25d375743d87
N007900,45a5b062-f5fa-4ba2-b414-f1ff6b106609
N007901,f99d9274-d1da-48f3-ac6b-35c9362b6eec
N007902,bbb72bba-2923-430b-afe2-e8e1f5bc3799
N007903,532d2b31-c105-44a3-8275-f6ed62c9083f
N007904,532d2b31-c105-44a3-8275-f6ed62c9083f
N007905,fbef6813-5798-4b40-921d-cf18c62f6512
N007906,9e7f118e-b4c5-421c-b356-3efc773ac568
N007907,9e7f118e-b4c5-421c-b356-3efc773ac568
N007908,9e7f118e-b4c5-421c-b356-3efc773ac568
N007909,e8768c08-ae5f-4ec2-8f5f-0230b0289932
N007910,9e7f118e-b4c5-421c-b356-3efc773ac568
N007911,9e7f118e-b4c5-421c-b356-3efc773ac568
N007912,37e2f214-a572-4210-a09d-99592e188b41
N007913,bf4f74ca-48a4-452d-b568-b16ef5398d25
N007914,a56b69f7-d3af-4f7a-9798-cad56d370d4a
N007915,5bfa2490-4116-476b-b788-09123d596647
N007916,5bfa2490-4116-476b-b788-09123d596647
N007917,8928cffb-08d2-40be-8aa8-623e7e63b93b
N007918,8928cffb-08d2-40be-8aa8-623e7e63b93b
N007919,8928cffb-08d2-40be-8aa8-623e7e63b93b
N007920,8928cffb-08d2-40be-8aa8-623e7e63b93b
N007921,93db697f-87ef-4b29-862c-26605b72a36f
N007922,359a480b-1e12-4ef9-9a47-f047cad154a6
N007923,d0c908f0-eedd-4f43-a7b1-13fe831fd9f6
N007924,d0c908f0-eedd-4f43-a7b1-13fe831fd9f6
N007925,ec91a911-dc6f-47e9-b253-cb1d99d5da93
N007926,75350b9e-7d19-4b6e-8a11-099400fc7124
N007927,58a9a71d-8f5d-4d41-821d-1c3e15889dfc
N007928,75350b9e-7d19-4b6e-8a11-099400fc7124
N007929,d954744c-6d71-4598-9118-91413418a431
N007930,748e2596-1d1a-4a14-81d7-351db67846d6
N007931,c55063bd-fef9-4f2e-b408-7ada41c86d03
N007932,58a9a71d-8f5d-4d41-821d-1c3e15889dfc
N007933,3997f035-a6f9-4e4d-a20a-2ff04a4a5af8
N007934,560055e3-56ad-4093-b636-cbe411c27328
N007935,bcd2922f-4b23-46da-be32-aa2299e497ec
N007936,7477ac93-0b32-4ee9-8134-146460b517a9
N007937,8909f7cc-b8e5-4280-93b4-ab4d676c77bc
N007938,79f57efa-2eb1-49f0-8fe1-14e1bfd85d9f
N007939,90fa7a45-ef9c-45f5-a14e-df9fc187c6d8
N007940,ae0a9caf-99c4-4919-8a1c-ef8b8cb900c7
N007941,d226ae2f-2004-4acb-8b93-215118e89557
N007942,60eec945-f846-4a37-9e9a-415d578dff3b
N007943,95977549-50fa-4fc9-85b9-105c5062837b
N007944,95977549-50fa-4fc9-85b9-105c5062837b
N007945,5382e83c-90c5-41c5-801a-7628044ff119
N007946,4933b50a-0cd6-4696-87b5-93ca061f65cd
N007947,15a3d650-4e2a-43dd-a7c5-0709bc354e0a
N007948,15a3d650-4e2a-43dd-a7c5-0709bc354e0a
N007949,15a3d650-4e2a-43dd-a7c5-0709bc354e0a
N007950,5630bfb4-0e8d-4a36-bb74-e733de5e15cb
N007951,8f0f9c75-759f-447c-88d0-019fb76824b3
N007952,8f0f9c75-759f-447c-88d0-019fb76824b3
N007953,8f0f9c75-759f-447c-88d0-019fb76824b3
N007954,8f0f9c75-759f-447c-88d0-019fb76824b3
N007955,8f0f9c75-759f-447c-88d0-019fb76824b3
N007956,8f0f9c75-759f-447c-88d0-019fb76824b3
N007957,8f0f9c75-759f-447c-88d0-019fb76824b3
N007958,f0b1367b-41e9-437b-b372-e2f0cdee93de
N007959,1aa23bb0-01d3-4b55-87fe-82b6b49509a5
N007960,6d4fe9c8-919a-4d7c-91f8-dffb3d940e37
N007961,6f1e6a83-bc6d-4e7f-b42c-4e3f4f308eff
N007962,1dfae4a8-55c1-4ce6-a20b-9c87413b3d1c
N007963,c4595e4f-ff0a-4b48-b489-a0a8d66abde9
N007964,ac831232-3c6d-4e30-aa31-8eef73cc36eb
N007965,f585a61d-9ed4-41c5-a008-8afb175f3029
N007966,f015121e-5393-4900-89a2-3c3ff29c34a4
N007967,045db8c0-faa9-41b5-ab4b-654a0eb33196
N007968,045db8c0-faa9-41b5-ab4b-654a0eb33196
N007969,045db8c0-faa9-41b5-ab4b-654a0eb33196
N007970,045db8c0-faa9-41b5-ab4b-654a0eb33196
N007971,045db8c0-faa9-41b5-ab4b-654a0eb33196
N007972,045db8c0-faa9-41b5-ab4b-654a0eb33196
N007973,98f56db6-d61e-4ffa-8b28-6f9b58274ad3
N007974,74d51f67-4371-4e71-9134-b2990cf3d79b
N007975,98f56db6-d61e-4ffa-8b28-6f9b58274ad3
N007976,198b8e01-cecd-4903-9fd1-4af1d8585624
N007977,d8d97786-309e-4266-acd6-0561473a0408
N007978,d8d97786-309e-4266-acd6-0561473a0408
N007979,a8dce82a-f1db-481e-9fea-05734de5719d
N007980,ef61ccd6-9941-4792-80e0-b6372566f66d
N007981,ef61ccd6-9941-4792-80e0-b6372566f66d
N007982,ef61ccd6-9941-4792-80e0-b6372566f66d
N007983,ef61ccd6-9941-4792-80e0-b6372566f66d
N007984,7d196d91-5ead-4aa6-961b-2d40ffeacf19
N007985,7d196d91-5ead-4aa6-961b-2d40ffeacf19
N007986,c90419b9-4e92-4fc4-8698-ba4a4ffa85f7
N007987,c90419b9-4e92-4fc4-8698-ba4a4ffa85f7
N007988,c90419b9-4e92-4fc4-8698-ba4a4ffa85f7
N007989,c90419b9-4e92-4fc4-8698-ba4a4ffa85f7
N007990,d85311ba-186c-44ba-b048-1667ada4ff38
N007991,97888b1a-135c-4480-aa67-e9a9fe44e91c
N007992,16eca2dd-9b37-4fe8-8026-f0426d9c6921
N007993,56e2f9ce-3e4d-4012-828a-cee4809dfc62
N007994,56e2f9ce-3e4d-4012-828a-cee4809dfc62
N007995,06101bd7-0e00-42e4-89e9-78316b804c66
N007996,e802576b-5e44-4edc-9d8e-2db069eef66f
N007997,e802576b-5e44-4edc-9d8e-2db069eef66f
N007998,acf71606-c772-440f-8433-057df6cca828
N007999,e2faf8ef-9215-4389-be30-3ce8e6296c65
N008000,e2faf8ef-9215-4389-be30-3ce8e6296c65
N008001,e2faf8ef-9215-4389-be30-3ce8e6296c65
N008002,e2faf8ef-9215-4389-be30-3ce8e6296c65
N008003,397fb141-199e-469e-a7d4-026f49a57f62
N008004,d41e2030-25ac-4bde-859c-807819e7316b
N008005,0b24540e-7c1e-4132-9cbe-ebea2394db04
N008006,720d9d35-d0d3-490e-a9e8-a3a5211c7d6d
N008007,2649ba07-bc7a-401d-9533-bb27555f1e9f
N008008,2649ba07-bc7a-401d-9533-bb27555f1e9f
N008009,2649ba07-bc7a-401d-9533-bb27555f1e9f
N008010,720d9d35-d0d3-490e-a9e8-a3a5211c7d6d
N008011,2649ba07-bc7a-401d-9533-bb27555f1e9f
N008012,2649ba07-bc7a-401d-9533-bb27555f1e9f
N008013,ebd7ea5c-abe5-4d69-a307-77206dfc4feb
N008014,ebd7ea5c-abe5-4d69-a307-77206dfc4feb
N008015,cd686cb5-1e04-4a47-9f8a-55ae26f6a555
N008016,cd686cb5-1e04-4a47-9f8a-55ae26f6a555
N008017,41d5e9bb-d3c9-4db9-85bd-4a703bfffe52
N008018,41d5e9bb-d3c9-4db9-85bd-4a703bfffe52
N008019,9238d463-48f7-41ed-897d-7e94d1a53321
N008020,d0c81899-432b-466e-89ab-f180f69323d3
N008021,d0c81899-432b-466e-89ab-f180f69323d3
N008022,aec0c955-4f66-4c09-9bb9-6b61acf424ab
N008023,d0c81899-432b-466e-89ab-f180f69323d3
N008024,d0c81899-432b-466e-89ab-f180f69323d3
N008025,d0c81899-432b-466e-89ab-f180f69323d3
N008026,d0c81899-432b-466e-89ab-f180f69323d3
N008027,d0c81899-432b-466e-89ab-f180f69323d3
N008028,aec0c955-4f66-4c09-9bb9-6b61acf424ab
N008029,a192dc75-d12f-4339-93b2-7349f9ffaa84
N008030,944b611a-1683-4e0f-b467-cd194b5eadfb
N008031,a192dc75-d12f-4339-93b2-7349f9ffaa84
N008032,15d89a70-82b4-4c16-8282-f617a869328b
N008033,2e45003c-4c85-4042-a49b-aa2785d8bc74
N008034,2e45003c-4c85-4042-a49b-aa2785d8bc74
N008035,546f9612-f1ae-4950-9393-18826fbc4ba1
N008036,bda7c10a-ee92-4016-88e0-b472fff84d1d
N008037,aa771629-8e31-44a6-a0c4-5d9c6d53c41e
N008038,13e50e7b-ebaa-4983-a385-8d6510b0b2ef
N008039,6ec7a159-d339-4b62-99c1-214e6896f747
N008040,6ec7a159-d339-4b62-99c1-214e6896f747
N008041,6ec7a159-d339-4b62-99c1-214e6896f747
N008042,3aecd294-a16b-405f-8ce2-bdba6975d564
N008043,d8d409d1-ba07-4922-aeeb-4eb5ab13cc1d
N008044,d8d409d1-ba07-4922-aeeb-4eb5ab13cc1d
N008045,d8d409d1-ba07-4922-aeeb-4eb5ab13cc1d
N008046,d8d409d1-ba07-4922-aeeb-4eb5ab13cc1d
N008047,021cd519-b9eb-428d-ac5c-d5b3ca716e07
N008048,5876dba3-2329-4ff0-a37a-6672cc4386c7
N008049,5876dba3-2329-4ff0-a37a-6672cc4386c7
N008050,5876dba3-2329-4ff0-a37a-6672cc4386c7
N008051,1a225a24-e718-4cc2-af7f-4c4d921ddbc5
N008052,f40c3c68-5e32-4436-9363-750b8adf71d1
N008053,f40c3c68-5e32-4436-9363-750b8adf71d1
N008054,50471b32-c9e8-4396-846e-3fc30eeb4077
N008055,50471b32-c9e8-4396-846e-3fc30eeb4077
N008056,50471b32-c9e8-4396-846e-3fc30eeb4077
N008057,50471b32-c9e8-4396-846e-3fc30eeb4077
N008058,83ae0b5d-3a0d-42cb-8524-ef81f099d6aa
N008059,83ae0b5d-3a0d-42cb-8524-ef81f099d6aa
N008060,83ae0b5d-3a0d-42cb-8524-ef81f099d6aa
N008061,83ae0b5d-3a0d-42cb-8524-ef81f099d6aa
N008062,83ae0b5d-3a0d-42cb-8524-ef81f099d6aa
N008063,2c6b2531-0756-4738-9e61-c677523d04e3
N008064,2c6b2531-0756-4738-9e61-c677523d04e3
N008065,2c6b2531-0756-4738-9e61-c677523d04e3
N008066,2c6b2531-0756-4738-9e61-c677523d04e3
N008067,0fb9c688-d8f1-496a-965f-f8d2aa0ae1d3
N008068,174897ed-28e9-4935-ac6f-545953333fec
N008069,911965f6-7e12-466f-b071-081d98b6894b
N008070,88948776-04f4-4c91-817c-06ee4d1594f1
N008071,b1e27e9e-0775-4450-b5b9-4f4a5fd99dd3
N008072,88948776-04f4-4c91-817c-06ee4d1594f1
N008073,88948776-04f4-4c91-817c-06ee4d1594f1
N008074,3327ee9f-3af2-4de8-a31b-867fdbc64696
N008075,8696dbb8-7c4b-44d2-ae2a-d6f6d9e884e1
N008076,837afe14-08a6-48f2-8c01-68b6554eb855
N008077,a8562b70-ff80-4ede-9fc2-68856adaea8b
N008078,624cf418-2090-4967-988e-5073ef5d5a9a
N008079,9f9cc398-f0a1-4134-938d-67076343305d
N008080,0fb9c688-d8f1-496a-965f-f8d2aa0ae1d3
N008081,9c3a7ecc-89d4-4ff7-99d9-bb7f45109e62
N008082,9c3a7ecc-89d4-4ff7-99d9-bb7f45109e62
N008083,9c3a7ecc-89d4-4ff7-99d9-bb7f45109e62
N008084,9c3a7ecc-89d4-4ff7-99d9-bb7f45109e62
N008085,9c3a7ecc-89d4-4ff7-99d9-bb7f45109e62
N008086,c95c7b82-787a-4726-afb1-ec7a4ca1d874
N008087,e6dc873f-d4b9-4134-994e-1b6897617b2a
N008088,654dbab1-1113-4e9b-8f1e-791ef6f26718
N008089,90566577-bbd7-4e49-b7d5-fdff717077eb
N008090,45ab8ac3-6638-4780-992d-96cd0e5bcb5d
N008091,90566577-bbd7-4e49-b7d5-fdff717077eb
N008092,65e3ea76-ab07-4a40-9664-850ea14c7ea4
N008093,5d344bae-4dfe-48c7-91e1-def5d6e3a421
N008094,3999657f-aacd-4f31-9304-1e898f8ac4a5
N008095,5d344bae-4dfe-48c7-91e1-def5d6e3a421
N008096,459f43ba-19ee-4c99-a1dd-fc4fc75ee01f
N008097,78e61514-a943-4806-ac84-06af313777bb
N008098,3969ff26-76d4-498a-a8f7-127acb35d65e
N008099,c0939a1b-a7ba-4332-968c-7644054d664e
N008100,c0939a1b-a7ba-4332-968c-7644054d664e
N008101,c0939a1b-a7ba-4332-968c-7644054d664e
N008102,3a0b5439-e267-4836-9091-f761d27d2976
N008103,61c93ec5-1469-4094-9291-90bbd6646726
N008104,61c93ec5-1469-4094-9291-90bbd6646726
N008105,47dd7624-f5b4-4c0e-bee2-c3a13dd0a174
N008106,47dd7624-f5b4-4c0e-bee2-c3a13dd0a174
N008107,47dd7624-f5b4-4c0e-bee2-c3a13dd0a174
N008108,47dd7624-f5b4-4c0e-bee2-c3a13dd0a174
N008109,47dd7624-f5b4-4c0e-bee2-c3a13dd0a174
N008110,d12a87a3-3992-41dd-86f3-7dadc115c211
N008111,47dd7624-f5b4-4c0e-bee2-c3a13dd0a174
N008112,c50e7781-77d3-49b3-9413-553e65088866
N008113,3975ecef-c1d4-4c41-88a8-6f79bd316bca
N008114,9465e15a-dfd9-4ad1-8e06-7742d7f3cf90
N008115,11f68ac6-50c5-4da8-b74c-f02af3737f48
N008116,128ff215-6b65-425a-9c1d-80e41132d52e
N008117,e8e20b5f-a944-40c4-8239-9f04893a9496
N008118,e84d8b75-c35f-4ccb-8ccd-85ea5704181b
N008119,a283dab0-e1a1-4c52-a837-6d19a1a43cf4
N008120,5630bfb4-0e8d-4a36-bb74-e733de5e15cb
N008121,04412cc1-80c8-4a85-b068-fca57d847fbd
N008122,599ca97b-2076-49c7-a6bf-93dfc3f3fccc
N008123,2e4dfc56-d5bc-4ef5-bc3c-9ce2102482bd
N008124,2e4dfc56-d5bc-4ef5-bc3c-9ce2102482bd
N008125,e5a922c3-2fb7-477c-be65-7ef05fb517eb
N008126,baeec461-e07d-4fe1-8528-ca341ba91b29
N008127,baeec461-e07d-4fe1-8528-ca341ba91b29
N008128,728ec9c3-215b-4af7-8e23-165d0335d835
N008129,b109ddf6-c456-44cf-84f8-7ec8b6541154
N008130,b109ddf6-c456-44cf-84f8-7ec8b6541154
N008131,b109ddf6-c456-44cf-84f8-7ec8b6541154
N008132,69b2f47b-a8bc-464f-b85e-a1c08cd55d55
N008133,69b2f47b-a8bc-464f-b85e-a1c08cd55d55
N008134,69b2f47b-a8bc-464f-b85e-a1c08cd55d55
N008135,69b2f47b-a8bc-464f-b85e-a1c08cd55d55
N008136,41479aea-6643-42ad-8f3c-c55fc444b1f9
N008137,bd341768-fd08-41b0-bada-bc70e7d1f28b
N008138,8c50fee7-a753-40ec-a15d-b380f251f89d
N008139,8c50fee7-a753-40ec-a15d-b380f251f89d
N008140,8c50fee7-a753-40ec-a15d-b380f251f89d
N008141,795d7fd6-5f5c-40fc-8451-212e3d9d7a64
N008142,795d7fd6-5f5c-40fc-8451-212e3d9d7a64
N008143,795d7fd6-5f5c-40fc-8451-212e3d9d7a64
N008144,ab7b0b65-397f-472d-9435-a42a766c48e2
N008145,a75c5aa8-df45-441d-882d-3f83c401beae
N008146,5bffcf16-2e25-4cb1-a87a-f7c3b30fca6b
N008147,3b1b845f-3195-4a04-9289-319fd9898e55
N008148,346bc368-fc07-40e9-93e0-f76ab126f089
N008149,ad6a58bf-e900-4d2f-be07-9229be90e003
N008150,ad6a58bf-e900-4d2f-be07-9229be90e003
N008151,cabd33b3-8ae0-4452-a24f-409836ed4ef7
N008152,881d9d37-54f5-4a1c-b1d5-a2d28fa8bfc6
N008153,881d9d37-54f5-4a1c-b1d5-a2d28fa8bfc6
N008154,9b52bae6-bd86-48c5-816a-036ecea61eba
N008155,e40ecfb0-7a9b-482a-b20e-6e8907302d2b
N008156,e40ecfb0-7a9b-482a-b20e-6e8907302d2b
N008157,e40ecfb0-7a9b-482a-b20e-6e8907302d2b
N008158,e40ecfb0-7a9b-482a-b20e-6e8907302d2b
N008159,15ed77e1-6899-4b9e-9ea6-9b0de9c350ea
N008160,800107bc-b4bb-48c7-9529-479b9368175d
N008161,c7368f1a-3fdf-4a88-95e8-2d2b0655547d
N008162,5630bfb4-0e8d-4a36-bb74-e733de5e15cb
N008163,1ac508d8-1b2d-4688-af5f-5df0d3f4d9b0
N008164,1ac508d8-1b2d-4688-af5f-5df0d3f4d9b0
N008165,bf4899ed-17c5-4010-9bcc-77d77e53bdcc
N008166,34faea9b-ebea-40bb-9083-3459952aa63c
N008167,34faea9b-ebea-40bb-9083-3459952aa63c
N008168,76f5fdff-00ea-41a5-98f1-962be86ddb0a
N008169,878db43d-37e6-4713-b470-c7ed8d0f811b
N008170,70e8eb28-040e-4f7e-a3a6-aa628189f8b1
N008171,1e82a260-9627-45ff-96ef-b13c3d95b90f
N008172,1e82a260-9627-45ff-96ef-b13c3d95b90f
N008173,4e002d2f-62e8-4a49-ab55-fcb153cd9a6e
N008174,4e002d2f-62e8-4a49-ab55-fcb153cd9a6e
N008175,4e002d2f-62e8-4a49-ab55-fcb153cd9a6e
N008176,c8cf8794-878c-402f-9943-59b603495b44
N008177,4e002d2f-62e8-4a49-ab55-fcb153cd9a6e
N008178,f585a61d-9ed4-41c5-a008-8afb175f3029
N008179,8e4861f3-5ba3-4fa5-8b5b-fa364e1b9a04
N008180,f585a61d-9ed4-41c5-a008-8afb175f3029
N008181,83485948-08e2-43ab-a57d-a9f14b43f4e2
N008182,83485948-08e2-43ab-a57d-a9f14b43f4e2
N008183,cbf71e1b-d12e-40cd-92d0-36b9d66d43ab
N008184,dc8b1db9-4105-4169-aaf9-152f603e9b26
N008185,73f224f0-d0c2-450a-b3d1-64dff0d15a07
N008186,73f224f0-d0c2-450a-b3d1-64dff0d15a07
N008187,4b954079-6e5f-4a44-b1f8-d6afd035afbb
N008188,0990878c-9a52-4336-8be2-9d00fd499fde
N008189,0990878c-9a52-4336-8be2-9d00fd499fde
N008190,0990878c-9a52-4336-8be2-9d00fd499fde
N008191,06fcd525-ffce-433b-b36c-dce49d6f48b9
N008192,b82dada0-4f3a-42e4-b906-15e20a30c14f
N008193,b82dada0-4f3a-42e4-b906-15e20a30c14f
N008194,b82dada0-4f3a-42e4-b906-15e20a30c14f
N008195,b82dada0-4f3a-42e4-b906-15e20a30c14f
N008196,8ce98a30-e7ef-41ee-b58e-a9241dd86bbf
N008197,8ce98a30-e7ef-41ee-b58e-a9241dd86bbf
N008198,c98762fc-bbe0-4bfe-abb6-1194aeb18072
N008199,c4785d14-b89a-43d2-b57a-7cd0418fb57e
N008200,0c53273f-efe0-4da7-a673-64eaae6a9124
N008201,f997e305-be39-45ed-8939-5da0245f9ce5
N008202,f997e305-be39-45ed-8939-5da0245f9ce5
N008203,5c2f222b-5d9d-42e0-8eb2-04afa862cbb7
N008204,fb671009-588b-4b26-b964-f2b7139dd368
N008205,a9ac8de3-4b27-47fe-b897-99fc8df55c3a
N008206,4d6cd0af-c6fc-48dc-aa7b-5c06eac0d081
N008207,4d6cd0af-c6fc-48dc-aa7b-5c06eac0d081
N008208,4d6cd0af-c6fc-48dc-aa7b-5c06eac0d081
N008209,4d6cd0af-c6fc-48dc-aa7b-5c06eac0d081
N008210,4d6cd0af-c6fc-48dc-aa7b-5c06eac0d081
N008211,5cbf5406-34fe-4904-929f-2171b304cb67
N008212,b2194838-7499-4b7a-b5b6-89bfaf9bc41e
N008213,f0b742c2-4952-4208-a2d7-e3bb70474ec3
N008214,821ed71f-2468-413f-a144-48efdd6a548f
N008215,33ba2921-8d88-4f53-9c53-b77428e6133b
N008216,b2c97b71-7986-4184-af12-94fab7430b87
N008217,33ba2921-8d88-4f53-9c53-b77428e6133b
N008218,ab44a2b0-a190-4293-b3aa-fcaa0a4d958c
N008219,5036467a-7e51-4c8c-b88d-c465786e9a26
N008220,5036467a-7e51-4c8c-b88d-c465786e9a26
N008221,2136fcef-2a34-47f8-9a0b-7457cf0faa10
N008222,0284a2a9-d420-4487-bd52-e2158092e61e
N008223,0284a2a9-d420-4487-bd52-e2158092e61e
N008224,0284a2a9-d420-4487-bd52-e2158092e61e
N008225,5630bfb4-0e8d-4a36-bb74-e733de5e15cb
N008226,0284a2a9-d420-4487-bd52-e2158092e61e
N008227,0284a2a9-d420-4487-bd52-e2158092e61e
N008228,3c42208d-14a4-4354-911f-7461d84b137d
N008229,3c42208d-14a4-4354-911f-7461d84b137d
N008230,58a9a71d-8f5d-4d41-821d-1c3e15889dfc
N008231,640e0c61-4446-48c2-9ca7-85abe4616dd0
N008232,e84b2940-617e-455d-9593-4733102b2f2c
N008233,e60e5dcd-9874-46d4-8f34-453e7b19edf6
N008234,e84b2940-617e-455d-9593-4733102b2f2c
N008235,30be17c0-80d9-4988-b420-0021f6e9130b
N008236,30be17c0-80d9-4988-b420-0021f6e9130b
N008237,26b9d72a-1eb9-4b0d-8ca5-ae8ffe736333
N008238,7e00429c-4e85-4f30-9d1e-e9230acaabf6
N008239,7e00429c-4e85-4f30-9d1e-e9230acaabf6
N008240,57c710bd-748f-4a83-ad48-c127922f0e81
N008241,f8ff8989-08a2-4713-a382-433e7be72e12
N008242,57c710bd-748f-4a83-ad48-c127922f0e81
N008243,57c710bd-748f-4a83-ad48-c127922f0e81
N008244,a996dcb3-a0da-4921-a5ac-eb113a09461d
N008245,a996dcb3-a0da-4921-a5ac-eb113a09461d
N008246,7b0fcdea-2978-4a34-ada2-6ca83102d587
N008247,ec287c3e-f581-4d54-aeb3-7a9f48c961d0
N008248,4913b937-d2f3-42a0-bd77-a7556d3c2b26
N008249,58a9a71d-8f5d-4d41-821d-1c3e15889dfc
N008250,08de0684-c13a-4946-ae1b-961521047357
N008251,13009f0d-d4d4-4f2b-be32-5d473cc60904
N008252,13009f0d-d4d4-4f2b-be32-5d473cc60904
N008253,13009f0d-d4d4-4f2b-be32-5d473cc60904
N008254,13009f0d-d4d4-4f2b-be32-5d473cc60904
N008255,13009f0d-d4d4-4f2b-be32-5d473cc60904
N008256,13009f0d-d4d4-4f2b-be32-5d473cc60904
N008257,13009f0d-d4d4-4f2b-be32-5d473cc60904
N008258,ccad5f8e-efb4-44e6-b9db-b200998bc961
N008259,ccad5f8e-efb4-44e6-b9db-b200998bc961
N008260,e388662e-04cc-4a58-a950-67e75975039e
N008261,fa426921-e011-4c3d-b655-4220b106ebef
N008262,e388662e-04cc-4a58-a950-67e75975039e
N008263,e388662e-04cc-4a58-a950-67e75975039e
N008264,b9c15e08-9add-4365-8e00-eaa5fd596e4f
N008265,46c9f5be-8dbb-49fb-8708-1936a99a3fb0
N008266,27953112-6f18-48dc-b000-27f3d196a285
N008267,f8ece4d3-5371-42d2-9c56-fe01a0fbb7f0
N008268,f8ece4d3-5371-42d2-9c56-fe01a0fbb7f0
N008269,446514bd-be21-4633-9018-4b0a7eb15518
N008270,e247d403-76ec-47c0-9735-e33d5162ed2e
N008271,446514bd-be21-4633-9018-4b0a7eb15518
N008272,e247d403-76ec-47c0-9735-e33d5162ed2e
N008273,e247d403-76ec-47c0-9735-e33d5162ed2e
N008274,d12a87a3-3992-41dd-86f3-7dadc115c211
N008275,4b14f3b7-2eec-41ed-b970-18bc023921a9
N008276,4b14f3b7-2eec-41ed-b970-18bc023921a9
N008277,be6fe3a4-f71b-49c8-8472-e8428c3ec2fa
N008278,29dd947f-64cd-4a6c-ba49-e63ca9777fee
N008279,38a44068-67ab-408a-9766-368c09cfd46a
N008280,25193f42-9791-4b20-9dd7-194f6d8c9f21
N008281,b4018faf-cf5f-4a25-88bf-7545538ca160
N008282,13644de7-746f-4cde-8a5d-7d270926768b
N008283,43bb7488-d59f-426e-bb5f-a8f1a6589645
N008284,43bb7488-d59f-426e-bb5f-a8f1a6589645
N008285,eee08cb6-7c50-48ab-ae0b-76e6e269abca
N008286,8cdb1b44-06d3-45c2-84c9-8045328672f2
N008287,8ef059b3-55af-4403-b229-a46fff0f1098
N008288,8cdb1b44-06d3-45c2-84c9-8045328672f2
N008289,8cdb1b44-06d3-45c2-84c9-8045328672f2
N008290,5ff0b9c7-d8c1-490a-812d-653a3983813b
N008291,5ff0b9c7-d8c1-490a-812d-653a3983813b
N008292,0fb9c688-d8f1-496a-965f-f8d2aa0ae1d3
N008293,5ff0b9c7-d8c1-490a-812d-653a3983813b
N008294,0fb9c688-d8f1-496a-965f-f8d2aa0ae1d3
N008295,7d1b9e88-bb95-4552-86fc-806110a42815
N008296,304930a5-a36a-4f4e-9d85-765f9225f0e1
N008297,6c1eaf5e-0d62-489e-8268-2029dcd86ab1
N008298,0fb9c688-d8f1-496a-965f-f8d2aa0ae1d3
N008299,0ddbd030-2513-4d5d-a567-5896ba3c0b8a
N008300,9f4f3ffe-dd71-4c5e-a91d-b659f1fa2c51
N008301,9f4f3ffe-dd71-4c5e-a91d-b659f1fa2c51
N008302,5df36d36-b5bc-4ca6-becc-9649a89e4c8c
N008303,cb18dec2-6fab-40ac-9aaa-ce1fd5e3e030
N008304,548f7398-6d3b-41fc-992d-02c1a3974b01
N008305,d12a87a3-3992-41dd-86f3-7dadc115c211
N008306,548f7398-6d3b-41fc-992d-02c1a3974b01
N008307,548f7398-6d3b-41fc-992d-02c1a3974b01
N008308,548f7398-6d3b-41fc-992d-02c1a3974b01
N008309,d61dc2ca-fe2a-4dbe-a3e6-676de0a370e5
N008310,4052f290-f8cc-46f1-9c5c-9502fb6e66ad
N008311,5630bfb4-0e8d-4a36-bb74-e733de5e15cb
N008312,b783de7e-0209-4b59-828f-d9d2938228fc
N008313,5630bfb4-0e8d-4a36-bb74-e733de5e15cb
N008314,22393f78-ca68-48e7-911c-8ddc8647c9d2
N008315,ba3b65ad-b293-4054-b680-848001f9761b
N008316,15d89a70-82b4-4c16-8282-f617a869328b
N008317,e8da7a1f-0018-41a9-9237-a900b69de0e6
N008318,50d816e0-12d3-48e3-8a03-910396ccd390
N008319,b2849384-611e-41b1-836e-666b29b76676
N008320,3e7d2804-85d0-4e0b-99f7-939c981ee06e
N008321,e289f7ee-d13d-40de-b3f1-2edc1d55dff6
N008322,e4ce7c3e-1ccb-44a3-83c5-443f103eb914
N008323,d6bccb8e-5b68-4c94-a516-2c8a7964dac2
N008324,fc21a062-fd72-44e3-8d86-432ab64428e3
N008325,1946824c-7843-4241-93c8-b6dc2f38268b
N008326,6009575a-0ceb-4a1c-aecd-918f1a005353
N008327,6009575a-0ceb-4a1c-aecd-918f1a005353
N008328,6009575a-0ceb-4a1c-aecd-918f1a005353
N008329,6009575a-0ceb-4a1c-aecd-918f1a005353
N008330,6009575a-0ceb-4a1c-aecd-918f1a005353
N008331,332a4fe2-a1fb-4e9b-819b-f96075a1cf6b
N008332,dfda6487-cb16-412b-a7ec-72246456555f
N008333,dfda6487-cb16-412b-a7ec-72246456555f
N008334,dfda6487-cb16-412b-a7ec-72246456555f
N008335,be1a6b0d-6994-4c82-85f0-32d631a9ec8a
N008336,56c3fca1-539e-4f34-ab5b-61d1650d7446
N008337,0744416f-d1cb-4c86-8c51-af5095afee4d
N008338,0744416f-d1cb-4c86-8c51-af5095afee4d
N008339,0744416f-d1cb-4c86-8c51-af5095afee4d
N008340,f0aeb60d-babe-4090-a138-ee77c169bf9a
N008341,f0aeb60d-babe-4090-a138-ee77c169bf9a
N008342,70e2153b-c50b-4671-a5c3-99de11c65bee
N008343,05dae18e-7b99-4f7c-99c0-130705826e6f
N008344,59e81b35-09cd-4d12-ae63-f0f7a3a4e0ef
N008345,59e81b35-09cd-4d12-ae63-f0f7a3a4e0ef
N008346,59e81b35-09cd-4d12-ae63-f0f7a3a4e0ef
N008347,58a9a71d-8f5d-4d41-821d-1c3e15889dfc
N008348,89030e37-e5d3-4756-814e-637c951b01eb
N008349,b6786f9e-3694-46f4-b2c4-e0d3716e2303
N008350,a9903ab5-b23d-4dd3-adf2-78daa22d07c3
N008351,a9903ab5-b23d-4dd3-adf2-78daa22d07c3
N008352,148b6a1e-41bf-4ce8-9377-cc7535bb97b4
N008353,f21d7b96-c223-4b34-8db1-bad9359cc60a
N008354,f21d7b96-c223-4b34-8db1-bad9359cc60a
N008355,317acd47-d18b-40cf-a90d-46828c9ebd26
N008356,38488e51-6904-4ee3-8bf1-57e30f622acb
N008357,38488e51-6904-4ee3-8bf1-57e30f622acb
N008358,5a379b40-3c15-4e57-a9a7-97777376a933
N008359,4af9a86c-4f20-4035-ad35-0715a8b8f178
N008360,7e522f3b-8b1d-436a-9116-d2280a4a505e
N008361,4af9a86c-4f20-4035-ad35-0715a8b8f178
N008362,5630bfb4-0e8d-4a36-bb74-e733de5e15cb
N008363,56903846-baa1-4611-8577-102bbc8bcd3a
N008364,e973b935-fe54-44ce-972e-664f5c721ac9
N008365,941e5cef-5677-48bc-b801-d749032ca3cb
N008366,cc9bc737-ac8f-4441-87f5-1322c0fb55c1
N008367,cc9bc737-ac8f-4441-87f5-1322c0fb55c1
N008368,cc9bc737-ac8f-4441-87f5-1322c0fb55c1
N008369,cc9bc737-ac8f-4441-87f5-1322c0fb55c1
N008370,5630bfb4-0e8d-4a36-bb74-e733de5e15cb
N008371,5630bfb4-0e8d-4a36-bb74-e733de5e15cb
N008372,cc9bc737-ac8f-4441-87f5-1322c0fb55c1
N008373,575e186c-41c8-4f97-8273-0ac74da85365
N008374,e54bbef1-3e7e-4210-9180-4534d7cf815f
N008375,ee5597f3-0e9c-4fea-8ab9-7270c6196efc
N008376,32ae9167-ee8a-431c-83b0-6c073888741b
N008377,a9845f8d-e0b1-4dce-9e6e-e9cf7b366bec
N008378,374a4ef4-bf07-403d-a214-dc1f2d9656e1
N008379,d226ccd5-6698-4288-bb58-45dbca8ca689
N008380,d226ccd5-6698-4288-bb58-45dbca8ca689
N008381,627b37a7-a801-40c2-b9a4-6aa48f22d1b6
N008382,58a9a71d-8f5d-4d41-821d-1c3e15889dfc
N008383,c738b9f2-39d2-47c0-99be-4c939e292530
N008384,c738b9f2-39d2-47c0-99be-4c939e292530
N008385,c738b9f2-39d2-47c0-99be-4c939e292530
N008386,58a9a71d-8f5d-4d41-821d-1c3e15889dfc
N008387,1c06ba19-a8ca-42c1-9e44-a19cc40f264b
N008388,ddb8d1fa-129c-47a5-9987-650c4b5ca070
N008389,faeeda6d-19e3-4d94-8d22-ea58702806b7
N008390,15850eca-68db-4d0c-925f-20f7a0d8d592
N008391,327b6b9a-2c18-490f-9e36-65b66ed44fcf
N008392,d6bccb8e-5b68-4c94-a516-2c8a7964dac2
N008393,5e1d3fda-e90c-4d29-b67e-075c0f7a409b
N008394,a50e822d-6c1e-47a7-8af0-20f0c8cf0e02
N008395,15d89a70-82b4-4c16-8282-f617a869328b
N008396,badd90e0-5483-4e65-a17d-fd14113e8d06
N008397,6ea18ae7-a6a5-4f8c-8a9c-2afdb0fd6c96
N008398,f3896a28-1d43-4f07-a21e-e98105ce5cfc
N008399,23bded63-960e-4280-ad4b-2c84fe5436a6
N008400,4d249db8-5a90-400d-a93e-9e6ac2f0d952
N008401,93627690-015a-4eab-bc45-8ccc6e3de8b5
N008402,28a11008-8efc-4dc4-81da-84a3e8062610
N008403,eee08cb6-7c50-48ab-ae0b-76e6e269abca
N008404,ca2bff30-90c3-473c-bfb9-a623f4329170
N008405,ca2bff30-90c3-473c-bfb9-a623f4329170
N008406,b4e1aec9-b39c-4d06-90a7-959ef38f0e0b
N008407,5a8d2c72-5fa4-431e-a411-f0392c3c67f4
N008408,db9dc1c2-b06e-4e00-8dd7-c65204554e93
N008409,b8d232fd-5dc9-49ad-a0ff-8d631102c184
N008410,b8d232fd-5dc9-49ad-a0ff-8d631102c184
N008411,a9931823-41f5-4300-8e04-32776a311ed5
N008412,84d574cf-188c-42bb-b379-b6cb00fa162e
N008413,47a1009b-fe7b-401b-8220-f014c50f5344
N008414,47a1009b-fe7b-401b-8220-f014c50f5344
N008415,47a1009b-fe7b-401b-8220-f014c50f5344
N008416,47a1009b-fe7b-401b-8220-f014c50f5344
N008417,ae2a3606-1bac-421b-874a-aa86e45535f6
N008418,202d5714-eff2-476a-baad-049137ef1998
N008419,202d5714-eff2-476a-baad-049137ef1998
N008420,ec7b0504-b29c-43de-a4fd-4646b2b43ca0
N008421,12ce2aba-3afc-4874-bfeb-871474097775
N008422,3b607dd8-4daf-4b7a-9601-4654f4253a37
N008423,74df6e07-58dc-422f-8e51-9a5857d50490
N008424,e0770d68-86a7-4668-86f1-504096c516a7
N008425,26b006a7-534f-44ce-b689-5594641d40a4
N008426,c6363770-f200-43c2-ab27-184e72f7802f
N008427,fbddd364-b7ad-44c1-b28f-9c5313e42dbe
N008428,fbddd364-b7ad-44c1-b28f-9c5313e42dbe
N008429,fbddd364-b7ad-44c1-b28f-9c5313e42dbe
N008430,fbddd364-b7ad-44c1-b28f-9c5313e42dbe
N008431,fbddd364-b7ad-44c1-b28f-9c5313e42dbe
N008432,f4f685fd-a185-4f44-858f-31b49f1d696c
N008433,614468a5-0f65-4b5e-be11-2421332ba693
N008434,8b1f3294-0fc2-4b0f-ae66-77a94bf72f7e
N008435,0fb9c688-d8f1-496a-965f-f8d2aa0ae1d3
N008436,8d0a783e-448e-4eab-aa9e-c0234c0a7564
N008437,af6606ab-3611-433b-9600-801689470f65
N008438,a3ea63da-5e93-4659-9b89-8d0adc7ac115
N008439,08873745-4367-415c-b484-f545f72a324e
N008440,4dd510e7-f27e-4763-9c9c-2cc73e8a1123
N008441,90c21323-7959-4292-bfbb-0b2e7e551ce6
N008442,90c21323-7959-4292-bfbb-0b2e7e551ce6
N008443,4dd510e7-f27e-4763-9c9c-2cc73e8a1123
N008444,4dd510e7-f27e-4763-9c9c-2cc73e8a1123
N008445,134d23dd-06f2-48e7-8a1f-22310de7b92c
N008446,1be26549-e14b-4931-bc45-3767b39ef2a1
N008447,134d23dd-06f2-48e7-8a1f-22310de7b92c
N008448,134d23dd-06f2-48e7-8a1f-22310de7b92c
N008449,e12468d9-fde3-4bcc-bdbd-c7f58e689665
N008450,63529f0f-3842-452d-b24a-a91204613e24
N008451,63529f0f-3842-452d-b24a-a91204613e24
N008452,e4a64f17-3e98-43fa-9712-2155315a9a5c
N008453,e4a64f17-3e98-43fa-9712-2155315a9a5c
N008454,ccb1de12-d398-46ab-8918-6ad21c50e0f3
N008455,aea58688-d1c6-4e7c-91d2-1ae59e4adca0
N008456,1937da9d-5457-4c1e-a520-cb8cd346f089
N008457,85f932b9-311d-4a4b-b745-56eb1fe2757d
N008458,4d72656d-26a5-4407-bd6c-dd3ef8f08b90
N008459,4d72656d-26a5-4407-bd6c-dd3ef8f08b90
N008460,caa79654-a3f1-4047-9778-956cf64eeebd
N008461,4d72656d-26a5-4407-bd6c-dd3ef8f08b90
N008462,caa79654-a3f1-4047-9778-956cf64eeebd
N008463,4d72656d-26a5-4407-bd6c-dd3ef8f08b90
N008464,82fbc733-ab68-4a46-8d39-fc10ae51c3e9
N008465,19ee73e7-9cbf-404c-be4f-6361a3be2514
N008466,3aa32a67-a4f5-4453-8f23-ac1fcb8d0428
N008467,d32e6fa6-48c0-4ee7-afd9-c6db11fe82c4
N008468,4cec9beb-a83a-4278-8713-9c8a03a57b53
N008469,d32e6fa6-48c0-4ee7-afd9-c6db11fe82c4
N008470,8b83b8aa-9934-499b-88a0-6b25c666ddb3
N008471,8b83b8aa-9934-499b-88a0-6b25c666ddb3
N008472,b2b38278-b87d-4c9f-9223-3fb068619a5c
N008473,b5921e96-e347-4d38-8429-e8cba48fcbc9
N008474,2272b96c-04db-4914-a303-397b312b5653
N008475,a1babcfa-fab5-4be5-98d7-15630249e553
N008476,f9728719-eea5-43f4-bd4e-3268694f065f
N008477,72514d2f-f7a4-4289-a78a-ee4ed32ef003
N008478,86bed9ed-79d6-4f95-9c7b-bbe32a0a6bbb
N008479,93da3c85-b702-479d-8d05-afc4c006e96b
N008480,5d371aca-e0b8-4b7e-b47a-0acd525590c9
N008481,b1e27e9e-0775-4450-b5b9-4f4a5fd99dd3
N008482,e25e8c12-3c75-41e4-aa51-dc2cc827ea1e
N008483,d12a87a3-3992-41dd-86f3-7dadc115c211
N008484,e25e8c12-3c75-41e4-aa51-dc2cc827ea1e
N008485,e25e8c12-3c75-41e4-aa51-dc2cc827ea1e
N008486,1f692819-4bb3-4c40-a248-5a640ac44de1
N008487,7f3bce0c-6243-4294-869b-6783ca36e15b
N008488,7f3bce0c-6243-4294-869b-6783ca36e15b
N008489,7db923b9-0c9f-4a9d-8c54-fecabd04ced7
N008490,77c03783-d979-47e1-9a5b-2e6f4f53b106
N008491,7db923b9-0c9f-4a9d-8c54-fecabd04ced7
N008492,dfd3addd-1fc6-47c3-8c01-98433851e1f2
N008493,8d3faa8a-d0ba-48df-af46-42027bba0ec3
N008494,c2f169f7-74b1-4f2b-8bc8-a1c8553c8b2d
N008495,c2f169f7-74b1-4f2b-8bc8-a1c8553c8b2d
N008496,0f14f6c1-be66-43b9-af00-5307fbc0d92a
N008497,0b80f80c-fffe-4869-a1ad-15168a4af2ec
N008498,1fe6cae1-5c6c-4b32-952f-98bbbc90301d
N008499,12084fd2-26f4-4d84-8241-9328380e4272
N008500,f4e84a26-2978-4c1c-9dae-cc67155b101f
N008501,5846d801-73c9-4d38-bd5a-a031eaefff0a
N008502,6a954b49-8f0d-4d85-a506-33233d87599e
N008503,e0d4297c-b02d-4e8a-90a2-e32962ddbe19
N008504,e0d4297c-b02d-4e8a-90a2-e32962ddbe19
N008505,e0d4297c-b02d-4e8a-90a2-e32962ddbe19
N008506,e0d4297c-b02d-4e8a-90a2-e32962ddbe19
N008507,e0d4297c-b02d-4e8a-90a2-e32962ddbe19
N008508,e0d4297c-b02d-4e8a-90a2-e32962ddbe19
N008509,e0d4297c-b02d-4e8a-90a2-e32962ddbe19
N008510,e0d4297c-b02d-4e8a-90a2-e32962ddbe19
N008511,ab9793a4-7b1c-4a23-ac2c-5a14a0fbd902
N008512,66b8a120-d621-45c9-9834-c4bc1733d4e2
N008513,66b8a120-d621-45c9-9834-c4bc1733d4e2
N008514,f265a98e-d7c9-4db2-8120-8c85b2503109
N008515,735f15ba-068f-418f-a7fb-3e9dafd4772f
N008516,735f15ba-068f-418f-a7fb-3e9dafd4772f
N008517,d2cc9587-03e8-4d75-abc9-236e62bea0da
N008518,2fe0867c-78f1-4751-bacc-bdeff8067b71
N008519,f7559988-02a5-4819-aff8-fb3b0142a5ff
N008520,f7559988-02a5-4819-aff8-fb3b0142a5ff
N008521,fdcaa7e2-aa47-429b-b8dd-e3c8a7202094
N008522,b74ad92c-e46d-4140-b392-186de72968e3
N008523,259d1593-36ff-4125-ae1d-d1aa13062d2a
N008524,7ce7c501-9a8c-4372-856a-ca74394f7b30
N008525,8f671fa9-a2c1-4a4b-8344-f309e11c3c59
N008526,8f671fa9-a2c1-4a4b-8344-f309e11c3c59
N008527,c4e56ef4-5f58-49cb-99a3-4f4fe722c1f9
N008528,297af285-be22-44ba-85d3-a6766e34694b
N008529,297af285-be22-44ba-85d3-a6766e34694b
N008530,ba977b7b-2139-4691-af8d-aa7a127362ef
N008531,297af285-be22-44ba-85d3-a6766e34694b
N008532,297af285-be22-44ba-85d3-a6766e34694b
N008533,98c548df-cc7f-4c59-b305-b455b705c9c7
N008534,98c548df-cc7f-4c59-b305-b455b705c9c7
N008535,98c548df-cc7f-4c59-b305-b455b705c9c7
N008536,0baff01c-bc40-44ae-b849-97b7a85f8934
N008537,01df6bb4-dd3a-411e-89ba-06b2152912d9
N008538,d1ff6e9f-5f4b-41a5-978a-6ecf8a68a319
N008539,d12a87a3-3992-41dd-86f3-7dadc115c211
N008540,4c5e173c-e435-40be-916e-3408d1affbda
N008541,d12a87a3-3992-41dd-86f3-7dadc115c211
N008542,4c5e173c-e435-40be-916e-3408d1affbda
N008543,4c5e173c-e435-40be-916e-3408d1affbda
N008544,a33e8c30-7aa7-4c22-b770-f4fd5d6233fb
N008545,c7acecce-9cda-4126-8c25-34c8afc54f47
N008546,c7acecce-9cda-4126-8c25-34c8afc54f47
N008547,c7acecce-9cda-4126-8c25-34c8afc54f47
N008548,c7acecce-9cda-4126-8c25-34c8afc54f47
N008549,e2724611-4205-4e81-a6de-20c1a1958220
N008550,e2724611-4205-4e81-a6de-20c1a1958220
N008551,4798a0c9-515b-4972-bf89-3f237041beeb
N008552,4798a0c9-515b-4972-bf89-3f237041beeb
N008553,4d71f69e-beb7-46c7-8df4-56461c371ff0
N008554,4798a0c9-515b-4972-bf89-3f237041beeb
N008555,4d71f69e-beb7-46c7-8df4-56461c371ff0
N008556,6526dda1-29a6-4ccc-aad8-5af2f6d45de1
N008557,4798a0c9-515b-4972-bf89-3f237041beeb
N008558,0fb9c688-d8f1-496a-965f-f8d2aa0ae1d3
N008559,6db79269-d15d-407c-9472-6639632fac7c
N008560,73789da2-26ea-488f-b1a9-e8fdb5d1e399
N008561,70e6b746-5ea5-45de-8e92-c516ddb5cf5c
N008562,70e6b746-5ea5-45de-8e92-c516ddb5cf5c
N008563,3423fc10-8824-4078-b6d2-002063b86a3d
N008564,92b55319-c15b-4621-af7e-f32f31aa013b
N008565,92b55319-c15b-4621-af7e-f32f31aa013b
N008566,92b55319-c15b-4621-af7e-f32f31aa013b
N008567,44907061-e9f9-4f69-966f-77c465c7f804
N008568,44907061-e9f9-4f69-966f-77c465c7f804
N008569,44907061-e9f9-4f69-966f-77c465c7f804
N008570,44907061-e9f9-4f69-966f-77c465c7f804
N008571,44907061-e9f9-4f69-966f-77c465c7f804
N008572,651c33e9-fe50-43b1-baa0-9b920a019a84
N008573,855a6e18-c5ff-45b0-bce8-4e383a7269de
N008574,10fba048-6ce0-48b8-97a6-4d7dddd12a0f
N008575,d1d8f10f-8e4c-44b5-bbb1-1ea903fee4b9
N008576,24013177-73be-4797-bcdd-b9316ba6fdf0
N008577,24013177-73be-4797-bcdd-b9316ba6fdf0
N008578,e644a209-8d36-4dae-bc80-3203f9134f56
N008579,4237c0ce-4014-420e-87ee-a6305ab62f04
N008580,076d73fd-dcff-4397-85f8-31d9ac3b775e
N008581,9d7f13cd-9464-408f-b524-2611d77b6513
N008582,b6c89f5b-446e-4885-a6cd-114a01cf5a42
N008583,2afea62b-a55f-4d6c-88cf-6a059cb80db9
N008584,7164a91b-0f36-4f33-81d7-4e63b6d78c59
N008585,e59931e3-9231-458b-a34c-753c40eae9f5
N008586,52f26538-6f1c-4d5b-bf5a-2bc6be9e73eb
N008587,52f26538-6f1c-4d5b-bf5a-2bc6be9e73eb
N008588,47932a31-3f4c-476f-9e40-38d40d54ce8b
N008589,e418c431-5b28-4bdf-b28f-eedca099eee7
N008590,32774cbd-3321-4ca4-8761-42f538a530ea
N008591,605473c8-9876-4493-b044-31134505e8c0
N008592,85b2fdd0-f11e-4868-b459-2e108e391a6a
N008593,d782c534-9858-46e9-b58d-052c82d81936
N008594,d782c534-9858-46e9-b58d-052c82d81936
N008595,1b902d9b-ce2d-4266-8796-6a1c9aa3785a
N008596,1b902d9b-ce2d-4266-8796-6a1c9aa3785a
N008597,1b902d9b-ce2d-4266-8796-6a1c9aa3785a
N008598,6fbe6221-e059-473e-aaa7-38b761eb5cea
N008599,15003748-4ab6-47e7-b9ca-13e95ae9e37b
N008600,02ac658f-4c6e-46f6-a1f2-acbcec048642
N008601,02ac658f-4c6e-46f6-a1f2-acbcec048642
N008602,02ac658f-4c6e-46f6-a1f2-acbcec048642
N008603,15003748-4ab6-47e7-b9ca-13e95ae9e37b
N008604,2ac3e685-556c-42dd-9fd3-f4660979be83
N008605,90ad3b38-2b22-43f5-a578-7c19f68c0fed
N008606,90ad3b38-2b22-43f5-a578-7c19f68c0fed
N008607,a2706537-f508-4783-95b7-1f173f132591
N008608,b8c18e4f-f4ed-4023-96d7-2607c56b4abf
N008609,b8c18e4f-f4ed-4023-96d7-2607c56b4abf
N008610,90ad3b38-2b22-43f5-a578-7c19f68c0fed
N008611,90ad3b38-2b22-43f5-a578-7c19f68c0fed
N008612,90ad3b38-2b22-43f5-a578-7c19f68c0fed
N008613,90ad3b38-2b22-43f5-a578-7c19f68c0fed
N008614,a6c8e322-8063-4447-87b9-1d55cf4098c9
N008615,858063a6-06a7-475e-a5ce-d7d1df4b7a6a
N008616,1bcc6e8f-0586-4eec-a6e0-4eab3b1b460d
N008617,1bcc6e8f-0586-4eec-a6e0-4eab3b1b460d
N008618,a49a5075-94cb-4aea-95a6-d62a11637bd0
N008619,aa836106-6063-4cee-9756-2c73781b2522
N008620,aa836106-6063-4cee-9756-2c73781b2522
N008621,cd10f431-1ab5-48df-827c-df5b03f6fa2e
N008622,b5cd5da7-10f6-40d4-a236-10db1600e34e
N008623,2ccde042-abd0-4ddc-9829-ebf6e3ac9fd8
N008624,2ccde042-abd0-4ddc-9829-ebf6e3ac9fd8
N008625,f95eaf2a-2197-4206-9cc6-5157277622aa
N008626,2ccde042-abd0-4ddc-9829-ebf6e3ac9fd8
N008627,d721ccc3-211a-4367-8495-42a979cc132a
N008628,d721ccc3-211a-4367-8495-42a979cc132a
N008629,d721ccc3-211a-4367-8495-42a979cc132a
N008630,adb04a59-ae88-4616-b781-810ea2f99328
N008631,d721ccc3-211a-4367-8495-42a979cc132a
N008632,d721ccc3-211a-4367-8495-42a979cc132a
N008633,d721ccc3-211a-4367-8495-42a979cc132a
N008634,d721ccc3-211a-4367-8495-42a979cc132a
N008635,d721ccc3-211a-4367-8495-42a979cc132a
N008636,669403d3-533d-48bb-b129-2af96e9a00a8
N008637,3231165a-466c-4f61-897d-00b7d714ecc3
N008638,259aab5d-5370-4a1a-b3da-0667239a4bef
N008639,3231165a-466c-4f61-897d-00b7d714ecc3
N008640,3231165a-466c-4f61-897d-00b7d714ecc3
N008641,3231165a-466c-4f61-897d-00b7d714ecc3
N008642,259aab5d-5370-4a1a-b3da-0667239a4bef
N008643,3231165a-466c-4f61-897d-00b7d714ecc3
N008644,0876c001-dee3-47e2-b80a-a4792f8fa433
N008645,f585a61d-9ed4-41c5-a008-8afb175f3029
N008646,0876c001-dee3-47e2-b80a-a4792f8fa433
N008647,0876c001-dee3-47e2-b80a-a4792f8fa433
N008648,0876c001-dee3-47e2-b80a-a4792f8fa433
N008649,0876c001-dee3-47e2-b80a-a4792f8fa433
N008650,d12a87a3-3992-41dd-86f3-7dadc115c211
N008651,a512aa55-963b-49be-b7fd-e74042a9cbe3
N008652,054e4cce-9d35-447a-bb9a-aca642edf184
N008653,04ab2031-381a-4dd6-a63e-64ded632a77e
N008654,eee08cb6-7c50-48ab-ae0b-76e6e269abca
N008655,0bf431aa-d572-405f-bec8-5f46033232aa
N008656,d12a87a3-3992-41dd-86f3-7dadc115c211
N008657,48b03a3f-d0b0-4c46-bdf0-234b03262790
N008658,a50399d5-095f-400c-b768-e816e299d09f
N008659,48b03a3f-d0b0-4c46-bdf0-234b03262790
N008660,4c6c20e5-080b-416e-b998-7a08ef5e4dc7
N008661,e8c3671c-483c-4bac-a78e-6e2f6b518664
N008662,88249798-0c5f-4ee9-9792-d3d22288048a
N008663,01be5af6-d240-4b44-b5b3-964a4c50d070
N008664,840f9c17-dd96-4ecf-af9b-c5886228232e
N008665,01be5af6-d240-4b44-b5b3-964a4c50d070
N008666,6c2eeda5-24e7-47ea-9ade-7cd553f6ded2
N008667,e9048d05-ae78-4067-9e46-076b59403934
N008668,6c2eeda5-24e7-47ea-9ade-7cd553f6ded2
N008669,6c2eeda5-24e7-47ea-9ade-7cd553f6ded2
N008670,6c2eeda5-24e7-47ea-9ade-7cd553f6ded2
N008671,6c2eeda5-24e7-47ea-9ade-7cd553f6ded2
N008672,6c2eeda5-24e7-47ea-9ade-7cd553f6ded2
N008673,6c2eeda5-24e7-47ea-9ade-7cd553f6ded2
N008674,f370c89e-1401-4862-b390-17edbed4bbad
N008675,f4a68c9f-7e98-4d8e-9604-a992bb9ad2c2
N008676,ff83925c-0421-4e26-8d73-04fa4c8a3429
N008677,157d3970-7c8e-4c34-9d1e-8a841d97bc5c
N008678,157d3970-7c8e-4c34-9d1e-8a841d97bc5c
N008679,23490a37-218a-4d9f-81cf-11f65d02560a
N008680,e72bc519-8114-4fdb-ba1b-29c36af2265d
N008681,800ae160-11e3-4d38-9ac5-64a5309f7493
N008682,800ae160-11e3-4d38-9ac5-64a5309f7493
N008683,800ae160-11e3-4d38-9ac5-64a5309f7493
N008684,800ae160-11e3-4d38-9ac5-64a5309f7493
N008685,7bacbb3f-cdfb-462f-ba9f-3764dea12708
N008686,d12a87a3-3992-41dd-86f3-7dadc115c211
N008687,eee08cb6-7c50-48ab-ae0b-76e6e269abca
N008688,aa04f9ed-3f5a-4750-8dcd-c77132999b3b
N008689,b67616c9-91a7-4e2f-a092-56e46291ae8f
N008690,b67616c9-91a7-4e2f-a092-56e46291ae8f
N008691,84084a19-3ef8-43b4-a92f-bd8b41aebeba
N008692,b67616c9-91a7-4e2f-a092-56e46291ae8f
N008693,b67616c9-91a7-4e2f-a092-56e46291ae8f
N008694,14c06f6f-6f61-43b2-9098-8bb334bad9bf
N008695,14c06f6f-6f61-43b2-9098-8bb334bad9bf
N008696,01a06c6c-a331-4574-80c4-ba94eb34bec7
N008697,0fb9c688-d8f1-496a-965f-f8d2aa0ae1d3
N008698,01a06c6c-a331-4574-80c4-ba94eb34bec7
N008699,01a06c6c-a331-4574-80c4-ba94eb34bec7
N008700,0fb9c688-d8f1-496a-965f-f8d2aa0ae1d3
N008701,01a06c6c-a331-4574-80c4-ba94eb34bec7
N008702,01a06c6c-a331-4574-80c4-ba94eb34bec7
N008703,01a06c6c-a331-4574-80c4-ba94eb34bec7
N008704,01a06c6c-a331-4574-80c4-ba94eb34bec7
N008705,799282cc-fe91-49f1-92ed-ea59cebfdd5f
N008706,69a860b8-92e4-41fd-a294-5bb7ac50a603
N008707,bd1314a4-bd16-45c1-935b-b428217a8c7b
N008708,219d2bf0-9a1c-4c8f-8354-bffcfd47cd89
N008709,219d2bf0-9a1c-4c8f-8354-bffcfd47cd89
N008710,219d2bf0-9a1c-4c8f-8354-bffcfd47cd89
N008711,219d2bf0-9a1c-4c8f-8354-bffcfd47cd89
N008712,9f4a42de-af85-4ebd-afb7-7cd4a9a1008b
N008713,b0e9b64a-b522-4cef-b34e-6605d7e508e7
N008714,4664ae45-e597-4ec4-9942-c01201ea09cb
N008715,4664ae45-e597-4ec4-9942-c01201ea09cb
N008716,4664ae45-e597-4ec4-9942-c01201ea09cb
N008717,d6bccb8e-5b68-4c94-a516-2c8a7964dac2
N008718,ef9c8b6d-a892-4023-a434-697942172120
N008719,9f4a42de-af85-4ebd-afb7-7cd4a9a1008b
N008720,0181385a-ab22-45be-84d0-53ff0749a8c8
N008721,243c231e-4723-4542-b1b6-c861dd3c0383
N008722,b42740f3-434c-47bf-9f8d-e0d67d901f8b
N008723,47e23828-32bb-4ecf-b507-2e142700303d
N008724,0b47873f-3c67-4b9f-ad50-b6eb9a884a9a
N008725,00e20fa8-f45f-4e02-a81f-19bb3573d3ae
N008726,00e20fa8-f45f-4e02-a81f-19bb3573d3ae
N008727,00e20fa8-f45f-4e02-a81f-19bb3573d3ae
N008728,00e20fa8-f45f-4e02-a81f-19bb3573d3ae
N008729,b121ad2e-88a3-4885-8e97-915057167a3e
N008730,130f12bf-8173-49f6-acd5-90b6a066937d
N008731,576b1751-8e75-473c-b375-ff84be244929
N008732,130f12bf-8173-49f6-acd5-90b6a066937d
N008733,f40534b9-d93c-40c9-8afa-2792db1a45c2
N008734,130f12bf-8173-49f6-acd5-90b6a066937d
N008735,87396596-5aed-4835-929c-efdde9b7c67a
N008736,94b2aebe-2d03-49db-8706-9d7a116fa938
N008737,a4ba1deb-ae77-4425-9c11-4540e85a11be
N008738,7c71c553-0267-4b36-b84b-a7caadd3961a
N008739,7c71c553-0267-4b36-b84b-a7caadd3961a
N008740,7c71c553-0267-4b36-b84b-a7caadd3961a
N008741,58a9a71d-8f5d-4d41-821d-1c3e15889dfc
N008742,369a9143-c4cb-4c5b-97f8-d231b7b50610
N008743,ca71307d-f627-4302-a278-b7c5acba0149
N008744,ca71307d-f627-4302-a278-b7c5acba0149
N008745,c4ab6c5e-9ae2-477d-aca5-4893e02d9650
N008746,d2fb9b0f-ec5c-4635-890d-9b5fe86d7945
N008747,47d461e3-f727-4a10-ab11-66711b299337
N008748,5d9c3e24-2ebc-4774-b825-f7ef57a3933d
N008749,52aa0648-e55d-4f6c-8db6-21cac8767cec
N008750,877f00f2-753c-4f5f-9010-beb0ac51767b
N008751,877f00f2-753c-4f5f-9010-beb0ac51767b
N008752,877f00f2-753c-4f5f-9010-beb0ac51767b
N008753,877f00f2-753c-4f5f-9010-beb0ac51767b
N008754,caeea3d2-f672-46b9-af6a-5573f13667b0
N008755,369badc2-79b9-4d94-9e1a-a5fa2623cc4e
N008756,8c1f6467-c443-4ed1-84a5-35ff226ea96a
N008757,a194ff41-8aee-49eb-a4ed-54c204e1e8fc
N008758,a194ff41-8aee-49eb-a4ed-54c204e1e8fc
N008759,010a42c2-ab11-4e15-a069-4e9b633146d3
N008760,929e3c10-b372-4583-9925-db557f881b72
N008761,91701d45-cd2c-424c-b7fb-5de743284ee3
N008762,7807ff43-d966-459a-8228-57609438e5e1
N008763,7807ff43-d966-459a-8228-57609438e5e1
N008764,34bddc59-3403-46ab-8693-1c0298643b64
N008765,2c37d5c1-5381-4366-bc4b-a489448997c2
N008766,78ea28a8-3245-481e-8187-dfb8fe2a6ac6
N008767,78ea28a8-3245-481e-8187-dfb8fe2a6ac6
N008768,940780b9-02f3-44b8-89ba-1c578f456242
N008769,4912b9c3-9dd3-4bca-9afd-e9777e55d458
N008770,ddf1a250-a5ab-4b16-af54-bd0507ff90a7
N008771,6ab87e49-22e8-4fe6-8065-982e69e5a01a
N008772,6ab87e49-22e8-4fe6-8065-982e69e5a01a
N008773,260bbde3-358a-4ce0-9f8b-969b3d206582
N008774,7d49b774-4fb2-4c38-a5fd-a8fbb118cc96
N008775,260bbde3-358a-4ce0-9f8b-969b3d206582
N008776,9997d8d5-0d26-4995-a804-d2d39bdcae5f
N008777,b5336ba1-cf25-4017-905d-c0300eb84f0c
N008778,3f510b03-7b9e-4d2f-b0f1-1ae80da40b9d
N008779,449b4eb4-e3a3-4433-8e93-1fbebaf16727
N008780,e5860bc2-04c2-4e86-895b-d9b5e6e5aee8
N008781,36439476-ee15-4e43-9362-9d71dfaeb189
N008782,9f1732d5-5297-4e13-a302-b9df3904318d
N008783,98d942c1-672d-4feb-8027-45d2004ff1da
N008784,7124a0da-f7fc-4e22-afa3-0b3d97e9d82b
N008785,001bd687-d300-4333-9821-311c2347f44b
N008786,7124a0da-f7fc-4e22-afa3-0b3d97e9d82b
N008787,7e52e972-dbcc-41ac-ae6d-cad726e85fd7
N008788,b1e27e9e-0775-4450-b5b9-4f4a5fd99dd3
N008789,7e52e972-dbcc-41ac-ae6d-cad726e85fd7
N008790,7e52e972-dbcc-41ac-ae6d-cad726e85fd7
N008791,2dfb9ea0-06e5-4aab-a47f-1a84e56f5b42
N008792,93e4883f-0510-4930-bd95-814e42e8fc81
N008793,a9ff1093-fb94-4d74-97a7-8e0cdfaaf076
N008794,72dcbe59-f22b-421f-a153-deb46fce1efb
N008795,93e4883f-0510-4930-bd95-814e42e8fc81
N008796,0ef5b31e-dad6-4088-8190-f1935648a8a2
N008797,4df60fa7-89f3-4cd4-8db1-72c42a9f3784
N008798,618b2420-6a0a-4d10-a065-985ca3041f10
N008799,618b2420-6a0a-4d10-a065-985ca3041f10
N008800,cf275a83-670c-4d32-b3b6-b1fee595c522
N008801,cbf04798-b215-40d4-8e68-ef19ff8363c6
N008802,8d6df025-7343-4d6b-9590-e0c28fa6a05e
N008803,9e2a845f-1e05-431f-92b2-f0ca37efc267
N008804,1698a657-116c-491e-9952-fd80a4a4b5d4
N008805,49239f49-1de3-4c03-8d7d-03dc6afe7bfc
N008806,f5c6aa30-ff74-4fe9-b10c-37e219ee784d
N008807,6273a7c2-32cc-40e0-95f5-893ce5fd2573
N008808,c4f4abd0-d55c-4a14-8b11-6f95f8251535
N008809,3eb9055b-e893-4711-b5cf-067e068d8feb
N008810,3eb9055b-e893-4711-b5cf-067e068d8feb
N008811,3eb9055b-e893-4711-b5cf-067e068d8feb
N008812,65d2be06-0d6a-4f77-9085-a71a0ece8914
N008813,65d2be06-0d6a-4f77-9085-a71a0ece8914
N008814,58a9a71d-8f5d-4d41-821d-1c3e15889dfc
N008815,40c0cf73-d600-47b2-b621-ddb4b80afa1d
N008816,58a9a71d-8f5d-4d41-821d-1c3e15889dfc
N008817,40c0cf73-d600-47b2-b621-ddb4b80afa1d
N008818,40c0cf73-d600-47b2-b621-ddb4b80afa1d
N008819,58a9a71d-8f5d-4d41-821d-1c3e15889dfc
N008820,40c0cf73-d600-47b2-b621-ddb4b80afa1d
N008821,15e08cb8-0473-4124-a5ea-6526a94d919f
N008822,8cef36f1-9f71-4b1b-966e-5e864c6a6da4
N008823,7afdd7b7-bf84-4f55-8039-3cbfefbd6d5f
N008824,619d04c5-9d71-409e-8226-5e9d5d3556ba
N008825,c4674bab-8f65-41f8-85c6-f205666c1cae
N008826,619d04c5-9d71-409e-8226-5e9d5d3556ba
N008827,619d04c5-9d71-409e-8226-5e9d5d3556ba
N008828,619d04c5-9d71-409e-8226-5e9d5d3556ba
N008829,619d04c5-9d71-409e-8226-5e9d5d3556ba
N008830,3b038af2-c307-46f9-95e6-fe4d446e59bb
N008831,3b038af2-c307-46f9-95e6-fe4d446e59bb
N008832,95e90fc7-b1de-4e35-9764-1ed4b05ab732
N008833,bdfe62c9-ade5-401c-9829-f1937413b8fc
N008834,bdfe62c9-ade5-401c-9829-f1937413b8fc
N008835,bdfe62c9-ade5-401c-9829-f1937413b8fc
N008836,2e397a54-1e75-490e-9164-a068d030573a
N008837,2e397a54-1e75-490e-9164-a068d030573a
N008838,bdfe62c9-ade5-401c-9829-f1937413b8fc
N008839,bdfe62c9-ade5-401c-9829-f1937413b8fc
N008840,bdfe62c9-ade5-401c-9829-f1937413b8fc
N008841,bdfe62c9-ade5-401c-9829-f1937413b8fc
N008842,29740ae6-ba3d-44e8-8a06-c1c82c404847
N008843,045b66bd-6f39-4050-b3b5-da427803ae63
N008844,e2ae1300-fdae-4ac0-89b2-c59ff2f410bd
N008845,e2ae1300-fdae-4ac0-89b2-c59ff2f410bd
N008846,e2ae1300-fdae-4ac0-89b2-c59ff2f410bd
N008847,e2ae1300-fdae-4ac0-89b2-c59ff2f410bd
N008848,9bc80937-626e-41eb-b42c-45500dadcabb
N008849,e2ae1300-fdae-4ac0-89b2-c59ff2f410bd
N008850,e2ae1300-fdae-4ac0-89b2-c59ff2f410bd
N008851,c12ea75f-280b-47e6-b420-b00a48b7e9ac
N008852,e73cb7e7-5325-4d8d-bf69-fab85938b0d7
N008853,e6693368-5e11-452d-a64a-cd33b31f1007
N008854,e6693368-5e11-452d-a64a-cd33b31f1007
N008855,eeb984ad-b2a0-40c7-ab1d-ffcba5cff014
N008856,e6693368-5e11-452d-a64a-cd33b31f1007
N008857,e6693368-5e11-452d-a64a-cd33b31f1007
N008858,a365d847-8fb6-4425-98fa-0144d65c95eb
N008859,e1c889e3-1b53-48e3-a6c9-46785ebbcad4
N008860,071c2045-63b3-48e3-9aa3-c589de7b2201
N008861,400f29f9-6ac6-4227-bcc5-9ad41a9a161a
N008862,294cf6ff-1f05-4bf3-a0d2-7f083469f320
N008863,294cf6ff-1f05-4bf3-a0d2-7f083469f320
N008864,b2809478-55eb-4908-8127-92873caca981
N008865,b2809478-55eb-4908-8127-92873caca981
N008866,246de233-af2a-42d7-af24-bd02a0dea8c3
N008867,c12ea75f-280b-47e6-b420-b00a48b7e9ac
N008868,9084cd67-43b7-4deb-9e11-f3bf6e78ef4f
N008869,bf9e3863-ffbf-4d07-a95a-c8f810f0cc61
N008870,23decc27-5ea7-4833-a985-b15efb38d936
N008871,35849827-990c-44e7-9019-11ab371bfa59
N008872,477a2d44-7623-42dc-a731-a3b3c7f7eb90
N008873,d7a46e39-cb43-462a-a2fc-b9f46382f26d
N008874,d7a46e39-cb43-462a-a2fc-b9f46382f26d
N008875,d7a46e39-cb43-462a-a2fc-b9f46382f26d
N008876,83314033-17fb-4851-b203-5aa4c53ad066
N008877,fafdb831-75d3-4565-b07d-f883d2d04fef
N008878,00b14d86-ac1c-4831-8c1a-60d2a652a935
N008879,00b14d86-ac1c-4831-8c1a-60d2a652a935
N008880,00b14d86-ac1c-4831-8c1a-60d2a652a935
N008881,00b14d86-ac1c-4831-8c1a-60d2a652a935
N008882,a56185a9-83eb-48a7-85db-47c5dafd809b
N008883,a1ff0a9c-31b0-4664-ab88-2eda3a8c59c1
N008884,b8da7576-97ca-449b-8570-ab274e369100
N008885,0043b7f7-3c21-401c-b7dd-97dc92b79c73
N008886,6f85d948-e8f7-4889-a3f1-d253108972a6
N008887,493902d0-1899-4d89-a4c7-43ab2c36b0b6
N008888,a21062e4-6559-4194-8317-c625262e6e8a
N008889,a21062e4-6559-4194-8317-c625262e6e8a
N008890,a81985aa-8540-4bc2-b020-2b0925de9fe3
N008891,a81985aa-8540-4bc2-b020-2b0925de9fe3
N008892,90986e7b-f9c1-42be-a7bc-f8f0e59ffd2b
N008893,a81985aa-8540-4bc2-b020-2b0925de9fe3
N008894,90986e7b-f9c1-42be-a7bc-f8f0e59ffd2b
N008895,a81985aa-8540-4bc2-b020-2b0925de9fe3
N008896,a81985aa-8540-4bc2-b020-2b0925de9fe3
N008897,a81985aa-8540-4bc2-b020-2b0925de9fe3
N008898,4657ad39-a5ff-46ff-a691-0f9786f6e89e
N008899,4657ad39-a5ff-46ff-a691-0f9786f6e89e
N008900,7477ac93-0b32-4ee9-8134-146460b517a9
N008901,dc29f3e1-24ec-4230-9559-5b3a849918a8
N008902,b84fff9c-cdff-4806-afee-d0c8a94d411d
N008903,b84fff9c-cdff-4806-afee-d0c8a94d411d
N008904,90ed4ef0-b356-4a1b-af0e-77825edfe03f
N008905,90ed4ef0-b356-4a1b-af0e-77825edfe03f
N008906,90ed4ef0-b356-4a1b-af0e-77825edfe03f
N008907,90ed4ef0-b356-4a1b-af0e-77825edfe03f
N008908,90ed4ef0-b356-4a1b-af0e-77825edfe03f
N008909,90ed4ef0-b356-4a1b-af0e-77825edfe03f
N008910,90ed4ef0-b356-4a1b-af0e-77825edfe03f
N008911,90ed4ef0-b356-4a1b-af0e-77825edfe03f
N008912,90ed4ef0-b356-4a1b-af0e-77825edfe03f
N008913,3138e019-119d-4d7d-9eef-be3ac07fb9b6
N008914,30dc3f03-b112-4ad4-9de0-1a5b2fbe764f
N008915,8fc934f7-63fe-4bba-a4ea-310337b088e9
N008916,a9ba2c56-6af0-4f3e-b69c-c25507827c72
N008917,97b7d6a6-66ef-4b62-8e62-2bf784a6b29a
N008918,d12a87a3-3992-41dd-86f3-7dadc115c211
N008919,98d942c1-672d-4feb-8027-45d2004ff1da
N008920,61e67ab6-6bfe-47ce-a819-1f100c937792
N008921,8be70e2e-df78-4021-927f-0ba4ca52df08
N008922,82f0a494-f04c-4859-927e-7af478354920
N008923,82f0a494-f04c-4859-927e-7af478354920
N008924,40de6cca-9a38-44b9-bfb3-e15a24f7510e
N008925,82f0a494-f04c-4859-927e-7af478354920
N008926,66318edc-00b1-4c4d-a4f6-86049a27ac45
N008927,82f0a494-f04c-4859-927e-7af478354920
N008928,334e00b6-34d6-4767-a26a-2870c872f951
N008929,3c8c738b-f9e3-492f-87d8-a870a10cfa9b
N008930,802ae253-9173-4bd5-82d5-42fa67585df2
N008931,174da4e0-ce30-4e5a-b882-8127205ae676
N008932,2ae9ddf7-90c3-4862-86fa-b107eec03b0e
N008933,4eaa814f-4ccb-4793-b483-65a8801848fe
N008934,de6b8137-b5ba-4049-9664-88b33bb21592
N008935,437d1599-590f-4787-8df3-2e21b0a905b1
N008936,9e99eb47-b5d9-446d-a284-c11dca9c8e46
N008937,9e99eb47-b5d9-446d-a284-c11dca9c8e46
N008938,88049db5-3cc7-4071-a688-be639b5ca55f
N008939,160662f7-c35b-4b94-bf38-0cafe9523080
N008940,160662f7-c35b-4b94-bf38-0cafe9523080
N008941,160662f7-c35b-4b94-bf38-0cafe9523080
N008942,160662f7-c35b-4b94-bf38-0cafe9523080
N008943,160662f7-c35b-4b94-bf38-0cafe9523080
N008944,160662f7-c35b-4b94-bf38-0cafe9523080
N008945,160662f7-c35b-4b94-bf38-0cafe9523080
N008946,42fffadd-940b-40fd-ae9f-f47a345ef6be
N008947,42fffadd-940b-40fd-ae9f-f47a345ef6be
N008948,7e667601-83d7-4e39-a50b-5629a77fc04d
N008949,7e667601-83d7-4e39-a50b-5629a77fc04d
N008950,fe55759f-be02-4de9-9477-6b3cc4d62b73
N008951,56751297-99f1-4799-9219-e9dea8d161c9
N008952,56751297-99f1-4799-9219-e9dea8d161c9
N008953,56751297-99f1-4799-9219-e9dea8d161c9
N008954,00afad02-e51c-4da1-97bb-50e0b7cdebcf
N008955,d3c110ec-2aac-4e40-a5ba-af9cbcb4a5b2
N008956,d3c110ec-2aac-4e40-a5ba-af9cbcb4a5b2
N008957,d3c110ec-2aac-4e40-a5ba-af9cbcb4a5b2
N008958,d3c110ec-2aac-4e40-a5ba-af9cbcb4a5b2
N008959,d14dc677-e973-4b97-89d4-8827c5356de7
N008960,fdc324ba-a00c-4f27-9b10-23f258b210e9
N008961,b10ad26a-2fac-479b-8f97-4f5c06df0db7
N008962,de732c54-d2f5-4c79-bcec-f69d513d261c
N008963,de732c54-d2f5-4c79-bcec-f69d513d261c
N008964,de732c54-d2f5-4c79-bcec-f69d513d261c
N008965,de732c54-d2f5-4c79-bcec-f69d513d261c
N008966,09045dc5-821a-4e6f-94ea-a156ece9fdcc
N008967,d4847450-1ab9-4fd1-98c6-212c0bcc72c7
N008968,6d788f1b-993e-4a82-9001-a4e5db3d5761
N008969,d12a87a3-3992-41dd-86f3-7dadc115c211
N008970,d1c2231d-1622-41f6-8c1f-90f88ae1e869
N008971,7c6e7219-8447-4707-84ca-4b6d1b944671
N008972,d1c2231d-1622-41f6-8c1f-90f88ae1e869
N008973,be98d0c2-d8ba-494d-8acc-66b7d3f66e47
N008974,c73cafce-1bab-46a0-9a8c-f0fc66eb8630
N008975,d0cbc65d-f102-466c-bf89-48c42a4b02a9
N008976,d0cbc65d-f102-466c-bf89-48c42a4b02a9
N008977,d0cbc65d-f102-466c-bf89-48c42a4b02a9
N008978,d0cbc65d-f102-466c-bf89-48c42a4b02a9
N008979,d0cbc65d-f102-466c-bf89-48c42a4b02a9
N008980,0e9e3330-bd1c-419a-9d41-f9bf2d7ee7fd
N008981,d0cbc65d-f102-466c-bf89-48c42a4b02a9
N008982,d0cbc65d-f102-466c-bf89-48c42a4b02a9
N008983,d0cbc65d-f102-466c-bf89-48c42a4b02a9
N008984,7eec4f23-8a75-45e6-b125-70e2f3bedf0f
N008985,0cac12e9-e61e-4dd1-b4aa-140dff9173dd
N008986,7eec4f23-8a75-45e6-b125-70e2f3bedf0f
N008987,e0e2cc02-6afa-430b-b02a-a5d9873fbb94
N008988,e0e2cc02-6afa-430b-b02a-a5d9873fbb94
N008989,a748a7dc-b5f4-410b-a20c-16bfdf6e71a4
N008990,e0e2cc02-6afa-430b-b02a-a5d9873fbb94
N008991,ffb3f58a-be9d-4855-a3ac-7edfac8f0534
N008992,58a9a71d-8f5d-4d41-821d-1c3e15889dfc
N008993,9b0b5824-2bb3-4378-a1d2-f62696ae0518
N008994,9b0b5824-2bb3-4378-a1d2-f62696ae0518
N008995,9b0b5824-2bb3-4378-a1d2-f62696ae0518
N008996,d8ab5981-7dab-4bc9-aa4f-0b805a00e9ab
N008997,d8ab5981-7dab-4bc9-aa4f-0b805a00e9ab
N008998,d8ab5981-7dab-4bc9-aa4f-0b805a00e9ab
N008999,148b17f3-daf4-4a88-8c65-1137171a8a0d
N009000,eb57435b-6f4c-465a-b720-4d29b58cb8fc
N009001,eb57435b-6f4c-465a-b720-4d29b58cb8fc
N009002,9720d2fb-c0fb-47e9-8cc7-314e54e4d4a5
N009003,7499c561-b185-44e1-95ff-7f5882c86449
N009004,5f2e032a-50f0-4eea-afbd-3e23d7fb1e64
N009005,5f2e032a-50f0-4eea-afbd-3e23d7fb1e64
N009006,5f2e032a-50f0-4eea-afbd-3e23d7fb1e64
N009007,c8cf8794-878c-402f-9943-59b603495b44
N009008,ce50d478-4e26-4f5b-b590-1aedf356c9b6
N009009,d1770416-87e1-4248-842e-dc6094fe3907
N009010,22f421ca-4d2a-48ce-86b2-830ccbb203e7
N009011,22f421ca-4d2a-48ce-86b2-830ccbb203e7
N009012,c2de9419-d369-4a70-8325-ecc477c57e86
N009013,c2de9419-d369-4a70-8325-ecc477c57e86
N009014,fde2bc38-e963-4b6e-a377-51f71b8001a8
N009015,c2de9419-d369-4a70-8325-ecc477c57e86
N009016,c2de9419-d369-4a70-8325-ecc477c57e86
N009017,c2de9419-d369-4a70-8325-ecc477c57e86
N009018,c2de9419-d369-4a70-8325-ecc477c57e86
N009019,c2de9419-d369-4a70-8325-ecc477c57e86
N009020,c2de9419-d369-4a70-8325-ecc477c57e86
N009021,9267eb8a-be96-4dc9-a251-82d3747d3db4
N009022,c41fcec4-7dbf-4a79-87f9-36b9d7716043
N009023,16202f0e-0f7b-4001-ad59-521401debc98
N009024,92d7c355-d5f9-4273-aa1b-af94ffff5614
N009025,92d7c355-d5f9-4273-aa1b-af94ffff5614
N009026,92d7c355-d5f9-4273-aa1b-af94ffff5614
N009027,92d7c355-d5f9-4273-aa1b-af94ffff5614
N009028,92d7c355-d5f9-4273-aa1b-af94ffff5614
N009029,92d7c355-d5f9-4273-aa1b-af94ffff5614
N009030,646b8c8c-bf5b-4bb6-9d74-99976f81c3fc
N009031,92d7c355-d5f9-4273-aa1b-af94ffff5614
N009032,b94700fa-e835-45f6-8ed3-1f2744875c67
N009033,a40afc10-9191-4adf-8857-faf38ea7c349
N009034,54765335-5de7-42b9-b3a2-cd62c02232c4
N009035,6d41cd9e-ed63-4902-8e5b-d125bf3f9e4b
N009036,25c835de-26f3-4022-9221-096093ce0de5
N009037,25c835de-26f3-4022-9221-096093ce0de5
N009038,25c835de-26f3-4022-9221-096093ce0de5
N009039,25c835de-26f3-4022-9221-096093ce0de5
N009040,e13c0d89-e2e7-4da3-9cc5-505b66bea9fa
N009041,cf391ea5-b79b-4374-988e-d00772343f2a
N009042,266da965-fd8c-404c-99a3-e74b286eb269
N009043,166f7fb0-3c37-4403-b930-883e0b896c18
N009044,424abf36-93ec-4807-9b54-5f4a3f141822
N009045,0d8ae71a-cd9f-4fd2-a243-cf9b0fc40d2e
N009046,7430e87d-41df-4ee7-b865-006563863948
N009047,c482c4b8-2009-40ff-840e-e06c925bdcf1
N009048,a18db6e4-f486-410d-901f-ab59c1f4a2b0
N009049,c482c4b8-2009-40ff-840e-e06c925bdcf1
N009050,a18db6e4-f486-410d-901f-ab59c1f4a2b0
N009051,5ee21b36-d059-485b-b069-d05083d30e43
N009052,be2656ec-5a23-4fc5-85fd-2a23a3146a2d
N009053,e1c2b946-dfee-4a35-b25e-09cafcd5f497
N009054,ee47c11f-16ab-4ae5-a4c0-b603c0124812
N009055,aaeb1576-6914-4ef3-b72a-a547a8f04e0a
N009056,adb04a59-ae88-4616-b781-810ea2f99328
N009057,848c86d2-2955-420c-b89a-ace3730bf4a8
N009058,848c86d2-2955-420c-b89a-ace3730bf4a8
N009059,21eccacb-ed22-4113-9b00-3bedf676618a
N009060,f8f287b0-4b36-4498-b8ca-9f0145b1d49e
N009061,20d01ea5-56a7-4133-b06b-fde0565dcadc
N009062,d12a87a3-3992-41dd-86f3-7dadc115c211
N009063,5f63b9ca-cebd-42bf-b79f-3966f609ebf1
N009064,279395d1-b7fc-4090-be79-bada7910715a
N009065,d12a87a3-3992-41dd-86f3-7dadc115c211
N009066,d12a87a3-3992-41dd-86f3-7dadc115c211
N009067,ac75fc8a-9172-421f-86a6-eb93cbfe75eb
N009068,d12a87a3-3992-41dd-86f3-7dadc115c211
N009069,d2bca1da-f2d5-4784-b519-c8f183328e57
N009070,d2bca1da-f2d5-4784-b519-c8f183328e57
N009071,05520cb3-112a-425f-a3f0-509cc2473622
N009072,64fd2822-fe8c-42d8-9a93-ac4776af9d6e
N009073,64fd2822-fe8c-42d8-9a93-ac4776af9d6e
N009074,433447da-efa2-468f-9b8e-bf601dc1f9f9
N009075,a05581e6-bd49-44fc-be44-28f310f0650d
N009076,3ad7c4ab-c5fd-481d-abbe-b9e443f8058e
N009077,9a8dd8c2-fb87-4c46-ba5f-65e32cf41312
N009078,f585a61d-9ed4-41c5-a008-8afb175f3029
N009079,3101fb85-e12e-4834-a1c6-64ce477b777f
N009080,1c7c456c-752e-4d9f-a206-20f5a623100d
N009081,4228b0e4-908f-49ab-990d-cbff67d952aa
N009082,1d8d2b1b-978f-4b68-be66-cc79c01b9bd1
N009083,1d8d2b1b-978f-4b68-be66-cc79c01b9bd1
N009084,1d8d2b1b-978f-4b68-be66-cc79c01b9bd1
N009085,f585a61d-9ed4-41c5-a008-8afb175f3029
N009086,2f711734-3d9a-4c01-bf0a-8ee13063e5c2
N009087,2f711734-3d9a-4c01-bf0a-8ee13063e5c2
N009088,ed7d0e12-07e3-455b-8710-9d5cdf293fdf
N009089,8591df59-faf3-45ae-a86a-ca01aa2be9f3
N009090,8591df59-faf3-45ae-a86a-ca01aa2be9f3
N009091,8591df59-faf3-45ae-a86a-ca01aa2be9f3
N009092,f0ac1737-7edd-4642-ba28-9b4e02c70ac6
N009093,8591df59-faf3-45ae-a86a-ca01aa2be9f3
N009094,8591df59-faf3-45ae-a86a-ca01aa2be9f3
N009095,8591df59-faf3-45ae-a86a-ca01aa2be9f3
N009096,23108717-1efc-44eb-8b88-771dcfd5c4a0
N009097,23108717-1efc-44eb-8b88-771dcfd5c4a0
N009098,23108717-1efc-44eb-8b88-771dcfd5c4a0
N009099,23108717-1efc-44eb-8b88-771dcfd5c4a0
N009100,2899c86b-f5a0-47ac-8660-4905c9199fed
N009101,e8cb4c0e-f787-4a2b-a8c4-1f1e3f08aaa5
N009102,e8cb4c0e-f787-4a2b-a8c4-1f1e3f08aaa5
N009103,1703bec6-589a-4d0e-9a47-c8a8dfa0513e
N009104,1703bec6-589a-4d0e-9a47-c8a8dfa0513e
N009105,1703bec6-589a-4d0e-9a47-c8a8dfa0513e
N009106,b9dec880-533e-4108-8244-16efacaf3d9e
N009107,b9dec880-533e-4108-8244-16efacaf3d9e
N009108,75775eba-a62a-4c80-ba0f-c11174d5ef33
N009109,a9ec546a-60be-4e3a-8489-5bb5eb65b362
N009110,75775eba-a62a-4c80-ba0f-c11174d5ef33
N009111,75775eba-a62a-4c80-ba0f-c11174d5ef33
N009112,a9ec546a-60be-4e3a-8489-5bb5eb65b362
N009113,40f06439-a2d0-48b3-b072-6efbf022a159
N009114,9480a7d6-6d95-4dc2-894c-67010632939d
N009115,9480a7d6-6d95-4dc2-894c-67010632939d
N009116,ce9878a8-804e-442a-8354-87f6ae9ef1ea
N009117,c61b0cf1-fa39-49c5-949d-640336beee4a
N009118,c61b0cf1-fa39-49c5-949d-640336beee4a
N009119,c61b0cf1-fa39-49c5-949d-640336beee4a
N009120,eb9138a9-b2c8-4aad-ba29-4223b5f78e01
N009121,9d17fb9e-4dfb-476e-9e21-a572769731f4
N009122,eb9138a9-b2c8-4aad-ba29-4223b5f78e01
N009123,48c86213-e381-4e63-a037-f81fe48b41b7
N009124,552fadb1-15ce-4d0f-b15f-3d251ecade3a
N009125,ee3db97b-d5c2-486f-ae91-096bef93405d
N009126,be98d0c2-d8ba-494d-8acc-66b7d3f66e47
N009127,4371316b-7ed2-4cd2-b4ec-6b9db976f392
N009128,d12a87a3-3992-41dd-86f3-7dadc115c211
N009129,970e7bb7-2673-4cdc-8735-dd75ce40380e
N009130,5b68c92a-6de3-453d-853b-5d738e5544eb
N009131,5b68c92a-6de3-453d-853b-5d738e5544eb
N009132,e867f439-2819-4a3c-ae8b-47633ac810d9
N009133,3686e194-6820-42c9-a12f-7adc98665862
N009134,485c10c0-e9b5-4d09-a251-711058590585
N009135,daeed972-d238-44a5-952b-12108b868327
N009136,daeed972-d238-44a5-952b-12108b868327
N009137,daeed972-d238-44a5-952b-12108b868327
N009138,df4d2a1c-03d4-4afe-8942-b3a9a07f756f
N009139,e04e96a3-9d6e-49da-89e0-f494a8ee53c8
N009140,122ac26d-bd79-4ea1-ba94-a21452027949
N009141,95420b2a-c2f6-40c0-abdb-8eba6bbdae95
N009142,1c784602-23a1-43c8-848b-417c2f73dc5e
N009143,1c784602-23a1-43c8-848b-417c2f73dc5e
N009144,1c784602-23a1-43c8-848b-417c2f73dc5e
N009145,0bcfd635-82ac-45ca-b4a9-ca8da485c621
N009146,8c0d0319-998d-45bb-895c-d6bf321e0388
N009147,8c0d0319-998d-45bb-895c-d6bf321e0388
N009148,8c0d0319-998d-45bb-895c-d6bf321e0388
N009149,f9acecb4-45e8-41d8-b667-d6d41409767e
N009150,e445296c-3665-4de9-8ddd-990d5b7f6321
N009151,58a9a71d-8f5d-4d41-821d-1c3e15889dfc
N009152,e445296c-3665-4de9-8ddd-990d5b7f6321
N009153,a3053f9e-09a8-4692-aa10-f845964a9c81
N009154,a06b0bca-f27b-4f1b-b0b4-a2c1f02b6fd3
N009155,a3b79a74-11ba-4b72-97b7-597f28a6d3bb
N009156,63abc7a7-18e1-41fa-abf6-ab43acfeb50f
N009157,63abc7a7-18e1-41fa-abf6-ab43acfeb50f
N009158,63abc7a7-18e1-41fa-abf6-ab43acfeb50f
N009159,afd0f6bb-9bdc-4936-b689-6280b57241d1
N009160,82d808c8-bfb2-4d3c-9bef-f6b2b770e9c2
N009161,afd0f6bb-9bdc-4936-b689-6280b57241d1
N009162,945c55e5-bc78-424a-bd0a-21d1c6027767
N009163,afd0f6bb-9bdc-4936-b689-6280b57241d1
N009164,8504a7a8-ca31-40c2-a558-a07172b21c97
N009165,25aca3c4-e1e6-4eaf-b7d3-ff27e16f1b8c
N009166,25aca3c4-e1e6-4eaf-b7d3-ff27e16f1b8c
N009167,eee08cb6-7c50-48ab-ae0b-76e6e269abca
N009168,5e6debdd-3c86-4cde-ac7d-49cab1fb273e
N009169,5630bfb4-0e8d-4a36-bb74-e733de5e15cb
N009170,42b1c48e-200e-4b0c-afec-cec380ab504d
N009171,42b1c48e-200e-4b0c-afec-cec380ab504d
N009172,d62dfc99-7768-4573-b364-0d27ec10e397
N009173,4e6067e6-a9cd-4c49-a03f-2f9013e5422b
N009174,a5c343a0-0954-4b8a-9c0d-b6dc954820d4
N009175,a5c343a0-0954-4b8a-9c0d-b6dc954820d4
N009176,0df44e3d-0d1d-4d4c-9456-725403c474da
N009177,247cf30b-2d64-4100-8a0d-3afcc28f5784
N009178,a750f71e-b8a2-4d0e-a05f-f8ab0fcd0b96
N009179,c12ea75f-280b-47e6-b420-b00a48b7e9ac
N009180,386f168b-96e4-4b47-91e3-e259f9701eb8
N009181,b7a137a3-0f4a-439f-9d8e-34407e4fe4cf
N009182,dcba4f66-05f8-409a-9963-c786e05aefe5
N009183,7713db61-2a50-4be9-8b33-402765278455
N009184,7713db61-2a50-4be9-8b33-402765278455
N009185,7713db61-2a50-4be9-8b33-402765278455
N009186,7713db61-2a50-4be9-8b33-402765278455
N009187,dcba4f66-05f8-409a-9963-c786e05aefe5
N009188,205c593a-df99-47df-8d3c-7913202f9299
N009189,9ec28829-2187-4ec9-a914-50fb7f5b0e0d
N009190,88b251cb-0710-4d3a-82cf-f5c5e6316110
N009191,232fdb4b-7a1d-4f2d-9f83-165d0bcfea73
N009192,5730152c-05ea-434a-87ce-a0e66ffc445e
N009193,bc1bcb20-4d86-4132-9851-c79fa1f77172
N009194,0aeab007-42a0-407e-90c4-f0d8010cab6d
N009195,5630bfb4-0e8d-4a36-bb74-e733de5e15cb
N009196,0aeab007-42a0-407e-90c4-f0d8010cab6d
N009197,e6fae6ac-4aad-4138-8e38-8d35bbdd0c28
N009198,be817bc0-9b64-4b51-9773-5da295d97cdc
N009199,58a9a71d-8f5d-4d41-821d-1c3e15889dfc
N009200,5fd9e471-508f-4713-8279-5cbc66b56501
N009201,111578d9-2587-4998-9903-a1bfe115ea75
N009202,5fd9e471-508f-4713-8279-5cbc66b56501
N009203,111578d9-2587-4998-9903-a1bfe115ea75
N009204,111578d9-2587-4998-9903-a1bfe115ea75
N009205,28c34ca5-b47d-44ff-94ff-5a16e551217c
N009206,0acca16f-28b1-4b61-a9a6-5f2a0aad6a71
N009207,0acca16f-28b1-4b61-a9a6-5f2a0aad6a71
N009208,0acca16f-28b1-4b61-a9a6-5f2a0aad6a71
N009209,a07b2ce6-79d8-4139-a65a-1531627e8615
N009210,a55a9c97-3abb-4a73-b759-0a31a5a5ab3c
N009211,273e4613-05d8-408c-a222-bd9295a594f4
N009212,273e4613-05d8-408c-a222-bd9295a594f4
N009213,273e4613-05d8-408c-a222-bd9295a594f4
N009214,5630bfb4-0e8d-4a36-bb74-e733de5e15cb
N009215,273e4613-05d8-408c-a222-bd9295a594f4
N009216,273e4613-05d8-408c-a222-bd9295a594f4
N009217,f819a56c-fcea-41f0-b4b1-228c47a3b3ff
N009218,f6b8c4ab-b889-45a0-9c87-8eab22791c65
N009219,e7543c93-8ddd-43e5-9a17-90248e566820
N009220,53df2a13-a61c-41c3-a9ea-a9e2c04ce559
N009221,1ac238e9-7680-4ea8-9ad1-92b1bf2ec7f0
N009222,3e97d36b-9ff3-4200-bd38-e87a227d0f0e
N009223,d2df783a-75f2-48d8-a47c-923abb5176f7
N009224,c70077e2-396c-4c1f-9705-d84a2edc344a
N009225,f002cbd6-78d6-4915-8ec0-a110f08b737f
N009226,ee8adc99-9ab7-4412-9f39-cf01661670ca
N009227,346bc368-fc07-40e9-93e0-f76ab126f089
N009228,4a606814-4591-4408-9821-5943f75d8bad
N009229,eabe38b8-1377-4a2b-9e97-8f7b65596907
N009230,eabe38b8-1377-4a2b-9e97-8f7b65596907
N009231,eabe38b8-1377-4a2b-9e97-8f7b65596907
N009232,7477ac93-0b32-4ee9-8134-146460b517a9
N009233,8d1d6c1d-b083-4bb3-9ce6-ce14f5a2615b
N009234,0540396b-881b-4654-9978-7ac6cd16eedb
N009235,c198bed5-7986-4986-bceb-39e26dda25e9
N009236,72f2f6c0-b90b-4b04-be93-4fdd92beca5d
N009237,c7122d8d-b115-4834-aabd-66f977c1096d
N009238,d12a87a3-3992-41dd-86f3-7dadc115c211
N009239,58a9a71d-8f5d-4d41-821d-1c3e15889dfc
N009240,ebc64a54-5cef-494c-a392-b12c0c5828c7
N009241,98d81f20-09d6-44da-8c72-dd5a64f25cc0
N009242,98d81f20-09d6-44da-8c72-dd5a64f25cc0
N009243,8af36d9e-c854-4068-87b3-3714a0acd029
N009244,98d81f20-09d6-44da-8c72-dd5a64f25cc0
N009245,f693624f-406e-4586-9fcd-9983fb83e14a
N009246,4c4a2087-eb88-4a1a-9054-2dc8b775aef8
N009247,a26aa578-1ef4-44af-80bc-8b86e03e1a3b
N009248,0fb9c688-d8f1-496a-965f-f8d2aa0ae1d3
N009249,d2ff96ca-9ca1-4c7f-84b4-ee5175bc67be
N009250,33d5106a-460d-4621-8835-a6040f02c50b
N009251,33d5106a-460d-4621-8835-a6040f02c50b
N009252,33d5106a-460d-4621-8835-a6040f02c50b
N009253,33d5106a-460d-4621-8835-a6040f02c50b
N009254,c0398841-e473-481d-9158-64d46b6ff795
N009255,ffe83ad7-b528-48a8-a7cb-f0b5fa0a14c1
N009256,4a5282f0-e456-498d-a99b-b32a6925ed1c
N009257,4a5282f0-e456-498d-a99b-b32a6925ed1c
N009258,31fc36d8-8af9-431f-8d43-03355746320c
N009259,795b0d83-bed5-4a4e-958c-95e03ec86a8e
N009260,47d4a863-c744-454e-af98-c6669e366261
N009261,2b5ed3fb-c28c-4eda-9ed3-9ca82096fbc4
N009262,dfcf2bff-c87d-4d95-aea1-82c214291d9a
N009263,af361497-916d-46e2-9d4f-388c2ce93556
N009264,5630bfb4-0e8d-4a36-bb74-e733de5e15cb
N009265,c1d74e8b-2a83-49e6-9cca-464172dc0ef6
N009266,6aa091b5-cf98-49ef-8241-ccfe2664919c
N009267,c1d74e8b-2a83-49e6-9cca-464172dc0ef6
N009268,c1d74e8b-2a83-49e6-9cca-464172dc0ef6
N009269,182870cf-10a2-471a-9a0d-b31a3b3a87f1
N009270,2aa63394-7922-4a25-baf7-52814d63777c
N009271,71cabab7-bc1c-4e3b-9c28-531d1681148d
N009272,474daa23-98db-4742-b833-e15c0fde9267
N009273,2aa63394-7922-4a25-baf7-52814d63777c
N009274,2aa63394-7922-4a25-baf7-52814d63777c
N009275,2aa63394-7922-4a25-baf7-52814d63777c
N009276,2aa63394-7922-4a25-baf7-52814d63777c
N009277,bb6e4cc4-4b75-4eb2-9634-897edacf6e5d
N009278,bb6e4cc4-4b75-4eb2-9634-897edacf6e5d
N009279,f747e722-c0d8-4a76-906c-df5d03566bc2
N009280,6af66b41-b856-4aa3-bdf3-92fd20731be2
N009281,6af66b41-b856-4aa3-bdf3-92fd20731be2
N009282,e9d4dfed-4b57-4eea-891a-c67ca1085f27
N009283,0f5b28a3-9511-4bb0-b9b7-52949b9a6224
N009284,0f5b28a3-9511-4bb0-b9b7-52949b9a6224
N009285,13fb136e-3c9f-491a-bcf5-2f37e3f30afb
N009286,d409d3e3-a8db-4a1a-8790-bfe80c40d033
N009287,44ff0184-b898-4c38-8824-65e8f6b62479
N009288,c8fe90e0-79b8-4777-be02-2324d8245ec5
N009289,b898ac28-5dea-4437-a846-8be61d435f4e
N009290,b6087cf6-fe99-4e1a-bbf7-bfd509be0207
N009291,6a1decfe-4121-494e-868c-c35c3817e019
N009292,fd69546d-4b38-4ac4-8727-405b5dbaf252
N009293,36e69a21-9ef6-4355-b616-f58cb52d36c7
N009294,4cda51a3-3265-4a0a-9343-88426762feaf
N009295,ad484e14-037e-4c51-ad8b-f932df29a915
N009296,ad484e14-037e-4c51-ad8b-f932df29a915
N009297,7477ac93-0b32-4ee9-8134-146460b517a9
N009298,464104ba-2d49-4315-849c-10d80b8de82b
N009299,356e9444-ab7b-4842-b03a-5472d1f2c28b
N009300,d21958d3-8fd6-4cec-b06f-eeede61ea7bf
N009301,46a14c15-6a88-48fc-9c30-38274ac5130d
N009302,46a14c15-6a88-48fc-9c30-38274ac5130d
N009303,46a14c15-6a88-48fc-9c30-38274ac5130d
N009304,e2a07013-2946-4901-b394-8d98c48a1c2a
N009305,dc8a16c5-18d5-422f-be86-c5bc83fbc884
N009306,47112e43-f2ff-47c3-b9f0-a5e448d746ce
N009307,dc8a16c5-18d5-422f-be86-c5bc83fbc884
N009308,dc8a16c5-18d5-422f-be86-c5bc83fbc884
N009309,4c04e1d6-f7d2-43f9-a2f1-241eb0bb786f
N009310,cb6a27d5-717e-4ffb-a7ca-d71513f13088
N009311,44366dd5-64b5-41a4-a9c6-98bd09f6a253
N009312,023fb204-652a-4721-9545-250c5cabfdeb
N009313,9c8e9997-ceaa-4a8f-9255-a0f0b3cfc531
N009314,2f89d19a-38b5-4581-91cc-57f3362af09e
N009315,d36cb990-738c-4b34-bd56-e5600066e21c
N009316,b1fbc959-d137-42bd-b63b-5b2ac91a4f96
N009317,5630bfb4-0e8d-4a36-bb74-e733de5e15cb
N009318,ac9afb5b-0d57-4347-998d-b2e462809b2e
N009319,ac9afb5b-0d57-4347-998d-b2e462809b2e
N009320,ac9afb5b-0d57-4347-998d-b2e462809b2e
N009321,ac9afb5b-0d57-4347-998d-b2e462809b2e
N009322,869834b6-f0d2-4670-b789-e5ac321ad1fb
N009323,9f4d8f50-920c-46d2-b8ff-3725fa15496c
N009324,ab961d1d-3ff7-46d3-87c7-351990f051b2
N009325,ab961d1d-3ff7-46d3-87c7-351990f051b2
N009326,558314b2-fc88-44a4-a50c-deac59401f5c
N009327,088ba6f8-15cb-4ba4-ac9c-da7912d2cdad
N009328,5e44d691-247c-48f1-aab6-a9596fa9e65f
N009329,3848b967-9a50-46ac-a46c-f6435b1ef467
N009330,fea32707-5097-4ea8-90b7-5fe0c50dd4f6
N009331,2b09f720-3cef-4e2a-a35b-0d1fa753afa5
N009332,b4ede56e-89cd-4e03-a029-78cc087a6f77
N009333,b4ede56e-89cd-4e03-a029-78cc087a6f77
N009334,210d7b8c-3e8d-4aa1-8a63-329bee495e58
N009335,ee5597f3-0e9c-4fea-8ab9-7270c6196efc
N009336,310c5772-2b55-4147-80a8-6fca17bc9924
N009337,8ceed97e-79ed-4752-8887-711796ab286a
N009338,8ceed97e-79ed-4752-8887-711796ab286a
N009339,9c3e1cce-3baa-4226-b1a3-58baebfedf2f
N009340,1e262eb0-af6f-41bf-ba10-837e84639e36
N009341,58c88c01-5808-48df-bb22-c4cf0f064a66
N009342,52f61a2c-8b8a-4a40-ac83-7fad57552179
N009343,58c88c01-5808-48df-bb22-c4cf0f064a66
N009344,58c88c01-5808-48df-bb22-c4cf0f064a66
N009345,58c88c01-5808-48df-bb22-c4cf0f064a66
N009346,59928a42-8dec-4668-bf78-7501360c4bc0
N009347,c8cf2345-29a7-4215-abd3-949796f579ed
N009348,9d34fdd3-6528-4855-aa4d-1ad92467ca06
N009349,d3c6dc3f-4a99-46ff-ae97-3772dd65e47e
N009350,d3c6dc3f-4a99-46ff-ae97-3772dd65e47e
N009351,b3209cb2-8246-4808-94a3-864569fbd2cb
N009352,9265d636-8b19-422c-964f-ccb0c0f79f09
N009353,9265d636-8b19-422c-964f-ccb0c0f79f09
N009354,9265d636-8b19-422c-964f-ccb0c0f79f09
N009355,9265d636-8b19-422c-964f-ccb0c0f79f09
N009356,9265d636-8b19-422c-964f-ccb0c0f79f09
N009357,9265d636-8b19-422c-964f-ccb0c0f79f09
N009358,24bd9c2a-571a-4eb2-9071-d37c8395b13b
N009359,b20688d5-afaa-42a9-b4e7-7d6d01d37975
N009360,62e9747c-bb43-4e84-b7a2-38caa8ddba68
N009361,a9152a00-1a75-433b-bf23-b9108a7dff37
N009362,830891af-5f4b-4d97-9ece-aaa4e5820931
N009363,830891af-5f4b-4d97-9ece-aaa4e5820931
N009364,3357d216-46cb-4563-b409-49b7d2f933b2
N009365,83c2f5ef-b253-4ca0-942e-131f6ef5b966
N009366,b1e27e9e-0775-4450-b5b9-4f4a5fd99dd3
N009367,4ed6e3b7-9f8a-4aa7-9a8d-0589a7afb74f
N009368,83c2f5ef-b253-4ca0-942e-131f6ef5b966
N009369,ce88c4d9-b405-4c92-bfcd-c84c0692232f
N009370,6f762c38-bffa-4557-9ded-d40220766978
N009371,11ccba46-3abc-4912-96bb-b81b60e41fb4
N009372,11ccba46-3abc-4912-96bb-b81b60e41fb4
N009373,11ccba46-3abc-4912-96bb-b81b60e41fb4
N009374,11ccba46-3abc-4912-96bb-b81b60e41fb4
N009375,11ccba46-3abc-4912-96bb-b81b60e41fb4
N009376,cd9d5ff4-227d-42b6-9d85-6858d31a05c9
N009377,2785974a-4b88-4e8c-811d-ef0d997ddf25
N009378,b792ac65-74f2-4306-b57e-275f45b8d508
N009379,b792ac65-74f2-4306-b57e-275f45b8d508
N009380,b792ac65-74f2-4306-b57e-275f45b8d508
N009381,40e28ac9-736d-47e6-9514-96f00160b254
N009382,40e28ac9-736d-47e6-9514-96f00160b254
N009383,40e28ac9-736d-47e6-9514-96f00160b254
N009384,58a9a71d-8f5d-4d41-821d-1c3e15889dfc
N009385,3384583a-f2f4-4675-afba-52b9720d6113
N009386,3384583a-f2f4-4675-afba-52b9720d6113
N009387,3384583a-f2f4-4675-afba-52b9720d6113
N009388,3384583a-f2f4-4675-afba-52b9720d6113
N009389,3384583a-f2f4-4675-afba-52b9720d6113
N009390,fb327e05-5664-4a7d-9342-fe3e2df4429f
N009391,cf96dff6-5427-4738-8753-c1674ff98c01
N009392,165f6fe9-2b83-4e94-aad9-aba796cf08d3
N009393,165f6fe9-2b83-4e94-aad9-aba796cf08d3
N009394,165f6fe9-2b83-4e94-aad9-aba796cf08d3
N009395,e52abb2d-892a-41d7-b1be-8bc9571e1c3a
N009396,d5f1f7ed-ea73-4240-8715-ad09650d5238
N009397,d5f1f7ed-ea73-4240-8715-ad09650d5238
N009398,782e152f-0379-4f05-af91-0da013a3888c
N009399,d5f1f7ed-ea73-4240-8715-ad09650d5238
N009400,f94d7cfd-0004-4ba1-bb74-39c958ed4b9b
N009401,5941254a-cff7-4ba4-b7a2-fc77b70fd729
N009402,5941254a-cff7-4ba4-b7a2-fc77b70fd729
N009403,f015121e-5393-4900-89a2-3c3ff29c34a4
N009404,38f23d3a-1853-4d82-8346-5d112c3fd9c8
N009405,f015121e-5393-4900-89a2-3c3ff29c34a4
N009406,288cd723-606f-489d-9057-06c475c5308e
N009407,480ccb5d-5708-4603-b6fe-9c083375194f
N009408,3e2c69b5-40a0-4bf3-a470-f1eb7f5e05e6
N009409,9960e8dd-d4c6-4a31-9b18-df8e0ed37f00
N009410,998f3054-5532-4f0c-9ee2-c5c77b287254
N009411,998f3054-5532-4f0c-9ee2-c5c77b287254
N009412,52b9635d-09ba-4986-9b58-353b30abe8b6
N009413,a890e613-67f9-490b-b25d-d8493da5cbf6
N009414,cd8396ce-891d-46f5-8ebd-df10c7bc289c
N009415,a890e613-67f9-490b-b25d-d8493da5cbf6
N009416,a890e613-67f9-490b-b25d-d8493da5cbf6
N009417,a890e613-67f9-490b-b25d-d8493da5cbf6
N009418,a890e613-67f9-490b-b25d-d8493da5cbf6
N009419,03b9b0c0-4acf-4281-aa75-60f0734c3e5c
N009420,9d7c8c61-917e-4594-bf29-eea446d1d911
N009421,cd692d4d-7763-42e5-990a-0bbe5a1bf81d
N009422,cd692d4d-7763-42e5-990a-0bbe5a1bf81d
N009423,cd692d4d-7763-42e5-990a-0bbe5a1bf81d
N009424,9d7c8c61-917e-4594-bf29-eea446d1d911
N009425,9d7c8c61-917e-4594-bf29-eea446d1d911
N009426,a9ce475c-50e9-41b2-ae57-6a479f0e37ec
N009427,fee0b18b-0b05-4702-9d17-9245f07e6bf4
N009428,fee0b18b-0b05-4702-9d17-9245f07e6bf4
N009429,a9ce475c-50e9-41b2-ae57-6a479f0e37ec
N009430,fee0b18b-0b05-4702-9d17-9245f07e6bf4
N009431,fee0b18b-0b05-4702-9d17-9245f07e6bf4
N009432,fee0b18b-0b05-4702-9d17-9245f07e6bf4
N009433,fee0b18b-0b05-4702-9d17-9245f07e6bf4
N009434,8954f551-8af0-4757-9ead-43158955e2e0
N009435,84882343-9d2f-410b-aecf-dfdd22f7ab6d
N009436,9dca4cf5-d29d-4012-8fe6-ef0ecd1c0456
N009437,80f79a76-4213-4d5b-bac1-ffe39d6d5f01
N009438,ee075ca6-4a4e-4b7a-a44d-b2ca7f91a2a8
N009439,cdc4d872-cfd6-4a57-a720-d0d221c1189a
N009440,cdc4d872-cfd6-4a57-a720-d0d221c1189a
N009441,cdc4d872-cfd6-4a57-a720-d0d221c1189a
N009442,83e3ea9d-e63b-4721-b1fe-590a6425d215
N009443,c58c23da-6bc2-47f9-87f0-8e08d334896a
N009444,33ced2f8-7547-431d-a98b-aaf6ab437a6e
N009445,58a9a71d-8f5d-4d41-821d-1c3e15889dfc
N009446,07680150-8bad-4d20-a779-4007d0f593d5
N009447,07680150-8bad-4d20-a779-4007d0f593d5
N009448,1f2b90f9-95e9-46f3-a3fe-35d836195750
N009449,492cfced-0094-4905-88c5-303b606cb578
N009450,492cfced-0094-4905-88c5-303b606cb578
N009451,492cfced-0094-4905-88c5-303b606cb578
N009452,492cfced-0094-4905-88c5-303b606cb578
N009453,492cfced-0094-4905-88c5-303b606cb578
N009454,a584d9f5-f0df-457c-a135-431296fcc001
N009455,f9c1689b-5f62-42fc-b283-6f8fd794c88b
N009456,a584d9f5-f0df-457c-a135-431296fcc001
N009457,8b3db0e5-4e42-4b0f-9f89-4bcb04661bd0
N009458,0c20983a-9216-45be-a13c-6f67edaf29e2
N009459,0c20983a-9216-45be-a13c-6f67edaf29e2
N009460,dd09af53-0539-4405-9ea6-2d239cffc2f1
N009461,51487497-2ffd-4f3d-b38f-6d26d27860ef
N009462,0c20983a-9216-45be-a13c-6f67edaf29e2
N009463,0c20983a-9216-45be-a13c-6f67edaf29e2
N009464,0c20983a-9216-45be-a13c-6f67edaf29e2
N009465,d1e0c713-4b0b-4db9-aa36-61f520bf3668
N009466,034f3f0d-c09c-470a-ab3c-2d52c2015a5e
N009467,0fb9c688-d8f1-496a-965f-f8d2aa0ae1d3
N009468,f439b98b-848a-4ee4-a164-4deb87371392
N009469,a908383d-a449-46e0-90a7-fcc0a9198ec3
N009470,08425ecc-315a-4834-9888-3436427730de
N009471,175a9afa-7550-4faa-85a0-99e1fd9b7cb1
N009472,175a9afa-7550-4faa-85a0-99e1fd9b7cb1
N009473,c9b65319-9b1f-40ed-9928-96bdc030bd27
N009474,a5647deb-1454-403e-8630-d173e8f7b77e
N009475,ddf5aa29-d088-455b-85e4-cdf10d41cf41
N009476,2365b457-ec4d-4fbb-9456-4590ed91780a
N009477,fb0d3d93-61f7-420d-bd0f-27e6fad07072
N009478,9d5e174f-f4cf-4a56-8e48-44026ba420f6
N009479,8934b038-d11b-43c7-afc9-2856242c66d7
N009480,6b960095-e379-4a38-9fc1-f47c89e0d169
N009481,077a68f1-509d-435b-9fa1-41e231f5a4a9
N009482,077a68f1-509d-435b-9fa1-41e231f5a4a9
N009483,077a68f1-509d-435b-9fa1-41e231f5a4a9
N009484,077a68f1-509d-435b-9fa1-41e231f5a4a9
N009485,334e00b6-34d6-4767-a26a-2870c872f951
N009486,4d3d4ef2-6136-467f-9dfb-02bddfc9f309
N009487,58e8c462-e734-43e1-a2f0-7aeffddbfca9
N009488,f3675d36-c1a5-4a3a-a0fe-70af24fc287f
N009489,f3675d36-c1a5-4a3a-a0fe-70af24fc287f
N009490,58e8c462-e734-43e1-a2f0-7aeffddbfca9
N009491,58e8c462-e734-43e1-a2f0-7aeffddbfca9
N009492,ec2421f7-1c0b-439a-8b4a-fdbb07445177
N009493,9d5e174f-f4cf-4a56-8e48-44026ba420f6
N009494,0fb9c688-d8f1-496a-965f-f8d2aa0ae1d3
N009495,c1a3f038-369c-4ae7-bc50-6021dc141c79
N009496,c1a3f038-369c-4ae7-bc50-6021dc141c79
N009497,707e82f3-f214-4c56-9468-ef12662f6331
N009498,51d60dc8-8cfe-43d7-a347-1cf8567f06e4
N009499,51d60dc8-8cfe-43d7-a347-1cf8567f06e4
N009500,b0f39c9b-76ad-4e76-8f05-3b273ea930cb
N009501,ea8007ac-b18f-44e1-be44-2b97128c570f
N009502,ea8007ac-b18f-44e1-be44-2b97128c570f
N009503,ea8007ac-b18f-44e1-be44-2b97128c570f
N009504,d12a87a3-3992-41dd-86f3-7dadc115c211
N009505,ea8007ac-b18f-44e1-be44-2b97128c570f
N009506,0ef1290b-fd65-458c-bdda-b539dfb0fd63
N009507,ea8007ac-b18f-44e1-be44-2b97128c570f
N009508,ea8007ac-b18f-44e1-be44-2b97128c570f
N009509,e921477e-2948-4071-a21f-40b535d09033
N009510,37e2f214-a572-4210-a09d-99592e188b41
N009511,3e7545e4-2243-4de9-94cc-bc10e105b406
N009512,0fb9c688-d8f1-496a-965f-f8d2aa0ae1d3
N009513,c648bb22-2ce2-4f4f-b316-bd188bbf22db
N009514,e0dcd16f-bc08-417d-a8e9-d2e3b6384e62
N009515,7171ab1a-d22b-4df1-87e8-07271af52d27
N009516,90dc78f3-c062-458f-b0d3-6d22bc436998
N009517,90dc78f3-c062-458f-b0d3-6d22bc436998
N009518,21d7a691-87a2-4781-a7e9-15d0480d6dfa
N009519,914902ad-9fd5-45fd-87fa-037727ae8d23
N009520,565f9a06-8c5d-4d1a-b7cc-1c4dd3d7fffb
N009521,6c02dfc9-8391-4dca-b92a-2ca4cb453aa2
N009522,565f9a06-8c5d-4d1a-b7cc-1c4dd3d7fffb
N009523,565f9a06-8c5d-4d1a-b7cc-1c4dd3d7fffb
N009524,565f9a06-8c5d-4d1a-b7cc-1c4dd3d7fffb
N009525,90aab05c-dc69-43ef-94d9-13eea8c550e0
N009526,c9210e3e-13a3-45b8-bcd2-5cde1b44be36
N009527,c9210e3e-13a3-45b8-bcd2-5cde1b44be36
N009528,b787fea1-9689-4a1b-b2ce-ce85e5407c80
N009529,a807aabc-2278-475d-b676-a9a8cae9ea2f
N009530,b787fea1-9689-4a1b-b2ce-ce85e5407c80
N009531,c3669181-469d-4810-84e0-895afc15daea
N009532,84a9d902-7330-4929-a3e4-44b2a20d5bf6
N009533,1cb8126f-dd42-4726-8f56-77057501d3fa
N009534,a6eb29e9-d5f1-4632-bd3c-a45bbce01e6b
N009535,57ef37de-8029-4839-98ea-7f1e1d84754f
N009536,9f345b66-d009-4301-a027-4ce7f44deb06
N009537,597ec88f-6149-4420-a854-c7fbdf68168d
N009538,9cfd0aac-619d-4be4-9474-031224fbcbf9
N009539,9c0afbfc-3cb9-4a33-badb-6005efa16941
N009540,f4d95898-961b-404e-a38d-c429a8d5162b
N009541,c4027b76-d5aa-46f0-bbeb-80ab5695aa62
N009542,346bc368-fc07-40e9-93e0-f76ab126f089
N009543,81631aa6-aeb9-411f-8873-462a6ede5b5f
N009544,4623feaf-be63-4856-90e0-14684d073412
N009545,e41cfb5e-f9a3-43ee-822b-e6a23e09cd24
N009546,05735342-e724-4311-95b6-6991bd2c2799
N009547,11520f58-f55b-41dd-8ba4-f7cb575f6b82
N009548,11520f58-f55b-41dd-8ba4-f7cb575f6b82
N009549,76e3873e-46a8-4b06-ac4c-dac5905ab85d
N009550,3731c82c-84a6-4a29-a555-2d15ba58c416
N009551,4492af35-ed0b-492c-ab03-1b0ada526cf4
N009552,71d1d5f0-2f38-4c96-842e-6109ae38ff19
N009553,71d1d5f0-2f38-4c96-842e-6109ae38ff19
N009554,71d1d5f0-2f38-4c96-842e-6109ae38ff19
N009555,15ea7a15-ceb4-4f9e-a236-848dcbdb4e80
N009556,f5df84fb-8283-4aa7-b636-1741ca76fa07
N009557,be98d0c2-d8ba-494d-8acc-66b7d3f66e47
N009558,971248a0-cb26-40e9-8e53-27f4865550ba
N009559,971248a0-cb26-40e9-8e53-27f4865550ba
N009560,3dca158d-1458-46bf-b36c-9fc48a511a6f
N009561,0c750e21-d144-499f-8abf-2bcc4168993e
N009562,5630bfb4-0e8d-4a36-bb74-e733de5e15cb
N009563,d6bccb8e-5b68-4c94-a516-2c8a7964dac2
N009564,2e9dbfcc-f567-42a3-a367-9e0b9ed757df
N009565,02243ac3-11ff-4a66-bffc-f197e904f255
N009566,02243ac3-11ff-4a66-bffc-f197e904f255
N009567,71831cc2-7f0b-4873-9e83-be2ca57e7978
N009568,71831cc2-7f0b-4873-9e83-be2ca57e7978
N009569,71831cc2-7f0b-4873-9e83-be2ca57e7978
N009570,fae4ce75-c47b-407b-ba7a-35d38546b9b9
N009571,0fb9c688-d8f1-496a-965f-f8d2aa0ae1d3
N009572,340c485c-325f-4047-82cf-f309605d3c73
N009573,80631e57-a71c-4e87-963a-3b2244f1a7d5
N009574,21d2cf1c-08b7-4e8d-b998-2bd0c111d59c
N009575,515e3c1d-2949-4601-a48d-475d3145908c
N009576,af060b5f-5dd6-4d93-8b65-67308b7e1ab6
N009577,af060b5f-5dd6-4d93-8b65-67308b7e1ab6
N009578,af060b5f-5dd6-4d93-8b65-67308b7e1ab6
N009579,af060b5f-5dd6-4d93-8b65-67308b7e1ab6
N009580,af060b5f-5dd6-4d93-8b65-67308b7e1ab6
N009581,189fb04b-fce5-4fa3-ab52-921ca1f3a005
N009582,41f1319e-747b-4652-a6db-19084a7e23bb
N009583,52f6ef23-a101-4e88-972d-3295166ecc23
N009584,67345371-2c39-4fba-8849-9910300018f3
N009585,41f1319e-747b-4652-a6db-19084a7e23bb
N009586,fb84929e-bb2f-4de8-91c5-3607e9f71f59
N009587,6369305a-1e18-4a05-b38f-c80eac51de22
N009588,b05995b1-310b-44a6-af81-916011ab7943
N009589,d12a87a3-3992-41dd-86f3-7dadc115c211
N009590,26138fb3-2727-4b22-96ac-1ab0a473e677
N009591,32a9db96-ca72-4f9b-9e33-05271d10f80e
N009592,ea93a102-97f9-4ff6-a5af-38e79706d1ac
N009593,d30d5a52-f73e-4e16-be59-19592c3064f0
N009594,032e0f96-6005-462d-9ce8-2e6c7d425104
N009595,d30d5a52-f73e-4e16-be59-19592c3064f0
N009596,c9299039-d26d-45ac-99da-db3d9fe5ed14
N009597,6d958bae-3275-4587-8469-c247b8da2b1e
N009598,6d958bae-3275-4587-8469-c247b8da2b1e
N009599,6d958bae-3275-4587-8469-c247b8da2b1e
N009600,9fcf9800-9a84-418a-9987-c39be95727ae
N009601,9fcf9800-9a84-418a-9987-c39be95727ae
N009602,6d958bae-3275-4587-8469-c247b8da2b1e
N009603,6d958bae-3275-4587-8469-c247b8da2b1e
N009604,6d958bae-3275-4587-8469-c247b8da2b1e
N009605,6d958bae-3275-4587-8469-c247b8da2b1e
N009606,b7edaac1-25c1-4750-9537-451d00a69c51
N009607,e7d962c6-7498-4224-abdf-3505b7456685
N009608,d12a87a3-3992-41dd-86f3-7dadc115c211
N009609,e6674315-2b74-4265-94ac-e689d800a7b5
N009610,4bb0835e-2dfb-4a03-8d3c-f9b2354c6e56
N009611,488bb8e7-baa8-4d06-93ac-ab48643516ec
N009612,e9f5c3d8-5ff5-4c37-972a-307cde40fdb8
N009613,488bb8e7-baa8-4d06-93ac-ab48643516ec
N009614,488bb8e7-baa8-4d06-93ac-ab48643516ec
N009615,717e2446-cc8f-4d26-b6c2-3ab7328d667a
N009616,1d0a9a4c-3e70-4ec1-98ce-423def3c2de3
N009617,1d0a9a4c-3e70-4ec1-98ce-423def3c2de3
N009618,30002dfb-97d2-4681-b778-80c7e2cb0a52
N009619,72bb4278-ce34-4b0d-8a41-aa1116df3219
N009620,1cba8aa2-b5c7-429e-baeb-a34cd93bd91b
N009621,892ba986-c684-4f82-9549-179a4e1a46de
N009622,892ba986-c684-4f82-9549-179a4e1a46de
N009623,892ba986-c684-4f82-9549-179a4e1a46de
N009624,1cba8aa2-b5c7-429e-baeb-a34cd93bd91b
N009625,892ba986-c684-4f82-9549-179a4e1a46de
N009626,66924d1a-8b48-4686-9914-0fded5ce64bc
N009627,92fb7ec4-c18e-46ff-95b3-31fae564b1dd
N009628,4da1ceb8-a885-4929-9450-0bfca0f48d2e
N009629,c1d03615-58de-40e4-8d50-8e5dec29056a
N009630,de8a0339-f9bb-46f7-a37c-5839bf377fe1
N009631,5f346fe7-0547-4f50-9c7c-8b3418d3b70a
N009632,5f346fe7-0547-4f50-9c7c-8b3418d3b70a
N009633,5f346fe7-0547-4f50-9c7c-8b3418d3b70a
N009634,dd1c8fa7-4292-40dc-a18c-9a1624a27fee
N009635,8416fc72-d0d8-4cde-b7b7-9979b147b0fd
N009636,8416fc72-d0d8-4cde-b7b7-9979b147b0fd
N009637,5930ffcd-496c-4eae-b6cc-23057459453a
N009638,5930ffcd-496c-4eae-b6cc-23057459453a
N009639,9440df5c-ca59-4d43-8166-4b95dbbc9a8f
N009640,d5b73e50-c42f-4e28-94c0-9613359def91
N009641,f585a61d-9ed4-41c5-a008-8afb175f3029
N009642,dd5828b2-1c5a-4ecb-8fd0-08d6b77f0180
N009643,74d5296b-9552-4121-8b00-155c2a5d4d72
N009644,74d5296b-9552-4121-8b00-155c2a5d4d72
N009645,9aac17f4-be5a-4281-b684-a96ff65dbf1f
N009646,24353218-5066-4348-8923-a30364d88c7c
N009647,25a04c63-5bbc-4622-923c-502b804756fa
N009648,8a4c5d6e-5c69-4a85-aec6-2696266b920d
N009649,8a4c5d6e-5c69-4a85-aec6-2696266b920d
N009650,f5fbccc9-e637-4edd-b554-20be56facebf
N009651,b7fc74a9-0a95-42b9-a56f-257afdb5d392
N009652,acee3850-5fe0-494a-a26f-032439ee2bf0
N009653,acee3850-5fe0-494a-a26f-032439ee2bf0
N009654,acee3850-5fe0-494a-a26f-032439ee2bf0
N009655,d51d5aef-3d81-42a0-a0a3-cc410b9c23bf
N009656,d51d5aef-3d81-42a0-a0a3-cc410b9c23bf
N009657,d6226785-bf4b-4123-a3c7-7396ed075212
N009658,72026fb4-a672-4732-8d65-f1486491e2e4
N009659,0fb9c688-d8f1-496a-965f-f8d2aa0ae1d3
N009660,ebab3e8c-f5db-4b2b-890e-b144864a2fc1
N009661,ebab3e8c-f5db-4b2b-890e-b144864a2fc1
N009662,0fb9c688-d8f1-496a-965f-f8d2aa0ae1d3
N009663,6dabc441-2aa9-4152-bc9e-5468882618db
N009664,ebab3e8c-f5db-4b2b-890e-b144864a2fc1
N009665,0f94f49c-121b-4fa2-bb55-bfe3b963b2ab
N009666,f40bf946-ac35-4d83-b9c9-e90b686ee053
N009667,f40bf946-ac35-4d83-b9c9-e90b686ee053
N009668,f40bf946-ac35-4d83-b9c9-e90b686ee053
N009669,df316815-c6d9-4547-99c4-657d568c010f
N009670,df316815-c6d9-4547-99c4-657d568c010f
N009671,df316815-c6d9-4547-99c4-657d568c010f
N009672,7d9617c1-7096-42bb-804c-f31fb36c790e
N009673,7d9617c1-7096-42bb-804c-f31fb36c790e
N009674,7d9617c1-7096-42bb-804c-f31fb36c790e
N009675,0fb9c688-d8f1-496a-965f-f8d2aa0ae1d3
N009676,7d9617c1-7096-42bb-804c-f31fb36c790e
N009677,7d9617c1-7096-42bb-804c-f31fb36c790e
N009678,7d9617c1-7096-42bb-804c-f31fb36c790e
N009679,0fb9c688-d8f1-496a-965f-f8d2aa0ae1d3
N009680,0fb9c688-d8f1-496a-965f-f8d2aa0ae1d3
N009681,fdda3861-443f-4462-93cb-3b2128284453
N009682,ffde2317-b64b-4cdc-9d63-6f380ff84fe7
N009683,5630bfb4-0e8d-4a36-bb74-e733de5e15cb
N009684,42d20ea4-b414-453d-9f63-82828b610550
N009685,a8ca83ca-01d5-4729-8301-ad57cd4eca92
N009686,7af793bd-d208-4259-9522-71987faefedb
N009687,0993a01f-90a9-45a6-9aa5-e81f9b67bacb
N009688,1c53e6db-ac17-4009-a6c1-e6c51e0a19d7
N009689,eec2bba2-526b-4204-b77c-76bd780448ea
N009690,eec2bba2-526b-4204-b77c-76bd780448ea
N009691,e94e1bd1-d84d-4e2f-95e8-487812890653
N009692,eec2bba2-526b-4204-b77c-76bd780448ea
N009693,eec2bba2-526b-4204-b77c-76bd780448ea
N009694,e94e1bd1-d84d-4e2f-95e8-487812890653
N009695,4da57a7c-8cc9-4c49-975d-d3cf8bd337fd
N009696,58a9a71d-8f5d-4d41-821d-1c3e15889dfc
N009697,97c58cd4-a840-49f5-8b0f-602db12c691c
N009698,535f8307-1959-4474-b05d-e8108a973c22
N009699,2ee79fd0-4215-48bf-a2c8-1ede9affcc33
N009700,2ee79fd0-4215-48bf-a2c8-1ede9affcc33
N009701,2ee79fd0-4215-48bf-a2c8-1ede9affcc33
N009702,b392cd75-c914-407c-af51-b7260081ddea
N009703,b392cd75-c914-407c-af51-b7260081ddea
N009704,2ee79fd0-4215-48bf-a2c8-1ede9affcc33
N009705,2ee79fd0-4215-48bf-a2c8-1ede9affcc33
N009706,bad2e106-7880-47f5-8727-267f5c787405
N009707,736064b9-2ebb-4b57-b923-9fe66a850e23
N009708,80c333a3-f85d-498b-a233-9850a9d16f2f
N009709,0739570c-152a-4d75-a80d-a95cf53816b3
N009710,d12a87a3-3992-41dd-86f3-7dadc115c211
N009711,15ff3a13-7c53-425a-a389-1059d91bbc45
N009712,15ff3a13-7c53-425a-a389-1059d91bbc45
N009713,ed82cbe8-7773-4fe6-ae52-a46153931bc8
N009714,6c7726b2-ba51-4c5d-9eab-3879c2f9868b
N009715,31e9e135-3fb1-412d-b580-98dc64b16924
N009716,199b586a-ef55-4bb7-a133-80540ec850ae
N009717,58a9a71d-8f5d-4d41-821d-1c3e15889dfc
N009718,df226853-6a57-4089-af7a-7f041f8dd2d6
N009719,df226853-6a57-4089-af7a-7f041f8dd2d6
N009720,df226853-6a57-4089-af7a-7f041f8dd2d6
N009721,58a9a71d-8f5d-4d41-821d-1c3e15889dfc
N009722,24fe98be-87c2-4be2-a741-f639be55abab
N009723,24fe98be-87c2-4be2-a741-f639be55abab
N009724,5328fbab-7fea-42c7-b728-2cea2900de9e
N009725,24fe98be-87c2-4be2-a741-f639be55abab
N009726,24fe98be-87c2-4be2-a741-f639be55abab
N009727,37a3fe68-ea4e-47fc-8edf-4e5728f26231
N009728,3dcf9b3e-40cf-4327-80f4-b1742552dc94
N009729,4e428496-631a-4972-a0fe-1bcfab333348
N009730,4e428496-631a-4972-a0fe-1bcfab333348
N009731,f82f6a1e-b44b-494c-82d5-cac32782b204
N009732,f82f6a1e-b44b-494c-82d5-cac32782b204
N009733,f82f6a1e-b44b-494c-82d5-cac32782b204
N009734,5e815581-9749-4718-8bc5-30b52d6562ad
N009735,5e815581-9749-4718-8bc5-30b52d6562ad
N009736,5e815581-9749-4718-8bc5-30b52d6562ad
N009737,5d02356a-189c-4000-b499-fae6a5666e93
N009738,5d02356a-189c-4000-b499-fae6a5666e93
N009739,5d02356a-189c-4000-b499-fae6a5666e93
N009740,5d02356a-189c-4000-b499-fae6a5666e93
N009741,24d0819a-5754-467f-8d08-032e4e978b3a
N009742,ec33a2f3-b656-4287-bcc0-978e902f97b7
N009743,ec33a2f3-b656-4287-bcc0-978e902f97b7
N009744,9177d026-f173-49fb-ad5a-8ce737293317
N009745,89d2cc15-cf1e-41bc-a306-1610c75b65ed
N009746,d42c0386-df52-4625-b95d-013d4051fe1c
N009747,c8d32172-a8e0-42a6-a363-8aba151f4ea8
N009748,c8d32172-a8e0-42a6-a363-8aba151f4ea8
N009749,c8d32172-a8e0-42a6-a363-8aba151f4ea8
N009750,c8d32172-a8e0-42a6-a363-8aba151f4ea8
N009751,c8d32172-a8e0-42a6-a363-8aba151f4ea8
N009752,a34f4d53-c25e-44bc-a1b5-5ed988727f64
N009753,25dca8a8-2227-4768-b310-af39da984889
N009754,25dca8a8-2227-4768-b310-af39da984889
N009755,b721913b-3e48-4c86-9f67-ff6704680aa1
N009756,25dca8a8-2227-4768-b310-af39da984889
N009757,b721913b-3e48-4c86-9f67-ff6704680aa1
N009758,25dca8a8-2227-4768-b310-af39da984889
N009759,620d7fd5-3772-4530-ac06-14242fc553a2
N009760,50d7ff8e-d9d9-472e-8586-0f7f54024570
N009761,7807ce64-6d01-4975-a5c8-e4b7ae9eea62
N009762,7807ce64-6d01-4975-a5c8-e4b7ae9eea62
N009763,8b2334d2-68da-4769-a333-d3f90ed00bde
N009764,8b2334d2-68da-4769-a333-d3f90ed00bde
N009765,8b2334d2-68da-4769-a333-d3f90ed00bde
N009766,8b2334d2-68da-4769-a333-d3f90ed00bde
N009767,8b2334d2-68da-4769-a333-d3f90ed00bde
N009768,8b2334d2-68da-4769-a333-d3f90ed00bde
N009769,8b2334d2-68da-4769-a333-d3f90ed00bde
N009770,8b2334d2-68da-4769-a333-d3f90ed00bde
N009771,475b8ca5-ebaf-4dab-aad0-f80e871d55c7
N009772,475b8ca5-ebaf-4dab-aad0-f80e871d55c7
N009773,f585a61d-9ed4-41c5-a008-8afb175f3029
N009774,f585a61d-9ed4-41c5-a008-8afb175f3029
N009775,3692b74c-c085-4673-8a25-acd1fd0aa755
N009776,475b8ca5-ebaf-4dab-aad0-f80e871d55c7
N009777,3692b74c-c085-4673-8a25-acd1fd0aa755
N009778,c017628b-1178-4f72-a69f-2cff1311a227
N009779,48412b58-91b4-4a03-b473-a368221fa2a5
N009780,0fb9c688-d8f1-496a-965f-f8d2aa0ae1d3
N009781,bc1a5341-ab4f-4689-8978-9be599edf87c
N009782,0761baeb-22f9-4182-a9c9-ddc45d6275b1
N009783,553d6df3-0878-4cd7-b386-76d100dc2cf1
N009784,553d6df3-0878-4cd7-b386-76d100dc2cf1
N009785,1a2aa76d-56ff-47f3-b141-8cad7a1c561c
N009786,1a2aa76d-56ff-47f3-b141-8cad7a1c561c
N009787,1a2aa76d-56ff-47f3-b141-8cad7a1c561c
N009788,1a2aa76d-56ff-47f3-b141-8cad7a1c561c
N009789,3ba29086-9bc2-4885-bf94-78c644cf1a44
N009790,3d99b269-81f2-481a-8e9f-6238d0c00069
N009791,a4d0ed08-5a4d-497a-bc53-0713acd0b46b
N009792,a4d0ed08-5a4d-497a-bc53-0713acd0b46b
N009793,3f5da1a8-bd23-4f57-a4eb-f9106b7b0988
N009794,3f5da1a8-bd23-4f57-a4eb-f9106b7b0988
N009795,3f5da1a8-bd23-4f57-a4eb-f9106b7b0988
N009796,db380b3d-72b5-40c1-bb3c-dd5f9784fbd0
N009797,f2b179c9-c27f-48fb-a75e-2ec597c4d12c
N009798,8b4d3773-b470-4796-b552-18d75a81fd55
N009799,8b4d3773-b470-4796-b552-18d75a81fd55
N009800,294710e3-58c6-45a4-970b-12f1e1b70f8e
N009801,6a12e20f-92d5-4532-8709-497cd5b0485c
N009802,95445b8f-908f-4213-a883-bb28875d8653
N009803,6fda418d-fda9-4116-97b8-2e8a38b6cd23
N009804,cce4e0b8-e7ec-4148-9512-29e6844d83c0
N009805,1b393916-7d77-4a3e-bbbf-7adb97791e2b
N009806,31f801a0-db88-4da0-8d95-f34bfabcac88
N009807,b8af2629-824f-4ffd-8463-5ba48c50773b
N009808,0fb9c688-d8f1-496a-965f-f8d2aa0ae1d3
N009809,75bebd1b-0ab5-49f9-8bfd-45ad46adffd4
N009810,75bebd1b-0ab5-49f9-8bfd-45ad46adffd4
N009811,8bb225a3-c823-4530-b75a-45431dc6cd0a
N009812,8bb225a3-c823-4530-b75a-45431dc6cd0a
N009813,ba16e7b4-94d7-42ae-8ad9-6bd9a60d91c4
N009814,8bb225a3-c823-4530-b75a-45431dc6cd0a
N009815,66b6dfea-b9c5-4037-8ace-35f07d63f3ce
N009816,d12a87a3-3992-41dd-86f3-7dadc115c211
N009817,8093b81f-33a8-4f58-bc66-2ae167c12136
N009818,ccf9fa8e-7443-4622-a22a-2624dd8f4569
N009819,ccf9fa8e-7443-4622-a22a-2624dd8f4569
N009820,495afa70-ba4d-4d01-97d4-2cc70cd2ce05
N009821,553bcfa0-4a69-4a0f-8df0-646168662c65
N009822,f2a5059f-866f-4854-a940-d5c30ea4d9c3
N009823,f585a61d-9ed4-41c5-a008-8afb175f3029
N009824,33465d02-d727-4b81-ac40-742a95ea8692
N009825,33a7f408-d735-408f-bec2-1a6006ba5c27
N009826,33a7f408-d735-408f-bec2-1a6006ba5c27
N009827,33a7f408-d735-408f-bec2-1a6006ba5c27
N009828,03e87920-4d1a-4d74-98ff-bc9111041dec
N009829,07e95964-a449-472a-bd41-a8326a0c0c42
N009830,d2722311-6f01-47fe-a886-fc8fc006e406
N009831,f027a58e-d3ec-4a8f-be5d-f7b933bfeb72
N009832,ab18c6ff-459a-4b58-9af1-1b0f5b9c4f59
N009833,9e08fcf8-b2d4-4470-98af-8fbd45fe9b45
N009834,55c7b2c4-aa2d-4802-a94b-5403e8ff9554
N009835,55c7b2c4-aa2d-4802-a94b-5403e8ff9554
N009836,85ef007d-acc6-4dbc-9c9e-341d9556eff4
N009837,a827d470-f5f1-45c1-8d11-9a09b3a4d9bd
N009838,85ef007d-acc6-4dbc-9c9e-341d9556eff4
N009839,e54bbef1-3e7e-4210-9180-4534d7cf815f
N009840,edd79285-939b-4361-ac4e-8304d94fa3af
N009841,da113dd0-a64b-497f-b220-c95acfc1fb45
N009842,e26f61a4-0fa6-4385-8bf9-a99adb6b3897
N009843,e26f61a4-0fa6-4385-8bf9-a99adb6b3897
N009844,ba025e00-0627-48f6-925a-2c204045d852
N009845,7477ac93-0b32-4ee9-8134-146460b517a9
N009846,f66dd138-761f-47a7-8c5e-32370b4534c5
N009847,c12ea75f-280b-47e6-b420-b00a48b7e9ac
N009848,c12ea75f-280b-47e6-b420-b00a48b7e9ac
N009849,bc847206-bb45-4fdd-8d51-f64ae8127543
N009850,bc847206-bb45-4fdd-8d51-f64ae8127543
N009851,f68575c7-f6de-475f-bc3f-231bcdc941da
N009852,12ed49b6-df9c-48fd-95e8-85b15a5ef5fe
N009853,e3d255df-e11e-4bb1-b120-58be73ba2f20
N009854,be98d0c2-d8ba-494d-8acc-66b7d3f66e47
N009855,a5f17568-cec6-40dc-99c9-4b4dbb90a67c
N009856,a5f17568-cec6-40dc-99c9-4b4dbb90a67c
N009857,a5f17568-cec6-40dc-99c9-4b4dbb90a67c
N009858,e1aa237e-c529-412b-8459-f26ba90f204d
N009859,d12a87a3-3992-41dd-86f3-7dadc115c211
N009860,d12a87a3-3992-41dd-86f3-7dadc115c211
N009861,e1aa237e-c529-412b-8459-f26ba90f204d
N009862,2631a6b4-3cdb-4b6b-80c8-cdbd9c4d2dba
N009863,d6bccb8e-5b68-4c94-a516-2c8a7964dac2
N009864,b16ac4e6-f015-49e0-8595-c1c0e643460e
N009865,b16ac4e6-f015-49e0-8595-c1c0e643460e
N009866,b16ac4e6-f015-49e0-8595-c1c0e643460e
N009867,b16ac4e6-f015-49e0-8595-c1c0e643460e
N009868,b16ac4e6-f015-49e0-8595-c1c0e643460e
N009869,b16ac4e6-f015-49e0-8595-c1c0e643460e
N009870,fc03ab64-3b94-4d86-a259-bbb738af230b
N009871,32b18da1-8f9e-44fa-ac6a-a495a3b686fd
N009872,24084310-9b9c-4955-b2a3-e999908ddd76
N009873,26fa4ae8-4ffa-4183-90a5-b46b9542d44d
N009874,ff25cad0-02b9-4885-96c0-34f284b85b69
N009875,9dd26947-1784-447d-a7b5-2afdf71a10b0
N009876,1b123068-8a83-4f74-b336-5b5d0e7ba739
N009877,69d5a0a5-72de-4cbe-a8db-2814deed54d3
N009878,22c857a0-1de7-4f85-8dc5-108485bd1680
N009879,2a06ceec-701b-44f6-9b45-ba4978d18b1e
N009880,be98d0c2-d8ba-494d-8acc-66b7d3f66e47
N009881,5bbf9881-1973-4ef6-89ed-8a5b3b5bb323
N009882,5bbf9881-1973-4ef6-89ed-8a5b3b5bb323
N009883,5bbf9881-1973-4ef6-89ed-8a5b3b5bb323
N009884,5bbf9881-1973-4ef6-89ed-8a5b3b5bb323
N009885,5630bfb4-0e8d-4a36-bb74-e733de5e15cb
N009886,58a9a71d-8f5d-4d41-821d-1c3e15889dfc
N009887,a1057044-b583-4384-bc97-8737ca4ba3c8
N009888,334e00b6-34d6-4767-a26a-2870c872f951
N009889,7c2bd279-ffc0-4e4c-b9ab-e94ac463604d
N009890,7c2bd279-ffc0-4e4c-b9ab-e94ac463604d
N009891,7c2bd279-ffc0-4e4c-b9ab-e94ac463604d
N009892,801df73b-6e0c-4cbc-b062-f4aa34f67ba8
N009893,7fa848df-b54b-4cda-bf21-7a4a667bc1c8
N009894,76a9d65e-beb0-4a92-8d3f-9938073ee65c
N009895,76a9d65e-beb0-4a92-8d3f-9938073ee65c
N009896,76a9d65e-beb0-4a92-8d3f-9938073ee65c
N009897,76a9d65e-beb0-4a92-8d3f-9938073ee65c
N009898,c0d4b210-55a3-4c01-8aff-c8f689b8ea5a
N009899,aff7314c-de34-4a80-88d5-87530b12b475
N009900,be98d0c2-d8ba-494d-8acc-66b7d3f66e47
N009901,cd5f6d30-0e35-4fc0-965f-e0a65997d314
N009902,207a8209-038d-4abf-b98a-9765cf999302
N009903,207a8209-038d-4abf-b98a-9765cf999302
N009904,9103a90e-3fcd-4302-bf47-f90f374e5e7a
N009905,2cff0760-5680-45ee-b636-5fce7fdc4a34
N009906,df589ec0-7dbf-4531-b611-ead3cb2dba22
N009907,df589ec0-7dbf-4531-b611-ead3cb2dba22
N009908,54fe317f-e6ef-427e-8bcb-a794d08856a5
N009909,df589ec0-7dbf-4531-b611-ead3cb2dba22
N009910,df589ec0-7dbf-4531-b611-ead3cb2dba22
N009911,df589ec0-7dbf-4531-b611-ead3cb2dba22
N009912,df589ec0-7dbf-4531-b611-ead3cb2dba22
N009913,1a542a1c-dbad-4574-b448-c0ecd27dc6bf
N009914,21ed7f23-2223-4b68-bf57-1400628dd973
N009915,a48ae0d4-ea83-409d-abc0-6ba53c9a0942
N009916,a791c666-9231-4f6d-acb5-8c0ecfff3424
N009917,1b62167a-47cb-44a9-8a30-f3f250d493d6
N009918,85ec9bc5-ddc3-4e8a-8f70-8dc58b056d82
N009919,05a82525-10b4-402f-bc96-6b2ec90601dd
N009920,8e82aa3d-61c0-4399-9876-0865c557285f
N009921,8e82aa3d-61c0-4399-9876-0865c557285f
N009922,18c9265c-239e-41be-85c8-cef6cc0c64be
N009923,8e82aa3d-61c0-4399-9876-0865c557285f
N009924,8e82aa3d-61c0-4399-9876-0865c557285f
N009925,8e82aa3d-61c0-4399-9876-0865c557285f
N009926,8e82aa3d-61c0-4399-9876-0865c557285f
N009927,8e82aa3d-61c0-4399-9876-0865c557285f
N009928,32711ca5-3366-4097-a2fc-00f96a6f6e48
N009929,32711ca5-3366-4097-a2fc-00f96a6f6e48
N009930,e1d10071-96e6-41d9-aef4-66a453741e23
N009931,c08ff9a5-c2f7-4171-8daa-0a0d52eb5ce3
N009932,32ef35ac-8f2c-4449-bd02-2edf2f1659a3
N009933,32ef35ac-8f2c-4449-bd02-2edf2f1659a3
N009934,32ef35ac-8f2c-4449-bd02-2edf2f1659a3
N009935,32ef35ac-8f2c-4449-bd02-2edf2f1659a3
N009936,32ef35ac-8f2c-4449-bd02-2edf2f1659a3
N009937,af8c0d34-72e2-4294-a8a7-b5b1964da45e
N009938,c7e18ef3-242e-4c69-94c6-ddbfc68949e4
N009939,af8c0d34-72e2-4294-a8a7-b5b1964da45e
N009940,af8c0d34-72e2-4294-a8a7-b5b1964da45e
N009941,3cae40b2-a790-4d04-b9c2-9a2461a70d54
N009942,f585a61d-9ed4-41c5-a008-8afb175f3029
N009943,9652f063-0b2c-46b3-8b37-0eedb98425a4
N009944,19743802-7463-436f-a079-23479a508a16
N009945,c53ffe7e-1516-42e4-b3a7-676a5810cad8
N009946,a1a5e7fa-1dec-4b33-be09-1c56a56d6ba9
N009947,ffc013fd-2a80-4467-9890-6c3b94cb991c
N009948,8bee3e9a-444c-4aee-b94b-12fec527f0e8
N009949,8bee3e9a-444c-4aee-b94b-12fec527f0e8
N009950,8bee3e9a-444c-4aee-b94b-12fec527f0e8
N009951,f585a61d-9ed4-41c5-a008-8afb175f3029
N009952,8bee3e9a-444c-4aee-b94b-12fec527f0e8
N009953,8bee3e9a-444c-4aee-b94b-12fec527f0e8
N009954,8bee3e9a-444c-4aee-b94b-12fec527f0e8
N009955,c886ccd5-6662-4610-af6b-d7b07ac54bb2
N009956,c886ccd5-6662-4610-af6b-d7b07ac54bb2
N009957,53a2436c-cb44-449a-a17e-353741d61234
N009958,a7c4b7a3-28a9-4627-a994-a07154c730bb
N009959,f5dc62c0-da71-4d5b-844a-6db38068a7bb
N009960,e68b772c-3d77-4e6c-9b63-eb6ddbd2c4b8
N009961,d06ae9fd-38a3-47ec-9645-92950e8fd16c
N009962,d77a3b52-820f-4867-a8ba-cf3e3ece6b40
N009963,8ec3b642-2d50-40ed-93d2-5da1870bf6ff
N009964,8ec3b642-2d50-40ed-93d2-5da1870bf6ff
N009965,8ec3b642-2d50-40ed-93d2-5da1870bf6ff
N009966,f3d6b465-f05c-4576-b0a9-cb5c9802f0f2
N009967,d1e5a894-c7eb-41dd-abf6-11f56924f70b
N009968,d69e1280-a270-4241-8227-ae992e601c0b
N009969,7fdededc-f4aa-42be-921d-e9c44c2efc36
N009970,d1e5a894-c7eb-41dd-abf6-11f56924f70b
N009971,d1e5a894-c7eb-41dd-abf6-11f56924f70b
N009972,d1e5a894-c7eb-41dd-abf6-11f56924f70b
N009973,b14c8c32-7b56-469a-9353-1afd83eae8ac
N009974,aa9f608d-0e73-4fe0-a0f1-10638bcd1d13
N009975,1cd48cda-8f08-4b61-bb0d-c37d3a5f2d39
N009976,1cd48cda-8f08-4b61-bb0d-c37d3a5f2d39
N009977,1cd48cda-8f08-4b61-bb0d-c37d3a5f2d39
N009978,a9f0985d-91d4-4e3b-8474-e9f9e6bd8588
N009979,3fdb2c54-4556-4a2b-aa80-cf6748a2c0aa
N009980,4fc2f5d4-5843-4c0b-8aa2-21aac74dbfb8
N009981,5630bfb4-0e8d-4a36-bb74-e733de5e15cb
N009982,4d9fa2ca-cb34-4a95-83f3-e2eec77ea2f0
N009983,4d9fa2ca-cb34-4a95-83f3-e2eec77ea2f0
N009984,4d9fa2ca-cb34-4a95-83f3-e2eec77ea2f0
N009985,5630bfb4-0e8d-4a36-bb74-e733de5e15cb
N009986,4d9fa2ca-cb34-4a95-83f3-e2eec77ea2f0
N009987,4d9fa2ca-cb34-4a95-83f3-e2eec77ea2f0
N009988,a18d3941-9152-4cdd-a9b3-b77d1f2501e8
N009989,8987c334-9ad2-422f-a333-c212b8017a39
N009990,8987c334-9ad2-422f-a333-c212b8017a39
N009991,8a53a2f9-7e1f-4d4b-9b8c-c6f28b7cf2db
N009992,caecddc7-4f6a-4ab1-92fc-74270e68fe76
N009993,6a2f9f38-3d8e-4750-bb94-80027a0c2dc8
N009994,6a2f9f38-3d8e-4750-bb94-80027a0c2dc8
N009995,067329b7-6c4f-4252-b06b-0dd9e52c407a
N009996,eb3bc687-6301-446c-85cd-97220da63967
N009997,fa4a75d2-5e5d-4b12-8e0f-4249ff4fb9cc
N009998,6ca823d1-f6c3-4d00-a49b-c4ebf0b9a812
N009999,18ccd52b-56de-4ca4-9378-27a374d15bbd
N010000,f240edea-1326-486e-9c06-6c1b623277a1
N010001,8377593d-39b6-425b-8224-1c3cb73351a3
N010002,666ed6d6-bb7c-48b4-b27d-38375a0ca527
N010003,4f6d535f-0cac-4ab1-be33-b076d0b2bc7b
N010004,bf362ad7-57b5-45e1-9050-30a182a89c82
N010005,d63b858e-f584-4f4a-9319-e5f4a7d3d3e5
N010006,106c2b03-1f32-41a4-ba48-5b5dbc638915
N010007,106c2b03-1f32-41a4-ba48-5b5dbc638915
N010008,35b91821-7d1b-4ac3-a4dc-16b8ed6b3262
N010009,3c722a32-d1ab-41c2-a25b-f9a2ec740a1c
N010010,321f0ea3-6ec6-4c50-a8ca-bbf2a9aa8630
N010011,321f0ea3-6ec6-4c50-a8ca-bbf2a9aa8630
N010012,be98d0c2-d8ba-494d-8acc-66b7d3f66e47
N010013,c8977a2d-113c-462e-9ee2-acbd205a6eed
N010014,c8977a2d-113c-462e-9ee2-acbd205a6eed
N010015,c8977a2d-113c-462e-9ee2-acbd205a6eed
N010016,58a9a71d-8f5d-4d41-821d-1c3e15889dfc
N010017,2e8bbac6-acf1-4330-a39e-d24754484706
N010018,4972f5d6-4385-4ced-8fa0-b9033c8bcf79
N010019,ed8479ab-f382-4152-8267-a5e70a5e3a77
N010020,af64b267-4ee8-4431-9551-b9cbfccf890b
N010021,eb35f317-8610-4dc5-a638-1cd6512cf184
N010022,f585a61d-9ed4-41c5-a008-8afb175f3029
N010023,aa64c2bb-040b-4123-a653-438e6274bd49
N010024,aa64c2bb-040b-4123-a653-438e6274bd49
N010025,ccc8ab03-1650-4dfc-b0ad-53fe43297598
N010026,ccc8ab03-1650-4dfc-b0ad-53fe43297598
N010027,1fa11915-2651-4505-a78e-2d7b36fdad2e
N010028,ccc8ab03-1650-4dfc-b0ad-53fe43297598
N010029,ccc8ab03-1650-4dfc-b0ad-53fe43297598
N010030,ccc8ab03-1650-4dfc-b0ad-53fe43297598
N010031,ccc8ab03-1650-4dfc-b0ad-53fe43297598
N010032,ccc8ab03-1650-4dfc-b0ad-53fe43297598
N010033,30dac9b1-0388-49ec-87bc-49cd0c338029
N010034,30dac9b1-0388-49ec-87bc-49cd0c338029
N010035,21c84ce8-ebe7-4710-8c34-c3742270fd8b
N010036,d28150bf-0526-4266-992f-1ecce81ddba5
N010037,0bdcf646-ebf2-473b-bd96-4c9fb7745bfe
N010038,144150e3-acb9-4620-aa6e-2103cc037e67
N010039,144150e3-acb9-4620-aa6e-2103cc037e67
N010040,144150e3-acb9-4620-aa6e-2103cc037e67
N010041,144150e3-acb9-4620-aa6e-2103cc037e67
N010042,144150e3-acb9-4620-aa6e-2103cc037e67
N010043,a434ce69-8a48-4896-bb15-59ad555fb21b
N010044,f72e1816-8ab0-4021-851f-3319f7290c44
N010045,f72e1816-8ab0-4021-851f-3319f7290c44
N010046,5a8ff4cb-46ba-4976-a69a-bc97abcbac2e
N010047,5a8ff4cb-46ba-4976-a69a-bc97abcbac2e
N010048,5a8ff4cb-46ba-4976-a69a-bc97abcbac2e
N010049,5a8ff4cb-46ba-4976-a69a-bc97abcbac2e
N010050,5a8ff4cb-46ba-4976-a69a-bc97abcbac2e
N010051,22fbddc8-8def-4587-9d83-593678a62e28
N010052,1817ab7b-064e-44f5-a6e5-3e7299b78f68
N010053,5efbd49b-78e8-4505-88d1-17655098b69b
N010054,1817ab7b-064e-44f5-a6e5-3e7299b78f68
N010055,968e4b30-0efd-4ff9-a034-8b1aeb5d57a7
N010056,d0498517-539c-4a39-b06d-574966f6da56
N010057,826de4bb-1bdc-4326-8ff6-c390c1e870e1
N010058,826de4bb-1bdc-4326-8ff6-c390c1e870e1
N010059,62d9e5c7-452f-4a79-976b-4504325b3d29
N010060,c8e94233-c555-49aa-924c-4cc32344112d
N010061,9c0af7bb-3544-46ff-8a70-29f62fd5af94
N010062,24a5e77a-f0b4-416e-b1d8-b1f58d9350ba
N010063,284d2fb6-4481-4d3e-9ac3-5150f8383179
N010064,284d2fb6-4481-4d3e-9ac3-5150f8383179
N010065,284d2fb6-4481-4d3e-9ac3-5150f8383179
N010066,e24c79ea-e51b-4159-86b5-b7228ac98183
N010067,490a229d-0b1b-4498-bace-e1788abc43f7
N010068,490a229d-0b1b-4498-bace-e1788abc43f7
N010069,57b7e4a1-5d81-4902-bbd8-97401ab63e3b
N010070,61d5bf48-a4d6-4432-bda1-d7661094d4c6
N010071,61d5bf48-a4d6-4432-bda1-d7661094d4c6
N010072,61d5bf48-a4d6-4432-bda1-d7661094d4c6
N010073,61d5bf48-a4d6-4432-bda1-d7661094d4c6
N010074,e669f91e-aa31-4f22-b2d8-79ed9f98ae88
N010075,61d5bf48-a4d6-4432-bda1-d7661094d4c6
N010076,2f05ef0f-6845-4d2b-af49-4a16d4fbedd3
N010077,d6bccb8e-5b68-4c94-a516-2c8a7964dac2
N010078,8fd4c51b-5eb8-45af-b608-4b5a9ed403ec
N010079,d12a87a3-3992-41dd-86f3-7dadc115c211
N010080,dc431748-f6ca-49e6-9d99-e57cb47b9d91
N010081,35a2dc4e-1ed2-43a5-b617-d9bfbc76d554
N010082,d37b720e-3cb5-4ae8-9be7-a7a536b610d0
N010083,c4045b9f-e7e4-443f-b550-9a6a36640bfe
N010084,4f157413-8c6c-4fec-9953-c2499a2dd435
N010085,3d96f20b-23a1-4ff2-ad81-90fa00416faf
N010086,3d96f20b-23a1-4ff2-ad81-90fa00416faf
N010087,3d96f20b-23a1-4ff2-ad81-90fa00416faf
N010088,4f157413-8c6c-4fec-9953-c2499a2dd435
N010089,21e49e09-8ac6-44f5-8759-bed636633b8e
N010090,bff85709-cead-4bab-9559-d51410bca77a
N010091,80d7d082-91b2-42c9-a1de-db4b0483276a
N010092,8b814195-f9d7-469c-9294-13733a00c5ea
N010093,9a499abd-0eef-489e-8422-a6b2a1ff0d7b
N010094,2341a570-c7b2-49a0-8dd8-0e29819fffe5
N010095,2341a570-c7b2-49a0-8dd8-0e29819fffe5
N010096,62ab2301-430b-42df-8538-c16ff0aeb9ca
N010097,012b7111-27a6-4998-a2b8-70e11ba76013
N010098,14a87611-68fd-46bd-a0e6-e492a7791f48
N010099,d135fe92-d333-49c5-a8d9-9deacd9be00c
N010100,8e6965c1-72a1-44fb-a3ea-22e246f03bcd
N010101,d135fe92-d333-49c5-a8d9-9deacd9be00c
N010102,8e6965c1-72a1-44fb-a3ea-22e246f03bcd
N010103,d12a87a3-3992-41dd-86f3-7dadc115c211
N010104,605ba250-8e8b-4093-b142-4ef9085b3cf6
N010105,b86b710f-4b52-41fd-b0f8-153648f55e18
N010106,b5159117-203b-4d7b-acb5-7f2e80ff01c0
N010107,6e63a50b-573c-40b6-bdb8-da58dd7ce93e
N010108,d6bccb8e-5b68-4c94-a516-2c8a7964dac2
N010109,b53d7943-73f6-43fe-8f77-6efaf61f60da
N010110,29ff83f9-f63e-4d38-a588-7a83691c9621
N010111,7e2e458e-e087-45fa-bf6b-c466461b414f
N010112,772af903-e574-41fe-b557-cf91e7a15f15
N010113,772af903-e574-41fe-b557-cf91e7a15f15
N010114,772af903-e574-41fe-b557-cf91e7a15f15
N010115,772af903-e574-41fe-b557-cf91e7a15f15
N010116,772af903-e574-41fe-b557-cf91e7a15f15
N010117,68eb8232-2198-4f28-9076-055a26339692
N010118,3400fda0-fc5d-42f3-8747-3594bc109cb7
N010119,3400fda0-fc5d-42f3-8747-3594bc109cb7
N010120,3400fda0-fc5d-42f3-8747-3594bc109cb7
N010121,0fbbe472-f36a-43eb-8165-9090c732f27c
N010122,3400fda0-fc5d-42f3-8747-3594bc109cb7
N010123,3400fda0-fc5d-42f3-8747-3594bc109cb7
N010124,3400fda0-fc5d-42f3-8747-3594bc109cb7
N010125,3400fda0-fc5d-42f3-8747-3594bc109cb7
N010126,4a30bad7-e1a3-4a9e-bd3e-8038cfb00dcf
N010127,49b8ea5b-1e0f-4144-91af-b236a1d695b1
N010128,b8c18e4f-f4ed-4023-96d7-2607c56b4abf
N010129,f4f265e6-5053-4b09-a8b7-e8ee8b7482b1
N010130,c60c9b41-d634-4ca3-bc36-bfed1bd3389f
N010131,c60c9b41-d634-4ca3-bc36-bfed1bd3389f
N010132,c60c9b41-d634-4ca3-bc36-bfed1bd3389f
N010133,77188e0d-c50c-47e4-8003-fc86d83eb0bc
N010134,77188e0d-c50c-47e4-8003-fc86d83eb0bc
N010135,944a63cd-9a87-4fb6-8b0b-0e438769ea79
N010136,944a63cd-9a87-4fb6-8b0b-0e438769ea79
N010137,438430ab-5280-4ffb-aaed-f4cf913a94f0
N010138,f6e78c5f-b24d-44c0-8f76-9b0dbdf6b29f
N010139,438430ab-5280-4ffb-aaed-f4cf913a94f0
N010140,48e31c94-5a46-4e5f-9898-86b1ca4032ee
N010141,f4e593d6-612f-404d-ad10-08c9adf48c85
N010142,f4e593d6-612f-404d-ad10-08c9adf48c85
N010143,9098af1d-d795-4b69-8dd0-5a22506d4f4d
N010144,f55a71e2-bd06-4af9-992b-f0709a312ccc
N010145,f55a71e2-bd06-4af9-992b-f0709a312ccc
N010146,f55a71e2-bd06-4af9-992b-f0709a312ccc
N010147,2d451937-ac38-4fc7-a1fe-818b2835e277
N010148,da94cec2-21fd-4ab1-b850-ec319be9f930
N010149,da94cec2-21fd-4ab1-b850-ec319be9f930
N010150,5bc9a805-b5e9-4265-bde9-c7e9b5e148ab
N010151,8ee73c0f-e5d2-4f7f-8c1a-3d9ffdfd672b
N010152,fb671009-588b-4b26-b964-f2b7139dd368
N010153,a733731e-b086-4cba-8741-5cd5f95a2815
N010154,c6a7bf8a-8b41-4661-8a76-fe363daa3cb0
N010155,c6a7bf8a-8b41-4661-8a76-fe363daa3cb0
N010156,ab46a68c-323e-440d-82a8-521195e9a85f
N010157,ab46a68c-323e-440d-82a8-521195e9a85f
N010158,ab46a68c-323e-440d-82a8-521195e9a85f
N010159,ab46a68c-323e-440d-82a8-521195e9a85f
N010160,ab46a68c-323e-440d-82a8-521195e9a85f
N010161,ab46a68c-323e-440d-82a8-521195e9a85f
N010162,ab46a68c-323e-440d-82a8-521195e9a85f
N010163,84cf443f-f189-46b8-95ab-9e6c38f24abb
N010164,84cf443f-f189-46b8-95ab-9e6c38f24abb
N010165,84cf443f-f189-46b8-95ab-9e6c38f24abb
N010166,96a16b78-08c4-44bb-a5df-fe911ccca9d9
N010167,2e9c9eb2-f36a-48be-8587-e486e2ba7275
N010168,2e9c9eb2-f36a-48be-8587-e486e2ba7275
N010169,2e9c9eb2-f36a-48be-8587-e486e2ba7275
N010170,8ab85553-c96d-44c5-aebb-398c97ef2ca0
N010171,245e936f-2c70-44b2-9bd3-b33540de8792
N010172,d12a87a3-3992-41dd-86f3-7dadc115c211
N010173,f4ee71b2-8a6d-44d9-8710-1062041c0018
N010174,b1e27e9e-0775-4450-b5b9-4f4a5fd99dd3
N010175,2546e469-8054-4ce0-84d9-c616f0f4be75
N010176,51c1497d-0d94-438e-9c37-6f9e36030f76
N010177,d4e3d7fd-656b-4dbb-ae68-8e1b52fd0124
N010178,51c1497d-0d94-438e-9c37-6f9e36030f76
N010179,524b142f-8b60-47a6-b6a5-c584b4ddc90d
N010180,fc7363b1-027d-41a4-9ccb-ad644d2ae5ed
N010181,9d5e174f-f4cf-4a56-8e48-44026ba420f6
N010182,fc7363b1-027d-41a4-9ccb-ad644d2ae5ed
N010183,cae84314-77b1-45a0-aca2-261e5e69473c
N010184,6164b0e9-393e-4555-8a2a-3c69ec8cd62b
N010185,6164b0e9-393e-4555-8a2a-3c69ec8cd62b
N010186,687a09a2-6884-4a91-b767-b81c47815e4d
N010187,c9e38450-7609-4801-93d6-3f97a642e4d8
N010188,eee08cb6-7c50-48ab-ae0b-76e6e269abca
N010189,c9e38450-7609-4801-93d6-3f97a642e4d8
N010190,8110ddf0-d4dc-42e3-ae15-735b5bc67ce3
N010191,a9f23ba9-9f89-4a50-ab11-cb4a0bb15612
N010192,1db13405-8c40-4fc9-b711-6e457847101b
N010193,0ecb57e6-b8d4-450c-b82f-f39216c38b59
N010194,e4169094-1843-4de5-a49d-5c85ec29a87c
N010195,e4169094-1843-4de5-a49d-5c85ec29a87c
N010196,e4169094-1843-4de5-a49d-5c85ec29a87c
N010197,8f513b23-baec-4f02-b734-2345a6a2a080
N010198,4946163e-26ac-4e08-a6ea-7aeb8dfe6f3d
N010199,54b26e81-33ad-4edb-a9af-b3b3f238a085
N010200,d974036f-632c-45fe-9c24-9e9b51614ee3
N010201,b8289c0e-2168-444b-b803-ff10edc14ea7
N010202,98f77acd-59d0-4463-8fd9-94e7927c9d6f
N010203,3cbb5fea-8737-45f9-8ece-03f9abc7d728
N010204,41c55003-fa13-47a2-8bee-c8a91f73efca
N010205,c12abac4-c3df-4aa0-94dc-ef99cfaf8cd2
N010206,0507b401-81c9-4180-9da2-48e67ad9099a
N010207,804278f8-df11-4f21-955d-50216619e494
N010208,b3e21c6d-4dc6-4a61-94a3-bdcc1931c13c
N010209,03a44126-a839-4529-8794-40b7acef2b43
N010210,6108aa65-22cc-4011-b941-2bf943a52ba8
N010211,7c2eafca-d0ad-4c8a-8296-fc1424ad2cac
N010212,a86b8cb3-2c98-4f1e-ab16-521627e28131
N010213,0aab2094-0521-41d6-9b77-e43b10fa93ca
N010214,7c2eafca-d0ad-4c8a-8296-fc1424ad2cac
N010215,7c2eafca-d0ad-4c8a-8296-fc1424ad2cac
N010216,0aab2094-0521-41d6-9b77-e43b10fa93ca
N010217,739ac55f-fdce-4c42-bde5-eb4c110d2289
N010218,821dd218-e451-4b90-82aa-987ec0170532
N010219,7916d12e-41d4-4f25-b420-400c6f2cd8e3
N010220,35d1d065-c828-466b-a31f-a5c7062297d8
N010221,4fb36560-744b-436a-8b33-70be9fdf5d7d
N010222,59ec4ec1-bf13-44a4-bf47-b8c2d653481c
N010223,d982c750-08a0-42bb-b5f9-2dd656a2695f
N010224,08126aca-9e83-4e49-b273-cfeb8b575a2d
N010225,8ccc7973-c856-4595-b9e5-c554f8b0f92b
N010226,e7ae5f07-f33d-4f6d-8bdb-f94997909d02
N010227,39fb07c1-8d55-4163-ab24-2c95d66715c8
N010228,03852360-5d1c-4604-a884-1209bbd2a24e
N010229,03852360-5d1c-4604-a884-1209bbd2a24e
N010230,f3beeb3e-3ba3-42b9-80a2-1fabf781597f
N010231,961d1468-4089-47df-a802-fa0243b290bd
N010232,03852360-5d1c-4604-a884-1209bbd2a24e
N010233,8e411fc7-a4fa-491c-b50a-ef6233b6dd5c
N010234,d038c967-6272-4ddc-9823-a3e74e387482
N010235,882d5008-70a2-444c-8a23-9b8b5176c5fc
N010236,b6bf11cf-0956-4e60-837f-35e1c2d785b1
N010237,f585a61d-9ed4-41c5-a008-8afb175f3029
N010238,cac0cb9b-8cf7-4eba-809e-b3caf08fba76
N010239,cac0cb9b-8cf7-4eba-809e-b3caf08fba76
N010240,aec41e04-3841-4968-ba9d-2a941132e7a5
N010241,d1be99c3-2e0e-4898-bffc-6e23ff061a87
N010242,d1be99c3-2e0e-4898-bffc-6e23ff061a87
N010243,f35810f3-b49d-4409-b4c6-8c069ecf1819
N010244,cce06410-d50e-4393-84ff-6b8043dcd99e
N010245,094d6575-fbd1-4d77-a720-cb70a52d9826
N010246,cce06410-d50e-4393-84ff-6b8043dcd99e
N010247,cce06410-d50e-4393-84ff-6b8043dcd99e
N010248,af3a92fa-79a3-4d48-99b0-f5c2f2840af5
N010249,0510cdac-eb6e-45a7-ac9f-e16eb2517fcf
N010250,fdec7bd8-b9b2-493c-9c46-d50f7808f6c9
N010251,63e74365-2ffe-43d1-a261-60f5b30b3207
N010252,63e74365-2ffe-43d1-a261-60f5b30b3207
N010253,716c0582-b0fa-4ef5-b858-3258f4945cdb
N010254,79ce7793-7302-4707-90dc-8d11ff2f13fa
N010255,11f9cc65-595d-462f-9b9b-f7003e9cc490
N010256,11f9cc65-595d-462f-9b9b-f7003e9cc490
N010257,d12a87a3-3992-41dd-86f3-7dadc115c211
N010258,0160f61f-7b95-4e66-b9d4-1aa7bf228dba
N010259,70109ba4-6b8e-4fe9-8026-40931a75ba2e
N010260,5630bfb4-0e8d-4a36-bb74-e733de5e15cb
N010261,37b30c5b-0b1d-4a3b-b4ca-01a1dad56303
N010262,ab346639-b3ef-4fc4-b2b1-b1aae9fedc1d
N010263,ab346639-b3ef-4fc4-b2b1-b1aae9fedc1d
N010264,cb05faf6-592c-4c52-bf23-7c9071bf75e0
N010265,945b76ac-1f1a-4312-b7a7-dbc17e93feec
N010266,9db4a1a9-8029-4c59-a20f-a79e04918dd4
N010267,57374624-5ce6-4750-b81f-db856996ac90
N010268,d12a87a3-3992-41dd-86f3-7dadc115c211
N010269,d4850d26-bdb7-44a9-9411-0ebafa827633
N010270,80fd0281-eadb-4f82-82bb-f2e9bcf20d60
N010271,80fd0281-eadb-4f82-82bb-f2e9bcf20d60
N010272,0b7761aa-1c7d-4b32-b0d1-2f4068876a86
N010273,6a551a32-7e5f-4e2f-910c-593133317bd9
N010274,c2f09510-d0b4-48b4-9a8f-a081355cd5b9
N010275,d6bccb8e-5b68-4c94-a516-2c8a7964dac2
N010276,dee6eaca-affc-4294-8023-3f36a7115009
N010277,dee6eaca-affc-4294-8023-3f36a7115009
N010278,dee6eaca-affc-4294-8023-3f36a7115009
N010279,442a8afa-1ae7-4559-8a88-11bcaad95400
N010280,442a8afa-1ae7-4559-8a88-11bcaad95400
N010281,ec44a8eb-39c8-42d9-b165-e7b7923e7627
N010282,ec44a8eb-39c8-42d9-b165-e7b7923e7627
N010283,ec44a8eb-39c8-42d9-b165-e7b7923e7627
N010284,0fb9c688-d8f1-496a-965f-f8d2aa0ae1d3
N010285,379477ad-8abb-4d46-87b0-fa058c80df78
N010286,0fb9c688-d8f1-496a-965f-f8d2aa0ae1d3
N010287,379477ad-8abb-4d46-87b0-fa058c80df78
N010288,04f25cc9-cbd7-456b-9508-bea6b10ed235
N010289,fef5e000-3326-4e36-b434-5580590991d1
N010290,fef5e000-3326-4e36-b434-5580590991d1
N010291,ea009a56-894b-4168-9f0c-95f722ea1cd6
N010292,6e3ee45f-e990-41eb-92cb-8c85d5a8dd79
N010293,243cefc6-3bfe-4e96-82e7-66288eaaec33
N010294,bf54bf8c-2def-4d12-8eb0-3a9219f6a249
N010295,4af19f8d-37f0-475e-95f0-9b6e5da20031
N010296,bf54bf8c-2def-4d12-8eb0-3a9219f6a249
N010297,4af19f8d-37f0-475e-95f0-9b6e5da20031
N010298,a46d2ec8-6f7e-4a7c-b170-e8afbe460404
N010299,bf54bf8c-2def-4d12-8eb0-3a9219f6a249
N010300,bf54bf8c-2def-4d12-8eb0-3a9219f6a249
N010301,a46d2ec8-6f7e-4a7c-b170-e8afbe460404
N010302,b9dec880-533e-4108-8244-16efacaf3d9e
N010303,aff5ea33-968c-49b6-8824-e36d52e4c602
N010304,a10c7958-b81a-4291-849f-de92b90a9fd6
N010305,2113c267-1ac2-4cbb-bfee-d88c1842fb1a
N010306,ba629605-23a2-4e2d-9d61-7b8af5cd125a
N010307,90b13d80-323a-4322-b4de-16e801c47a9b
N010308,07386bb9-af7b-464b-9ffe-1d4b385090bb
N010309,0d715f82-83f5-4e2a-990c-72df7b85c0a2
N010310,ffb03dd2-cec9-4735-a6d4-105dae80e296
N010311,5630bfb4-0e8d-4a36-bb74-e733de5e15cb
N010312,ee5597f3-0e9c-4fea-8ab9-7270c6196efc
N010313,f62225e8-801d-4804-bc8c-09147d7e611f
N010314,58a9a71d-8f5d-4d41-821d-1c3e15889dfc
N010315,df0d6d24-6fcf-4be2-87f9-bb599ceb19d1
N010316,f62225e8-801d-4804-bc8c-09147d7e611f
N010317,75dd185b-1e84-4515-a73e-948b94a3d1bb
N010318,75dd185b-1e84-4515-a73e-948b94a3d1bb
N010319,75dd185b-1e84-4515-a73e-948b94a3d1bb
N010320,08e61b52-b8f9-4653-8126-58896f48949d
N010321,dfc0fc68-5d0f-4474-a350-269890efce2b
N010322,6c9e7b99-5334-427d-92d6-84d71f133879
N010323,a851719a-a2d4-4ee0-8869-33e7d42d3574
N010324,f35ca2ed-4fcb-4b02-a688-3e80dc101e06
N010325,40941c96-9f17-4666-b3ad-5a126c14faeb
N010326,40941c96-9f17-4666-b3ad-5a126c14faeb
N010327,eee08cb6-7c50-48ab-ae0b-76e6e269abca
N010328,eee08cb6-7c50-48ab-ae0b-76e6e269abca
N010329,40941c96-9f17-4666-b3ad-5a126c14faeb
N010330,8425817f-b6e1-4cfd-8eb3-a96cc22ac14a
N010331,be98d0c2-d8ba-494d-8acc-66b7d3f66e47
N010332,df31b792-6f63-4e31-852c-ebf89491a446
N010333,c56c01e8-95b2-4687-9106-3a95819d832b
N010334,df31b792-6f63-4e31-852c-ebf89491a446
N010335,d12a87a3-3992-41dd-86f3-7dadc115c211
N010336,e3129887-bd5b-4cf3-8d13-cd3fc0f05ff9
N010337,e3129887-bd5b-4cf3-8d13-cd3fc0f05ff9
N010338,e3129887-bd5b-4cf3-8d13-cd3fc0f05ff9
N010339,ec5e6b97-262e-4d2a-b542-8795697525c7
N010340,e61a43ac-cf5e-436d-99c8-fbbd332dc623
N010341,bad0eb08-ca43-4cd9-908c-e8fadac3c6ca
N010342,e61a43ac-cf5e-436d-99c8-fbbd332dc623
N010343,84034a0e-86d1-450d-bdd4-d915d2d0883c
N010344,12fa79d7-659c-4799-ac62-14e8fe993ae1
N010345,ef6551e5-624b-465b-bb89-58cf71d08628
N010346,d6bccb8e-5b68-4c94-a516-2c8a7964dac2
N010347,5d981f0b-2273-40eb-a4e3-fb0b71b0edbb
N010348,d12a87a3-3992-41dd-86f3-7dadc115c211
N010349,97e73ffa-1fc6-4cc4-ba61-9928d051c652
N010350,97e73ffa-1fc6-4cc4-ba61-9928d051c652
N010351,97e73ffa-1fc6-4cc4-ba61-9928d051c652
N010352,97e73ffa-1fc6-4cc4-ba61-9928d051c652
N010353,9d5e174f-f4cf-4a56-8e48-44026ba420f6
N010354,97e73ffa-1fc6-4cc4-ba61-9928d051c652
N010355,5a2dcbfc-7103-4682-8955-e77e1feaec6f
N010356,5a2dcbfc-7103-4682-8955-e77e1feaec6f
N010357,f3b8e54d-b890-4a32-857b-659067f2b7eb
N010358,5a2dcbfc-7103-4682-8955-e77e1feaec6f
N010359,5a2dcbfc-7103-4682-8955-e77e1feaec6f
N010360,f3b8e54d-b890-4a32-857b-659067f2b7eb
N010361,5a2dcbfc-7103-4682-8955-e77e1feaec6f
N010362,5730152c-05ea-434a-87ce-a0e66ffc445e
N010363,71317a10-e914-45a2-8e10-f432418cdb0f
N010364,5730152c-05ea-434a-87ce-a0e66ffc445e
N010365,fcc3785e-3535-4888-9f85-3e07a6b0de5e
N010366,e8c83e0c-a5de-4ca9-83b3-cfdf102d1185
N010367,e8c83e0c-a5de-4ca9-83b3-cfdf102d1185
N010368,e8c83e0c-a5de-4ca9-83b3-cfdf102d1185
N010369,855867b8-0e7c-4913-80b4-697853c418af
N010370,c73c9696-6e12-4eb6-b9b7-543c62961c45
N010371,c73c9696-6e12-4eb6-b9b7-543c62961c45
N010372,c73c9696-6e12-4eb6-b9b7-543c62961c45
N010373,c73c9696-6e12-4eb6-b9b7-543c62961c45
N010374,14d91857-0ca4-4f13-b8ee-3ba3f0821b92
N010375,719dbb5b-d843-4b23-a915-2f125416f3ca
N010376,ccacc3f5-55d1-40f0-9c5a-86065e19cf3a
N010377,ccf98604-bc5f-4369-b4c4-cf16f8b02099
N010378,ccacc3f5-55d1-40f0-9c5a-86065e19cf3a
N010379,851b3d8e-6bb5-419c-81be-3aaeb8568a8b
N010380,c506e23a-d7b7-4214-9fd0-507e0e4da414
N010381,c506e23a-d7b7-4214-9fd0-507e0e4da414
N010382,fd602160-b80e-497d-a12c-5d702f8709bd
N010383,9d864ac0-d9b5-4f1c-bf01-3a197acb4383
N010384,cca5c29d-bdbb-4af9-9d20-8f014b85560e
N010385,ddd5dcc9-f4e6-40b0-bd4b-37a4699564ec
N010386,cca5c29d-bdbb-4af9-9d20-8f014b85560e
N010387,f585a61d-9ed4-41c5-a008-8afb175f3029
N010388,c2de1656-d226-4dbe-8f3c-dd862553e8a7
N010389,3827d459-e101-46c1-9416-70bc58892a93
N010390,714e68b0-4056-4dfa-8083-5656b0c2ca33
N010391,3827d459-e101-46c1-9416-70bc58892a93
N010392,58a9a71d-8f5d-4d41-821d-1c3e15889dfc
N010393,16c03f67-557f-4694-a6fe-c45993256e7a
N010394,16c03f67-557f-4694-a6fe-c45993256e7a
N010395,16c03f67-557f-4694-a6fe-c45993256e7a
N010396,737a039c-b2f0-4534-86b8-62d6d5dcc467
N010397,0e6203cd-6f11-4da0-ac6f-6325bb2eb4a3
N010398,d12a87a3-3992-41dd-86f3-7dadc115c211
N010399,0e6203cd-6f11-4da0-ac6f-6325bb2eb4a3
N010400,d12a87a3-3992-41dd-86f3-7dadc115c211
N010401,0e6203cd-6f11-4da0-ac6f-6325bb2eb4a3
N010402,0e6203cd-6f11-4da0-ac6f-6325bb2eb4a3
N010403,0e6203cd-6f11-4da0-ac6f-6325bb2eb4a3
N010404,d12a87a3-3992-41dd-86f3-7dadc115c211
N010405,bec8a931-3d80-45ab-a75f-f89fab1ab83f
N010406,f68f1946-168e-4118-875e-66d6bb9feea5
N010407,f68f1946-168e-4118-875e-66d6bb9feea5
N010408,f68f1946-168e-4118-875e-66d6bb9feea5
N010409,58a9a71d-8f5d-4d41-821d-1c3e15889dfc
N010410,d12a87a3-3992-41dd-86f3-7dadc115c211
N010411,597d07e3-6c67-4444-9957-e47965d2ceac
N010412,597d07e3-6c67-4444-9957-e47965d2ceac
N010413,76b0a080-8f1a-46c5-b434-60190a2f22fb
N010414,0fabe5c4-2864-4b75-88e6-956884d9d8a6
N010415,c73bb299-c967-4813-9341-0ffaa69a00c2
N010416,c73bb299-c967-4813-9341-0ffaa69a00c2
N010417,c73bb299-c967-4813-9341-0ffaa69a00c2
N010418,c73bb299-c967-4813-9341-0ffaa69a00c2
N010419,c73bb299-c967-4813-9341-0ffaa69a00c2
N010420,b41544bf-e047-4cb9-9a83-77f19eb9519b
N010421,5630bfb4-0e8d-4a36-bb74-e733de5e15cb
N010422,387a7c70-afab-47ec-81ba-c2d12af36fb8
N010423,387a7c70-afab-47ec-81ba-c2d12af36fb8
N010424,387a7c70-afab-47ec-81ba-c2d12af36fb8
N010425,387a7c70-afab-47ec-81ba-c2d12af36fb8
N010426,387a7c70-afab-47ec-81ba-c2d12af36fb8
N010427,387a7c70-afab-47ec-81ba-c2d12af36fb8
N010428,387a7c70-afab-47ec-81ba-c2d12af36fb8
N010429,387a7c70-afab-47ec-81ba-c2d12af36fb8
N010430,387a7c70-afab-47ec-81ba-c2d12af36fb8
N010431,eb40c4a4-0aeb-4289-9358-92c61bc48e9c
N010432,eb40c4a4-0aeb-4289-9358-92c61bc48e9c
N010433,af82103d-dd3a-410a-b54c-3bb93a90b320
N010434,2e48674f-6fca-48bd-bedb-f99f02e88879
N010435,3b3e415c-bc7a-4a3a-9648-fcb4030c5225
N010436,c7a8324e-b422-4471-bdd7-e6a937ff9ca8
N010437,58a9a71d-8f5d-4d41-821d-1c3e15889dfc
N010438,b2cac975-bfd5-4a64-89da-f07c1b46e584
N010439,aff5ea33-968c-49b6-8824-e36d52e4c602
N010440,b9500ec6-66f9-4a87-9b06-648936b37ada
N010441,7477ac93-0b32-4ee9-8134-146460b517a9
N010442,8bea66a6-838f-4142-b5fa-c48c3701647d
N010443,4c467142-b959-4140-883f-4718c573e0be
N010444,697b37f5-5382-4dea-a258-78282b00dbaf
N010445,40179590-6f1c-4129-8f97-574e078b8680
N010446,6ac4390f-d816-4def-9979-74cb6131020f
N010447,6ac4390f-d816-4def-9979-74cb6131020f
N010448,6ac4390f-d816-4def-9979-74cb6131020f
N010449,5c744129-d398-4b34-8801-e11956c2c43a
N010450,ccddd189-29a1-4927-a0f3-c8337184e107
N010451,41af8d32-c271-49b4-97f8-1d3194d918df
N010452,d5e6c47b-cf99-4652-b8c8-5ea7602f1ac6
N010453,d5e6c47b-cf99-4652-b8c8-5ea7602f1ac6
N010454,d5e6c47b-cf99-4652-b8c8-5ea7602f1ac6
N010455,9b072b17-8f60-40e5-a2a8-8fdb6ed87fd9
N010456,cd9889af-f143-48bb-9a3e-cefb60b062ce
N010457,f8747806-f2a0-4098-9dd9-751738a70df0
N010458,f8747806-f2a0-4098-9dd9-751738a70df0
N010459,1eff5cc5-99c8-4611-89ce-4884b5093eaa
N010460,dbbbf441-b68a-457f-a478-000e29bc1de5
N010461,9787f01a-f0a2-4520-82cb-d886c5ba0cf5
N010462,0c5a738d-cdad-4237-a12d-24ea6dd83fc0
N010463,783be57b-bdcb-47a2-bf55-0c488e17c5cf
N010464,4ff6d654-ee27-443d-b948-fe1789245098
N010465,4ff6d654-ee27-443d-b948-fe1789245098
N010466,4ff6d654-ee27-443d-b948-fe1789245098
N010467,4ff6d654-ee27-443d-b948-fe1789245098
N010468,d3024508-a930-4641-9a46-7eccb78130f2
N010469,d3024508-a930-4641-9a46-7eccb78130f2
N010470,d3024508-a930-4641-9a46-7eccb78130f2
N010471,5b8b26eb-4853-41b7-b0df-d4bf6603ea93
N010472,6ee7c8e0-52b9-4746-aced-61c293cd6dc4
N010473,472f8f3e-dc36-4cd0-b979-359d8c5e2015
N010474,3344f2d5-4177-4362-83ee-452fe648b8af
N010475,f7393df1-2bc4-431b-bcde-14c3167ee9c8
N010476,b51d2469-ead5-43d8-abfd-652094b13920
N010477,45d8eb97-65e5-49e8-8e44-2028f519f443
N010478,5cc673ad-b003-4846-85de-cd630608d6ac
N010479,da908b1c-f41c-45c6-b2d4-8ad980a98468
N010480,5cc673ad-b003-4846-85de-cd630608d6ac
N010481,da908b1c-f41c-45c6-b2d4-8ad980a98468
N010482,5489a21e-7249-4eb7-875c-617a780800b5
N010483,5489a21e-7249-4eb7-875c-617a780800b5
N010484,5630bfb4-0e8d-4a36-bb74-e733de5e15cb
N010485,5489a21e-7249-4eb7-875c-617a780800b5
N010486,93ff4d2d-909f-40cd-90c1-a2e0f1af2989
N010487,7ae5e08d-74e5-4650-bd4f-20a7d84cf9bf
N010488,a11e3ac9-9d9c-4320-a547-cbd22dbc0f5f
N010489,096192c6-ba43-4774-8af5-671fa076803a
N010490,096192c6-ba43-4774-8af5-671fa076803a
N010491,b333e11b-ee63-4a8c-843f-179490df46d0
N010492,b333e11b-ee63-4a8c-843f-179490df46d0
N010493,6d17fe66-57cc-48ff-913a-93cfec1e8552
N010494,6d17fe66-57cc-48ff-913a-93cfec1e8552
N010495,6d17fe66-57cc-48ff-913a-93cfec1e8552
N010496,e78b4017-7178-42bb-aaa9-a7be7a51a3f8
N010497,a194ff41-8aee-49eb-a4ed-54c204e1e8fc
N010498,f44e0fc9-7a2e-46bb-9562-6c92bca085c2
N010499,e78b4017-7178-42bb-aaa9-a7be7a51a3f8
N010500,e78b4017-7178-42bb-aaa9-a7be7a51a3f8
N010501,e78b4017-7178-42bb-aaa9-a7be7a51a3f8
N010502,25905ec0-22d4-493f-89c4-11e7f3740bb9
N010503,25905ec0-22d4-493f-89c4-11e7f3740bb9
N010504,25905ec0-22d4-493f-89c4-11e7f3740bb9
N010505,fe40ab85-97e7-412f-b8f2-bd8b1e0ee906
N010506,a1edd85b-a01c-4a09-acd1-53725d5aa9a2
N010507,3f94faf5-3012-43e3-8faa-595f30b5fa5b
N010508,5b7fca63-ad65-4931-95e5-4fe66e91bf5f
N010509,0488c7f2-3169-4122-8081-5a2d5aa3f0ad
N010510,75b439d5-008d-4887-a532-8e5cbc54bb13
N010511,3b141514-2578-4395-9831-dcacbef45e55
N010512,3b141514-2578-4395-9831-dcacbef45e55
N010513,f29ab133-2f57-431c-8000-2a7553ef3b0d
N010514,f29ab133-2f57-431c-8000-2a7553ef3b0d
N010515,5c6872b5-da7b-4757-9e04-0839888cb370
N010516,9441e5e5-7e58-401b-8205-1659dbec751e
N010517,700fb8ca-879e-4d5e-a21a-a38e8966a1b9
N010518,651f38d7-9e03-47f0-bfc7-296ef41c9d78
N010519,fc1e3926-e580-4e16-a4ba-1341ed31e108
N010520,f4205c96-282e-4a42-abe9-3095a0b73af9
N010521,d9ad6bea-db11-4934-872b-bb31fcecc722
N010522,b3a6fb00-7704-4d76-b36a-4d702eb26198
N010523,8549951a-5588-4b48-9d56-362093f57b70
N010524,ccc6d99f-5a7c-4211-b14a-0e28137c74ac
N010525,71970231-07de-4a02-9207-c73b2fdb07da
N010526,71970231-07de-4a02-9207-c73b2fdb07da
N010527,71970231-07de-4a02-9207-c73b2fdb07da
N010528,45c64149-772e-42d7-bc51-d991bf956222
N010529,45c64149-772e-42d7-bc51-d991bf956222
N010530,45c64149-772e-42d7-bc51-d991bf956222
N010531,bf38b4fd-8451-42cd-955f-852e6b0b32c8
N010532,98f9e76c-92f4-470b-89bf-ccd8a11ae9ac
N010533,977be09c-dd57-433a-9f54-8275cb77c372
N010534,09033c39-ceb3-46ad-afda-84ae8b4f14f4
N010535,460c8f0e-6930-445c-b60f-79138ed42abd
N010536,3c3f64fc-2d9b-49df-b761-a9b064fe7b45
N010537,3c3f64fc-2d9b-49df-b761-a9b064fe7b45
N010538,402cf4c9-a25a-443f-8869-420d87958e9a
N010539,c12ea75f-280b-47e6-b420-b00a48b7e9ac
N010540,c12ea75f-280b-47e6-b420-b00a48b7e9ac
N010541,c12ea75f-280b-47e6-b420-b00a48b7e9ac
N010542,c12ea75f-280b-47e6-b420-b00a48b7e9ac
N010543,c12ea75f-280b-47e6-b420-b00a48b7e9ac
N010544,c12ea75f-280b-47e6-b420-b00a48b7e9ac
N010545,b6c8d141-dcd1-4588-80d4-65a404a40388
N010546,dbd75ebe-a5cc-49d7-9f7a-d2d6fffaf342
N010547,dbd75ebe-a5cc-49d7-9f7a-d2d6fffaf342
N010548,dbd75ebe-a5cc-49d7-9f7a-d2d6fffaf342
N010549,dbd75ebe-a5cc-49d7-9f7a-d2d6fffaf342
N010550,dbd75ebe-a5cc-49d7-9f7a-d2d6fffaf342
N010551,dbd75ebe-a5cc-49d7-9f7a-d2d6fffaf342
N010552,20791595-9ad9-4b86-810d-d2908d2fe96b
N010553,20791595-9ad9-4b86-810d-d2908d2fe96b
N010554,fbeddc1c-f57c-4078-844d-0d3836fcc1a7
N010555,51af7c49-f967-4de2-add8-7fe8a9cf56ef
N010556,a0d6e8a7-0552-4a0d-9825-7df864fa9172
N010557,b594b331-4f23-45cd-ab77-09924fcde6a4
N010558,332f0f21-4e50-4577-85c7-38d501521f66
N010559,332f0f21-4e50-4577-85c7-38d501521f66
N010560,332f0f21-4e50-4577-85c7-38d501521f66
N010561,332f0f21-4e50-4577-85c7-38d501521f66
N010562,332f0f21-4e50-4577-85c7-38d501521f66
N010563,6b0ccb07-c59f-4323-9603-227a00a9cb07
N010564,6b0ccb07-c59f-4323-9603-227a00a9cb07
N010565,debfe453-dc33-445d-8abd-0828b07f1bc2
N010566,debfe453-dc33-445d-8abd-0828b07f1bc2
N010567,debfe453-dc33-445d-8abd-0828b07f1bc2
N010568,b4018ad4-a2ee-4a49-be48-71d12cbd18a9
N010569,b4018ad4-a2ee-4a49-be48-71d12cbd18a9
N010570,5730152c-05ea-434a-87ce-a0e66ffc445e
N010571,2d68ae5b-ed15-4d29-a58d-ca2401b75f86
N010572,276d4afc-9a99-49fd-9c57-058658ddcac3
N010573,070a9dbb-4b7a-4e30-83a8-20f5d9ec1cbf
N010574,992eaaf6-67db-49f9-9010-bea0a5163121
N010575,070a9dbb-4b7a-4e30-83a8-20f5d9ec1cbf
N010576,30297488-6e5e-412b-9d57-7b91c7f4a06f
N010577,30297488-6e5e-412b-9d57-7b91c7f4a06f
N010578,07b99ba8-21d6-4b4e-87a9-29a827032a55
N010579,f9806842-427a-4916-b16a-7fd28e2e99d3
N010580,3e39662d-d4e7-4ec0-9d94-c4a61d9aa7b3
N010581,f9806842-427a-4916-b16a-7fd28e2e99d3
N010582,b027daf2-a741-4f26-adae-b6f9edd975a6
N010583,515c5aef-a9e7-4d71-ae4d-5d0ca40a69cd
N010584,0f74f790-025e-4c52-9e1c-136da41c1363
N010585,e55fccb3-0d91-4271-908f-5f14c795bedb
N010586,4f0df4fb-b3c4-4280-b8ad-bb49a432108a
N010587,4f0df4fb-b3c4-4280-b8ad-bb49a432108a
N010588,d7219135-2c5f-4b16-86ba-a56c357b99eb
N010589,326763bb-cb89-4589-966e-2f056fe5eead
N010590,326763bb-cb89-4589-966e-2f056fe5eead
N010591,1f89f1d6-2780-4cfa-93e4-426d0151c073
N010592,0627eca7-07e8-4d97-b81a-f2e76ba53afd
N010593,05d687e3-939e-443b-9311-ed5660979d59
N010594,5695a489-7d95-44d8-b12c-2f4f32a1986c
N010595,619280e5-7f10-4766-b21d-8e2d7cd4818b
N010596,cd213978-280c-4854-9ade-e70927f70ff0
N010597,f8015273-e91e-46d1-a929-7e2786316c46
N010598,3706e417-e69b-4b52-b713-68c4ada8145b
N010599,3706e417-e69b-4b52-b713-68c4ada8145b
N010600,3706e417-e69b-4b52-b713-68c4ada8145b
N010601,4b0447c7-c0a5-4680-bbc4-7e5fb363d31a
N010602,72ca77d3-14d4-4955-a152-3fa25c84ba66
N010603,30a54dc6-fef4-40c8-b458-3afc0a4e0224
N010604,1178a05c-8ff5-4fa6-bf81-380c4002722e
N010605,9dbac794-c3cf-4ff8-bfd7-956f09b19cd9
N010606,14970cc5-9aa2-4e7d-9984-e29f811574c0
N010607,cf964b1a-3cbb-4d7d-a004-73c5a5bc6d92
N010608,149dad6f-3cb1-49e8-bf48-fdaa8b29061b
N010609,6927f47d-4c53-42d6-a286-82b8b1c35c79
N010610,bcd8cd80-4ccf-490c-8a35-89001d4a47b0
N010611,bcd8cd80-4ccf-490c-8a35-89001d4a47b0
N010612,e7323303-3d26-4f77-9cc4-782629da450b
N010613,e7323303-3d26-4f77-9cc4-782629da450b
N010614,5630bfb4-0e8d-4a36-bb74-e733de5e15cb
N010615,e7323303-3d26-4f77-9cc4-782629da450b
N010616,7c62e792-8954-4499-80f3-09b0c6620aef
N010617,cb649bd1-3599-4538-b549-2eb949778fe3
N010618,f2d2ec51-5ea5-4e1d-b8b9-f5cb6fffc29e
N010619,dc638ea0-4dae-489d-b881-5afddef1ff3c
N010620,6f08e701-4da4-421b-ac62-3e2ec4ac4d41
N010621,6f08e701-4da4-421b-ac62-3e2ec4ac4d41
N010622,edc094b0-ccb3-4484-b2c0-6a062c071847
N010623,aba4d264-7c0c-46f6-ba21-a0a0079437da
N010624,aba4d264-7c0c-46f6-ba21-a0a0079437da
N010625,aba4d264-7c0c-46f6-ba21-a0a0079437da
N010626,facc8678-bc36-4154-a912-756d543c65d8
N010627,1830ef85-1f25-496a-a719-e5ed67c4f779
N010628,cce93d97-a001-47cf-ae3d-771c826a137d
N010629,cce93d97-a001-47cf-ae3d-771c826a137d
N010630,1830ef85-1f25-496a-a719-e5ed67c4f779
N010631,facc8678-bc36-4154-a912-756d543c65d8
N010632,1161ba6b-a76e-477a-8268-498b20ca5df3
N010633,1161ba6b-a76e-477a-8268-498b20ca5df3
N010634,5630bfb4-0e8d-4a36-bb74-e733de5e15cb
N010635,5630bfb4-0e8d-4a36-bb74-e733de5e15cb
N010636,1161ba6b-a76e-477a-8268-498b20ca5df3
N010637,92d1fb83-549a-4fea-b09a-07d161da69a5
N010638,b1e27e9e-0775-4450-b5b9-4f4a5fd99dd3
N010639,d75ea831-56bb-4c23-b388-0774d2c41ea0
N010640,3da2d5b0-4a28-4ffb-af51-26bf266326c9
N010641,09bdb76a-a11d-4edf-8d96-248ef6e88ce1
N010642,09bdb76a-a11d-4edf-8d96-248ef6e88ce1
N010643,d75ea831-56bb-4c23-b388-0774d2c41ea0
N010644,3da2d5b0-4a28-4ffb-af51-26bf266326c9
N010645,3da2d5b0-4a28-4ffb-af51-26bf266326c9
N010646,09bdb76a-a11d-4edf-8d96-248ef6e88ce1
N010647,7556fb1e-8c0d-4db8-bc4b-90f775047ce1
N010648,90fd4152-a74b-42e4-ba1c-0c6ad41857c1
N010649,d3c788cc-a49b-4c3d-ab67-46be20c14fbc
N010650,f4f44503-a9bf-4b85-8942-85d176270a57
N010651,f4f44503-a9bf-4b85-8942-85d176270a57
N010652,aad14dbe-5cb9-45ef-b571-e62c71ad7b21
N010653,aad14dbe-5cb9-45ef-b571-e62c71ad7b21
N010654,aad14dbe-5cb9-45ef-b571-e62c71ad7b21
N010655,78e1434f-3f20-4e61-a7ec-8f608ca57ff7
N010656,78e1434f-3f20-4e61-a7ec-8f608ca57ff7
N010657,0fb9c688-d8f1-496a-965f-f8d2aa0ae1d3
N010658,a28fffca-6831-41d8-a759-3e06fca198f3
N010659,545bfc17-fd48-46a7-bb43-69013e2b1c6f
N010660,545bfc17-fd48-46a7-bb43-69013e2b1c6f
N010661,7cbaaf5e-fcfc-4398-a92c-77650abcd959
N010662,41014841-f26b-47ff-8428-ade76f685dc7
N010663,41014841-f26b-47ff-8428-ade76f685dc7
N010664,41014841-f26b-47ff-8428-ade76f685dc7
N010665,41014841-f26b-47ff-8428-ade76f685dc7
N010666,41014841-f26b-47ff-8428-ade76f685dc7
N010667,41014841-f26b-47ff-8428-ade76f685dc7
N010668,41014841-f26b-47ff-8428-ade76f685dc7
N010669,c46c3c0f-7408-4bc7-9def-bafcf4e3a337
N010670,d051ea0f-dce4-4b4a-b411-d9eecee696e1
N010671,d051ea0f-dce4-4b4a-b411-d9eecee696e1
N010672,d051ea0f-dce4-4b4a-b411-d9eecee696e1
N010673,d051ea0f-dce4-4b4a-b411-d9eecee696e1
N010674,d051ea0f-dce4-4b4a-b411-d9eecee696e1
N010675,ca1365bb-2647-4a7e-af27-fcb52e5c3b12
N010676,ca1365bb-2647-4a7e-af27-fcb52e5c3b12
N010677,ca1365bb-2647-4a7e-af27-fcb52e5c3b12
N010678,ca1365bb-2647-4a7e-af27-fcb52e5c3b12
N010679,ca1365bb-2647-4a7e-af27-fcb52e5c3b12
N010680,3137ed9e-67ec-4a47-a0fa-afeae42be0f1
N010681,ca1365bb-2647-4a7e-af27-fcb52e5c3b12
N010682,726f7f64-f2af-4f9c-9b64-0ec58402a331
N010683,726f7f64-f2af-4f9c-9b64-0ec58402a331
N010684,726f7f64-f2af-4f9c-9b64-0ec58402a331
N010685,c4e99fd9-38ba-4256-9ee8-a9792dbbbf37
N010686,8c1dffa9-8e27-4587-a930-d59edba3d6ce
N010687,58a9a71d-8f5d-4d41-821d-1c3e15889dfc
N010688,f89d6f9d-8d6f-403d-a93e-a470af87e210
N010689,80da3aee-7370-4d53-9320-e57dcf57c25e
N010690,80da3aee-7370-4d53-9320-e57dcf57c25e
N010691,272aabb9-8d74-48bf-b357-82733b323892
N010692,68fcf90f-6682-4568-95d3-f61d6fbf43c4
N010693,272aabb9-8d74-48bf-b357-82733b323892
N010694,06acd4b2-4f34-4035-8520-af6f47c1b167
N010695,58a9a71d-8f5d-4d41-821d-1c3e15889dfc
N010696,272aabb9-8d74-48bf-b357-82733b323892
N010697,eb65059c-b2c1-4c6c-8e86-3e9074818db3
N010698,c2ffca2f-91e3-4dc6-bdca-635ade3c1648
N010699,4b97ce61-807c-4aae-b081-8093d9cfabc8
N010700,4b97ce61-807c-4aae-b081-8093d9cfabc8
N010701,58ec8c20-119e-4f0c-832c-53f2e17debaf
N010702,58ec8c20-119e-4f0c-832c-53f2e17debaf
N010703,be6c3efc-0ded-44e2-887a-74b28e779e9a
N010704,be6c3efc-0ded-44e2-887a-74b28e779e9a
N010705,be6c3efc-0ded-44e2-887a-74b28e779e9a
N010706,be6c3efc-0ded-44e2-887a-74b28e779e9a
N010707,33e60ba0-b806-45e5-ae89-740517ea3e88
N010708,84723359-4df8-425a-898e-7411671f4799
N010709,5d381eec-1fd8-42c3-b4c7-a838fde10c18
N010710,f6252b29-fc27-496b-a420-765de475286f
N010711,c8149c2e-21dc-4f87-bc2c-8571553473eb
N010712,c12ea75f-280b-47e6-b420-b00a48b7e9ac
N010713,b2f40f35-94fc-44e1-9e20-cdfd4a15cb07
N010714,f8ddd94b-e56b-4a18-a67d-bfb48e924e87
N010715,3c14d9e7-bc85-43f3-8761-9f7216f6b828
N010716,fc37deea-d552-4a59-94d5-edb4a62705a2
N010717,009ceb53-2f1f-4048-820a-b5c28c7447be
N010718,7fdededc-f4aa-42be-921d-e9c44c2efc36
N010719,790e1a21-f495-4264-95bd-852bdb2c96e5
N010720,790e1a21-f495-4264-95bd-852bdb2c96e5
N010721,d900cd39-c1d3-418d-9c09-941924519d77
N010722,1c56ce21-b55b-43af-b0a2-efb5ff459744
N010723,1886c25d-ee16-44ce-8eb4-8a3bb37f395f
N010724,eeadb8cb-cdfe-4277-ad3a-f18d2054bc28
N010725,e3b317d4-9b75-42a8-8694-2579ff8233eb
N010726,1230aabd-fa65-4a51-b06c-3ed3049e0478
N010727,1230aabd-fa65-4a51-b06c-3ed3049e0478
N010728,1230aabd-fa65-4a51-b06c-3ed3049e0478
N010729,1230aabd-fa65-4a51-b06c-3ed3049e0478
N010730,1230aabd-fa65-4a51-b06c-3ed3049e0478
N010731,1230aabd-fa65-4a51-b06c-3ed3049e0478
N010732,a3bdd7cb-3564-4c95-aafa-53402fb821ff
N010733,04aebd4b-32eb-4ce6-acfe-717e43df49b3
N010734,e4287b49-7563-4d35-90b0-20ba7a451b55
N010735,caf1fa47-304d-43a0-86fb-f82a252f02e4
N010736,16437648-e2a0-4714-9223-c2d0a7616d97
N010737,16437648-e2a0-4714-9223-c2d0a7616d97
N010738,00494ee0-e065-4fc0-8906-0f91e5cde647
N010739,d050834a-6d71-4662-a7db-e604d8de8fe4
N010740,4723bb2c-ee0f-4984-90b9-4eeb065ce9e6
N010741,4723bb2c-ee0f-4984-90b9-4eeb065ce9e6
N010742,56066f6a-0e2f-48a1-a22b-47898257a8a3
N010743,9f5150c4-2e6c-456d-9d7c-3d690dde1dec
N010744,3845dc6d-3c0a-417e-b9e0-21e7542aac13
N010745,2829aa5a-5123-472b-bb3c-1368dc64d7ab
N010746,ebcaf6de-0e11-4d14-bd0c-731fde66b003
N010747,ebcaf6de-0e11-4d14-bd0c-731fde66b003
N010748,54d1af65-64bd-46b7-a6a9-965a4195a24d
N010749,ebcaf6de-0e11-4d14-bd0c-731fde66b003
N010750,ebcaf6de-0e11-4d14-bd0c-731fde66b003
N010751,ebcaf6de-0e11-4d14-bd0c-731fde66b003
N010752,ebcaf6de-0e11-4d14-bd0c-731fde66b003
N010753,ebcaf6de-0e11-4d14-bd0c-731fde66b003
N010754,4bcff674-1083-47a1-9060-c063852fd276
N010755,bcaf37a3-a8a7-450b-92bb-a334f0f3fcec
N010756,192ddd60-a625-4ec5-83fd-fa0c1a137d2b
N010757,9d617696-83bd-47d2-85e8-9be059acbd53
N010758,b1177b25-a2ce-4662-a7d4-040a527ef1d9
N010759,f7b7c8a0-28d3-42c3-a752-898cf14cf91e
N010760,d12a87a3-3992-41dd-86f3-7dadc115c211
N010761,4d399309-74f8-46c8-a820-9bd1a25cc041
N010762,4d399309-74f8-46c8-a820-9bd1a25cc041
N010763,4d399309-74f8-46c8-a820-9bd1a25cc041
N010764,4d399309-74f8-46c8-a820-9bd1a25cc041
N010765,4d399309-74f8-46c8-a820-9bd1a25cc041
N010766,4d399309-74f8-46c8-a820-9bd1a25cc041
N010767,4d399309-74f8-46c8-a820-9bd1a25cc041
N010768,58a9a71d-8f5d-4d41-821d-1c3e15889dfc
N010769,b1e27e9e-0775-4450-b5b9-4f4a5fd99dd3
N010770,5b61defd-37b1-4b17-9487-b5d5152c20e7
N010771,63b81fab-fe9b-47a3-8feb-b9b87b356ee6
N010772,afd2560b-bbd5-4c6c-a398-1e63f4c7f3ac
N010773,bb600fdb-35bb-426e-9784-4426e3543842
N010774,1e5e0ac8-55fd-4b46-a293-cc0dbc037ae1
N010775,1e5e0ac8-55fd-4b46-a293-cc0dbc037ae1
N010776,5232a36a-e580-4d96-be22-1707dbf498c2
N010777,1e5e0ac8-55fd-4b46-a293-cc0dbc037ae1
N010778,76c9e8bd-fdc1-4c86-9300-124316bbde78
N010779,1e5e0ac8-55fd-4b46-a293-cc0dbc037ae1
N010780,1e5e0ac8-55fd-4b46-a293-cc0dbc037ae1
N010781,960dbcdc-c5c3-4829-802f-2b21333ef6c0
N010782,319b0d39-b30a-40c8-8569-564488291bd0
N010783,301f17b6-950d-440c-a3ef-6154bb1ede26
N010784,cc2e9e45-c15c-4cca-9ff9-67f5ec3eea41
N010785,c526edae-9c01-4393-8e06-9942f1fe4df9
N010786,d12a87a3-3992-41dd-86f3-7dadc115c211
N010787,d12a87a3-3992-41dd-86f3-7dadc115c211
N010788,c526edae-9c01-4393-8e06-9942f1fe4df9
N010789,c526edae-9c01-4393-8e06-9942f1fe4df9
N010790,96990af5-b9f4-43b8-8639-f26ac4ed78e4
N010791,2076cf1f-7648-43cb-89ce-9d5bcbd6c5c8
N010792,0c281a32-d474-40df-aac0-ee55bb867804
N010793,0c281a32-d474-40df-aac0-ee55bb867804
N010794,0c281a32-d474-40df-aac0-ee55bb867804
N010795,0c281a32-d474-40df-aac0-ee55bb867804
N010796,0c281a32-d474-40df-aac0-ee55bb867804
N010797,df431f3f-74df-4ceb-8e66-4de4aa98d8b8
N010798,0f5d58c6-f5dc-447c-ba4e-7387022111ca
N010799,1eded66a-c9ba-4d33-9ddc-cdddc496c614
N010800,1eded66a-c9ba-4d33-9ddc-cdddc496c614
N010801,1eded66a-c9ba-4d33-9ddc-cdddc496c614
N010802,0f5d58c6-f5dc-447c-ba4e-7387022111ca
N010803,1eded66a-c9ba-4d33-9ddc-cdddc496c614
N010804,1eded66a-c9ba-4d33-9ddc-cdddc496c614
N010805,e59ffc55-8fb7-4de7-aa80-eddf6a14ce95
N010806,50047208-4746-4c55-8dac-1e28c06fc439
N010807,16d86da2-f79f-46ff-8613-541db0e7ca35
N010808,62021f39-6014-442f-a6d5-6b37ce7de216
N010809,a7f82bc1-7892-465e-a05f-dc37e31e8591
N010810,a7f82bc1-7892-465e-a05f-dc37e31e8591
N010811,1c5922d0-864c-4438-937e-67da6f26d615
N010812,83a65f60-935f-41f4-99be-9533965bca11
N010813,5043325b-40a9-4ca1-8287-0925ecc3cfee
N010814,f8d7959a-6961-4aaf-94f9-d69df5d09c86
N010815,5d677047-c18b-4bc6-81d2-2cb169aa627f
N010816,5d677047-c18b-4bc6-81d2-2cb169aa627f
N010817,322f2c00-06af-45cd-a881-7fb4a26aa707
N010818,c93f9640-94d6-4e09-a4b2-d31ddafcaf4a
N010819,11190573-40fb-4c94-9250-f48ea8a0c8bd
N010820,78fd4bbf-7ed9-4e60-b801-25e3174f4d51
N010821,78fd4bbf-7ed9-4e60-b801-25e3174f4d51
N010822,78fd4bbf-7ed9-4e60-b801-25e3174f4d51
N010823,85a0d64a-70e1-46e1-a6a8-03e35749dd56
N010824,e4f058fd-6d47-44db-8ab3-9888dc4b00e7
N010825,f0b72610-4142-4933-9c61-fc8324e857e2
N010826,f0b72610-4142-4933-9c61-fc8324e857e2
N010827,3921a851-bce3-4b91-a22c-5356f74da113
N010828,7c337f9f-d057-494f-8d67-34ff45dc47b7
N010829,789cf5e0-f837-42ef-a7ad-b2d8ac55fb00
N010830,789cf5e0-f837-42ef-a7ad-b2d8ac55fb00
N010831,b6f44fd8-a9f9-41f7-a602-de091968995e
N010832,7bbd22a0-baf4-425f-bf62-3b786e6f8441
N010833,42d66285-1401-48be-8ff1-13ce80add659
N010834,7dc0e0d3-e51c-4133-9a03-cda33017d320
N010835,46c9fa21-4986-4f7f-a9c6-dccca931b844
N010836,46c9fa21-4986-4f7f-a9c6-dccca931b844
N010837,b1e27e9e-0775-4450-b5b9-4f4a5fd99dd3
N010838,98fb539b-e555-42a3-932b-68e8783ff788
N010839,311e2d5f-0006-4f7d-8bf5-f0f52b2171d1
N010840,98fb539b-e555-42a3-932b-68e8783ff788
N010841,98fb539b-e555-42a3-932b-68e8783ff788
N010842,db3d36f5-88ec-4035-8b99-028e31819c9e
N010843,bd34f385-3b20-40ff-8650-f66af16626c5
N010844,0c45e32c-827a-4358-9c8f-813e7c758fc7
N010845,cbe0bd4d-cb5a-486e-a4a5-9218704b5b1b
N010846,5ee4015e-693b-4224-aa5e-c3aaf5d816aa
N010847,5ee4015e-693b-4224-aa5e-c3aaf5d816aa
N010848,321d0071-3284-4282-b11b-a098469731e7
N010849,3874c1c1-8b31-402a-b638-b12eced8dcab
N010850,008c114a-933a-4636-8208-0f0cacf557d9
N010851,6928be4c-7be6-4abe-a74f-9da81f71a0df
N010852,0be31944-a04f-420e-8b66-c21fa55f7fa1
N010853,6928be4c-7be6-4abe-a74f-9da81f71a0df
N010854,6928be4c-7be6-4abe-a74f-9da81f71a0df
N010855,6928be4c-7be6-4abe-a74f-9da81f71a0df
N010856,6928be4c-7be6-4abe-a74f-9da81f71a0df
N010857,6928be4c-7be6-4abe-a74f-9da81f71a0df
N010858,9ba3a5b0-d126-4635-ae12-9267f7f33e37
N010859,34d628d3-0f7c-409a-8392-40aab8527744
N010860,e088e247-dbeb-4972-8de1-10d95dbdab7f
N010861,e088e247-dbeb-4972-8de1-10d95dbdab7f
N010862,dfeb693c-ba32-4d7a-a94e-1ed94bb0eb37
N010863,6228080c-c575-43f3-8a9a-805dfa8b3cbe
N010864,47512401-1be9-40a1-9b39-eec2fa7835b9
N010865,47512401-1be9-40a1-9b39-eec2fa7835b9
N010866,afd90a92-4a28-4231-9e63-9bfb68d6d554
N010867,afd90a92-4a28-4231-9e63-9bfb68d6d554
N010868,afd90a92-4a28-4231-9e63-9bfb68d6d554
N010869,6d4b9eca-8bb1-4102-a6c1-0f0d36b427e1
N010870,99cb7141-d578-40a6-8473-13b2af34c374
N010871,42d11448-deca-4528-8dc9-752e301ac6eb
N010872,89a5ffb0-5a45-4697-b86f-0c9c68acaa54
N010873,16a9a3a8-b30a-4cef-b08a-010483820ac0
N010874,6989753f-e19d-4adf-b476-48972e38ec78
N010875,6989753f-e19d-4adf-b476-48972e38ec78
N010876,9c6c73fe-c190-4df8-aadf-a1e585eeb2ec
N010877,b531a809-6ce4-44ff-bcc3-c92c216f434d
N010878,d96d0c1d-4e23-49c6-8471-eee8f7ffd0e0
N010879,578715a8-9007-4e97-8589-7ffe05109adc
N010880,0186c404-fcd6-46f3-a737-e700040ca6d3
N010881,0186c404-fcd6-46f3-a737-e700040ca6d3
N010882,e709f208-4a49-4dd0-87fc-4ed3cfde9434
N010883,5042c756-cae8-41a8-93a3-1f8bc79690a2
N010884,22507f0c-3b20-475a-b974-e06f0f4ecda1
N010885,f068d14d-d41b-48b9-a1db-b1822e0dbc90
N010886,5042c756-cae8-41a8-93a3-1f8bc79690a2
N010887,f068d14d-d41b-48b9-a1db-b1822e0dbc90
N010888,f068d14d-d41b-48b9-a1db-b1822e0dbc90
N010889,92967c59-23c5-4a07-affe-2f29088c2fc5
N010890,4b015982-3e16-4f1c-8eb1-6000d82e472b
N010891,eee08cb6-7c50-48ab-ae0b-76e6e269abca
N010892,edd5adb9-bdb2-4c1a-a28c-c0789d009625
N010893,43e41bbf-3222-4619-ab3d-ceb9d738f699
N010894,0f882339-f5ca-4ab1-9afd-84d4f1ea8cd8
N010895,97528120-5475-4c54-8ce2-c5527b096049
N010896,b1e27e9e-0775-4450-b5b9-4f4a5fd99dd3
N010897,97528120-5475-4c54-8ce2-c5527b096049
N010898,97528120-5475-4c54-8ce2-c5527b096049
N010899,97528120-5475-4c54-8ce2-c5527b096049
N010900,97528120-5475-4c54-8ce2-c5527b096049
N010901,76b67fb5-cb7d-492f-b1ac-441c49cb0b89
N010902,5a044854-7423-4667-b2f1-3f8f3d078749
N010903,4e541541-b905-45e9-b40e-c38ffade8ddb
N010904,c968369f-2fa9-4416-b028-a57c8ce77a4d
N010905,c968369f-2fa9-4416-b028-a57c8ce77a4d
N010906,4e541541-b905-45e9-b40e-c38ffade8ddb
N010907,e93a69ac-428c-4bbd-9f09-1a535ec76545
N010908,742c744e-9f31-4d87-8e89-bb4abc8e7109
N010909,9e301f95-1624-4fa9-a310-58659b591c49
N010910,9e301f95-1624-4fa9-a310-58659b591c49
N010911,0ffd7f4a-f5eb-4a45-95c4-3a969b2901d5
N010912,992eaaf6-67db-49f9-9010-bea0a5163121
N010913,0fb9c688-d8f1-496a-965f-f8d2aa0ae1d3
N010914,55dc8054-b078-4131-97be-0bac1091f60d
N010915,58a9a71d-8f5d-4d41-821d-1c3e15889dfc
N010916,f839a596-7717-47fe-bd0a-aa683906538f
N010917,15d89a70-82b4-4c16-8282-f617a869328b
N010918,15d89a70-82b4-4c16-8282-f617a869328b
N010919,27b7d599-54f2-4a71-bf80-de787f9414bf
N010920,27b7d599-54f2-4a71-bf80-de787f9414bf
N010921,864bb175-33a4-4989-8268-04cf013be116
N010922,87f9558f-2b75-4f16-8d54-04b9973fc909
N010923,cdb51ccb-236f-46b5-83c4-3a4470500863
N010924,8e3c7c3f-7315-48ba-96ab-fb518b23529d
N010925,8e3c7c3f-7315-48ba-96ab-fb518b23529d
N010926,8e3c7c3f-7315-48ba-96ab-fb518b23529d
N010927,8e3c7c3f-7315-48ba-96ab-fb518b23529d
N010928,fc4ac7b2-b86b-4770-8711-f507a0141632
N010929,56dd9789-cc63-47c0-bf4a-883eaee343d0
N010930,56dd9789-cc63-47c0-bf4a-883eaee343d0
N010931,56dd9789-cc63-47c0-bf4a-883eaee343d0
N010932,56dd9789-cc63-47c0-bf4a-883eaee343d0
N010933,56dd9789-cc63-47c0-bf4a-883eaee343d0
N010934,56dd9789-cc63-47c0-bf4a-883eaee343d0
N010935,3344f2d5-4177-4362-83ee-452fe648b8af
N010936,bbc8d528-3011-44fb-87a5-f4b01ff82b67
N010937,34bc71de-d58a-4b44-9af1-06c9993e00ac
N010938,623cd82c-69c1-43f0-a077-660fff5794a0
N010939,387b5a2f-a197-46da-be9b-cfd155e7a4d7
N010940,35f30214-ae0c-4400-8e16-c36219c0af8b
N010941,54317905-4a36-4af3-ae8f-da596dfd308b
N010942,54317905-4a36-4af3-ae8f-da596dfd308b
N010943,52f682c0-73d0-4606-94f2-74222dc48d05
N010944,a8d1463a-4b80-4e1d-9219-b2f92c6740b7
N010945,a8d1463a-4b80-4e1d-9219-b2f92c6740b7
N010946,36d08ba5-4e50-449b-a789-e0e451db2c4c
N010947,b9647b03-78a7-4dbf-906a-9368cab8d744
N010948,92ac1f46-d5d4-46a0-9527-20d41ea906c1
N010949,92ac1f46-d5d4-46a0-9527-20d41ea906c1
N010950,92c39169-92b5-49c3-a028-c134e793d05e
N010951,7e526726-6c37-4796-a869-ea2938052c01
N010952,be98d0c2-d8ba-494d-8acc-66b7d3f66e47
N010953,7e526726-6c37-4796-a869-ea2938052c01
N010954,7e526726-6c37-4796-a869-ea2938052c01
N010955,eee08cb6-7c50-48ab-ae0b-76e6e269abca
N010956,eee08cb6-7c50-48ab-ae0b-76e6e269abca
N010957,eee08cb6-7c50-48ab-ae0b-76e6e269abca
N010958,e1291662-4e50-4189-99ea-a72eacb61bce
N010959,f6358858-5641-486f-b05c-9fb0b2bfa587
N010960,bc7be898-2d66-480e-82be-bc2fca85e00c
N010961,c75827fd-6cb3-4237-b19c-9a6eaa27092e
N010962,3008c6df-8b4a-4436-bf3e-0869d7f8d46c
N010963,1eb27d9f-0cb4-438c-abfa-479b7d5a98d6
N010964,1eb27d9f-0cb4-438c-abfa-479b7d5a98d6
N010965,882bcd7b-de8d-4e9e-a939-52ff617acbb3
N010966,1eb27d9f-0cb4-438c-abfa-479b7d5a98d6
N010967,882bcd7b-de8d-4e9e-a939-52ff617acbb3
N010968,84becb2e-b04e-4508-8c5f-cab121c8a502
N010969,1b82c530-0485-40b2-b1d2-249c74d922f7
N010970,1b82c530-0485-40b2-b1d2-249c74d922f7
N010971,b5d67a92-786c-4d2c-9a66-bb66eea0564c
N010972,08533281-d3a5-4f6f-84ce-54a485b65aa2
N010973,08533281-d3a5-4f6f-84ce-54a485b65aa2
N010974,08533281-d3a5-4f6f-84ce-54a485b65aa2
N010975,08533281-d3a5-4f6f-84ce-54a485b65aa2
N010976,cf8d5085-2bdb-481d-8f69-fc05a1d09c4a
N010977,70651b08-5f0c-4e72-a7a1-e8ca70eadd54
N010978,9c36ce4b-dc26-4f0a-ae87-327c468bf284
N010979,5630bfb4-0e8d-4a36-bb74-e733de5e15cb
N010980,04ac9624-0966-4e79-b0fe-2e528d2e3817
N010981,312513fc-2614-4ef2-aea4-cfc2db08aa1e
N010982,f29936ac-e910-4e16-aeba-a5006a6533a7
N010983,f29936ac-e910-4e16-aeba-a5006a6533a7
N010984,f29936ac-e910-4e16-aeba-a5006a6533a7
N010985,f29936ac-e910-4e16-aeba-a5006a6533a7
N010986,f29936ac-e910-4e16-aeba-a5006a6533a7
N010987,ac6830f1-1738-45e2-b1c7-090813cd10a2
N010988,b94700fa-e835-45f6-8ed3-1f2744875c67
N010989,0f3303d5-2ba7-4770-a4e1-c41c023b9763
N010990,5630bfb4-0e8d-4a36-bb74-e733de5e15cb
N010991,bb3d9dff-b77c-4edf-9d57-88be5bf80f10
N010992,d1010d31-d545-4c22-b52f-aab0157c2cc8
N010993,39ccf07d-2b60-4550-878b-41bd8beeb306
N010994,e8031510-647b-4610-b7cc-6b8c6c614de5
N010995,bfc9deb9-2dbc-4f03-950b-d55ebb0b8b4d
N010996,a87658f4-4e8b-493c-b168-4485a997735c
N010997,aadcf3db-480b-43ea-a101-1757e60f5a7f
N010998,e0b8b248-6d22-482d-9826-3c44848c2ee3
N010999,5fa84106-695e-4b85-96ee-0616815e4c32
N011000,5fa84106-695e-4b85-96ee-0616815e4c32
N011001,97f16f00-663b-4888-b5a9-0e938d9e0742
N011002,4b2f61e1-3404-40a2-aa87-2a693b70b32b
N011003,4b2f61e1-3404-40a2-aa87-2a693b70b32b
N011004,5024c10d-891d-4b64-a379-a382dcd45f40
N011005,5024c10d-891d-4b64-a379-a382dcd45f40
N011006,46372294-df10-4caf-b2ce-419a3966ee5a
N011007,9452d7ac-c791-4c9a-b59a-44e781ea1b04
N011008,f6543742-f885-4425-b80a-739c073ad4a3
N011009,cdd12816-b9e5-4d5c-8fe9-7837d925e265
N011010,07a07221-0ac0-4964-8bb9-8919f2e687b1
N011011,4bad3b5e-b547-4a81-961c-1fb3d1bacdcd
N011012,f65b9fbe-4f61-4e47-922c-07e9948a6da3
N011013,e26b1fed-7d22-4914-a417-267482391949
N011014,f585a61d-9ed4-41c5-a008-8afb175f3029
N011015,8df4b04d-a7d2-4703-a281-3329ccfe77fc
N011016,de2fdd36-dc08-4532-847c-eee76a76d668
N011017,332811dd-c7eb-49bf-82d2-33b3ef6c1f5b
N011018,fc3a68cb-e049-436e-82cb-7faa7000ceb4
N011019,77a8eaed-4468-4319-85d9-d87003508809
N011020,fc3a68cb-e049-436e-82cb-7faa7000ceb4
N011021,082fb5ad-1166-4e73-ac58-ab2e7e0115e6
N011022,67310883-977f-48f7-824e-331f91c50686
N011023,e380da5e-e05d-4a87-8b36-f8a14624d36e
N011024,0abbef73-c9a3-482a-8354-77bcb0eb90f5
N011025,3261999f-0a9e-4d8a-9770-4ad6d9886bf2
N011026,3261999f-0a9e-4d8a-9770-4ad6d9886bf2
N011027,4b15b9bc-380f-49a7-a10f-cf335e932463
N011028,58a9a71d-8f5d-4d41-821d-1c3e15889dfc
N011029,5630bfb4-0e8d-4a36-bb74-e733de5e15cb
N011030,fc627347-dc0c-4ca4-a111-3b5239c6ec10
N011031,981e0492-6dae-4d3b-b9ee-9c46b9825643
N011032,51af24f0-6a96-4bcd-97f4-6cc6829888a1
N011033,57fbec90-a81b-4d75-8687-8c81ae311553
N011034,c45f8e39-1774-4155-9a30-2980123e93db
N011035,57fbec90-a81b-4d75-8687-8c81ae311553
N011036,c45f8e39-1774-4155-9a30-2980123e93db
N011037,3514b6d1-980d-4f57-b65b-1ed7bb8dfa91
N011038,eee08cb6-7c50-48ab-ae0b-76e6e269abca
N011039,3514b6d1-980d-4f57-b65b-1ed7bb8dfa91
N011040,9a4bfcf7-ae94-4755-95b4-51a886ffa416
N011041,58a9a71d-8f5d-4d41-821d-1c3e15889dfc
N011042,082812f0-e0d2-408d-aab1-0ea5331ce7fb
N011043,58a9a71d-8f5d-4d41-821d-1c3e15889dfc
N011044,082812f0-e0d2-408d-aab1-0ea5331ce7fb
N011045,082812f0-e0d2-408d-aab1-0ea5331ce7fb
N011046,082812f0-e0d2-408d-aab1-0ea5331ce7fb
N011047,082812f0-e0d2-408d-aab1-0ea5331ce7fb
N011048,082812f0-e0d2-408d-aab1-0ea5331ce7fb
N011049,082812f0-e0d2-408d-aab1-0ea5331ce7fb
N011050,50015bdf-d7b6-4454-bc6f-b942581785f7
N011051,50015bdf-d7b6-4454-bc6f-b942581785f7
N011052,50015bdf-d7b6-4454-bc6f-b942581785f7
N011053,becabcbe-691a-4245-9319-0000695f4ca7
N011054,8a84f7bb-e485-430d-8dda-9edb93e66a5e
N011055,b23874eb-7a4c-46e3-9534-bb7641128a1e
N011056,8a84f7bb-e485-430d-8dda-9edb93e66a5e
N011057,24047b46-4c9c-4580-bd28-c589da3f90a1
N011058,7374358d-86c7-4eba-afb5-81d2a77120e2
N011059,8f93c56d-894f-4fef-8a51-383c744f275d
N011060,d12a87a3-3992-41dd-86f3-7dadc115c211
N011061,8f93c56d-894f-4fef-8a51-383c744f275d
N011062,d12a87a3-3992-41dd-86f3-7dadc115c211
N011063,968cc925-010d-4c27-a184-d0097e3716f6
N011064,bc4c0404-c9dc-4cee-bb4a-96226dc0b7f3
N011065,968cc925-010d-4c27-a184-d0097e3716f6
N011066,968cc925-010d-4c27-a184-d0097e3716f6
N011067,968cc925-010d-4c27-a184-d0097e3716f6
N011068,527907c7-89f1-4559-9368-1a6949c33ad6
N011069,bdea5d5b-ff41-41cd-8826-b3a6a8fa703a
N011070,aa0d4436-cc73-4832-b4aa-83cbd4b735f2
N011071,977e0645-9b32-491f-b31f-a4c9b7b9ec78
N011072,f4d79dfc-b2da-4c97-9307-32e8700740a2
N011073,f4d79dfc-b2da-4c97-9307-32e8700740a2
N011074,9e51389f-c9e8-4b39-87cf-beab4dabbc96
N011075,303ba112-783e-40d8-a95b-6c47ea9b7d9a
N011076,f831a404-98ab-4988-b082-016d254b49a9
N011077,303ba112-783e-40d8-a95b-6c47ea9b7d9a
N011078,303ba112-783e-40d8-a95b-6c47ea9b7d9a
N011079,d12a87a3-3992-41dd-86f3-7dadc115c211
N011080,9af6d400-68e5-4dcf-9111-93172b99d9c6
N011081,0fb9c688-d8f1-496a-965f-f8d2aa0ae1d3
N011082,9af6d400-68e5-4dcf-9111-93172b99d9c6
N011083,0fb9c688-d8f1-496a-965f-f8d2aa0ae1d3
N011084,9429af80-4ec7-432f-8ce4-eeacc949b104
N011085,9af6d400-68e5-4dcf-9111-93172b99d9c6
N011086,9429af80-4ec7-432f-8ce4-eeacc949b104
N011087,9af6d400-68e5-4dcf-9111-93172b99d9c6
N011088,74456b4f-bd2c-4572-a6cc-6cb71ca53bc1
N011089,9cb9863d-9c12-4de2-a25f-a380d1ad376b
N011090,e8eb94cd-f9e3-4d8c-aaff-a5fbba97ed61
N011091,01f626da-32bc-4944-951a-92260b4e8b77
N011092,91423b8f-5bc6-4f4c-982b-c52588833558
N011093,67c19e6e-3664-4bce-8e63-837f454ae18a
N011094,91423b8f-5bc6-4f4c-982b-c52588833558
N011095,91423b8f-5bc6-4f4c-982b-c52588833558
N011096,94b4411e-0bc3-47a4-819d-c025f1f8ac38
N011097,1e5b772d-316e-4da0-abca-f008ddeba1e8
N011098,cff98d00-7615-4cea-b7e4-e12a678f89c4
N011099,cff98d00-7615-4cea-b7e4-e12a678f89c4
N011100,67261175-b64f-436b-879d-f4c4d52201b4
N011101,ebb59b09-cfd8-4499-b8f9-c82ffeeed1e4
N011102,82d8667b-c955-424c-b07c-cfdd7565f666
N011103,812b4145-6b04-4ebd-b9da-de4c2e287ac8
N011104,992eaaf6-67db-49f9-9010-bea0a5163121
N011105,980b6cd8-9f90-4678-b0c8-fe01f37ab569
N011106,f0dbe2f8-db61-4517-8271-acd07c3fa00b
N011107,f0dbe2f8-db61-4517-8271-acd07c3fa00b
N011108,78115346-ea6c-4e09-ad60-8f9d1d2bf0ed
N011109,78115346-ea6c-4e09-ad60-8f9d1d2bf0ed
N011110,f0dbe2f8-db61-4517-8271-acd07c3fa00b
N011111,b9f295d6-53a9-4be6-acbe-8443386b0ca5
N011112,ab896a85-c353-4734-a44d-96ce5fac62da
N011113,ab896a85-c353-4734-a44d-96ce5fac62da
N011114,c200ec8a-0732-44ea-83cb-fe82e577b0ce
N011115,f29ddbd2-f800-40be-8fd5-87c2b5894bd9
N011116,27b8ac49-8e50-4f87-8d15-1992151289c9
N011117,27b8ac49-8e50-4f87-8d15-1992151289c9
N011118,121a4e82-7fc1-4c67-8f59-a4dc30665fea
N011119,121a4e82-7fc1-4c67-8f59-a4dc30665fea
N011120,e301d911-07c0-4ef0-96f8-648dfa6af809
N011121,c2626136-fe06-4a3a-a69f-1dfb037bee5c
N011122,71ff79d2-a35d-4273-b649-37f6a660939e
N011123,27fbca49-d4aa-4c17-b4fa-d304160d2592
N011124,804dc692-00f7-4957-b636-fee29994ea8a
N011125,f585a61d-9ed4-41c5-a008-8afb175f3029
N011126,09aef43b-20d7-43fb-87ab-74190aadeee9
N011127,09aef43b-20d7-43fb-87ab-74190aadeee9
N011128,09aef43b-20d7-43fb-87ab-74190aadeee9
N011129,09aef43b-20d7-43fb-87ab-74190aadeee9
N011130,8f03ec57-9a00-4bd0-80b6-3ec03536891f
N011131,97ad1ae3-1b28-4c31-9107-80196f8e90be
N011132,2717bcf6-b308-4346-b6b9-47af1718ba5f
N011133,8e6a479d-f26c-496f-abfc-ccb813b7f2fc
N011134,0aeb131a-9b15-4c2c-8193-38a3a6f77b1b
N011135,0aeb131a-9b15-4c2c-8193-38a3a6f77b1b
N011136,5875cdff-ebeb-41b6-800d-51933c78db70
N011137,6aba7b15-3862-4757-8171-2b8e2239d937
N011138,ff1897e9-f202-40f7-b877-abb65e00f5ae
N011139,cda6c81c-3986-45e0-bd85-61dcc5b27dbd
N011140,a764d720-a72d-4117-8cf0-d6e984dd661f
N011141,a764d720-a72d-4117-8cf0-d6e984dd661f
N011142,a764d720-a72d-4117-8cf0-d6e984dd661f
N011143,ab593399-1779-4e5b-b816-04599c5fe599
N011144,207a9df1-0b74-4de8-9d1a-1f3528522bfe
N011145,207a9df1-0b74-4de8-9d1a-1f3528522bfe
N011146,5630bfb4-0e8d-4a36-bb74-e733de5e15cb
N011147,207a9df1-0b74-4de8-9d1a-1f3528522bfe
N011148,207a9df1-0b74-4de8-9d1a-1f3528522bfe
N011149,207a9df1-0b74-4de8-9d1a-1f3528522bfe
N011150,207a9df1-0b74-4de8-9d1a-1f3528522bfe
N011151,207a9df1-0b74-4de8-9d1a-1f3528522bfe
N011152,207a9df1-0b74-4de8-9d1a-1f3528522bfe
N011153,edb3b0eb-0fca-4a3d-a51e-7f183c530886
N011154,a6043a62-cf8f-48bd-bcd3-c25abbeb26fe
N011155,e9ee9d56-38ff-437f-b050-1143c7a50788
N011156,a6043a62-cf8f-48bd-bcd3-c25abbeb26fe
N011157,952553d0-2a9e-4290-bd60-59a3a8c8f261
N011158,d724a204-8711-40f8-9029-64b98b8cd5d2
N011159,d724a204-8711-40f8-9029-64b98b8cd5d2
N011160,d724a204-8711-40f8-9029-64b98b8cd5d2
N011161,3263af18-b93a-40b3-bf3f-6973e3d87c08
N011162,f18a4aec-7cda-444e-9d47-aa40634fec7c
N011163,3263af18-b93a-40b3-bf3f-6973e3d87c08
N011164,3263af18-b93a-40b3-bf3f-6973e3d87c08
N011165,a2fe3105-ccf0-4602-b08a-588c2dd1cb7a
N011166,3008d601-1d9d-4d3c-83b6-b6df1193fde8
N011167,f18c4a74-68dc-440d-a6af-4c42e22c8fd6
N011168,313071db-253f-43c8-883f-c2fa32b4ba25
N011169,313071db-253f-43c8-883f-c2fa32b4ba25
N011170,313071db-253f-43c8-883f-c2fa32b4ba25
N011171,9bf59b31-c0cf-414d-bc8c-62fb90c067a3
N011172,9bf59b31-c0cf-414d-bc8c-62fb90c067a3
N011173,9bf59b31-c0cf-414d-bc8c-62fb90c067a3
N011174,9bf59b31-c0cf-414d-bc8c-62fb90c067a3
N011175,9bf59b31-c0cf-414d-bc8c-62fb90c067a3
N011176,b1e27e9e-0775-4450-b5b9-4f4a5fd99dd3
N011177,50366ff3-6754-4355-9774-decc19dd1e47
N011178,0fb9c688-d8f1-496a-965f-f8d2aa0ae1d3
N011179,76862a18-9211-41cd-b56b-538b8504780a
N011180,8ee46b68-f9a9-4a60-be10-3e6ffb4fe23e
N011181,5f2aae9f-fc40-4480-a3b7-ce94a8737de7
N011182,e83d00f5-bf84-4adf-9367-abbbd77c5c0d
N011183,654dbab1-1113-4e9b-8f1e-791ef6f26718
N011184,e351df60-74cf-4097-aa72-6c40889f9e71
N011185,e351df60-74cf-4097-aa72-6c40889f9e71
N011186,2aab684e-2e30-48e8-805f-6ca9c2279879
N011187,02c8e83b-e5f4-4f20-bcf6-369065cca3bf
N011188,b8fbcf17-6496-483b-b462-9ae8430c18d9
N011189,fdb443f2-91b7-42aa-911b-f7a81e876561
N011190,fdb443f2-91b7-42aa-911b-f7a81e876561
N011191,c12ea75f-280b-47e6-b420-b00a48b7e9ac
N011192,c12ea75f-280b-47e6-b420-b00a48b7e9ac
N011193,b9a35ef6-c987-48a7-a0e6-2b39dad03670
N011194,24fb4692-00a3-4454-9893-bb2747788f65
N011195,6afc23d5-16a2-4ac8-bc67-59c3f300c170
N011196,e06f932b-e7a5-40a3-9d57-0f8976a0bc09
N011197,e06f932b-e7a5-40a3-9d57-0f8976a0bc09
N011198,e06f932b-e7a5-40a3-9d57-0f8976a0bc09
N011199,e06f932b-e7a5-40a3-9d57-0f8976a0bc09
N011200,503fc6df-6ac3-45e9-81c0-a58afc33f71f
N011201,86d08d23-90be-412d-9647-bd614460398c
N011202,51a05e44-8e98-421a-b717-0be0ec74ac54
N011203,74f791ce-1999-464c-bfa8-fc1b43aaf200
N011204,74f791ce-1999-464c-bfa8-fc1b43aaf200
N011205,42805570-3a39-4a60-ab5d-27cee4b24e58
N011206,fa96c21e-30ae-4f37-97ed-95a48d58b465
N011207,376b99e2-e5d7-444e-a56d-0fdb42f0da9d
N011208,5e6b7f9c-b429-4d77-9864-911876a5bb03
N011209,f6fe5f41-8d0d-444b-bf8f-8d78bb2d2d9f
N011210,5981a879-828a-484d-875c-f7699214bcca
N011211,5981a879-828a-484d-875c-f7699214bcca
N011212,5981a879-828a-484d-875c-f7699214bcca
N011213,8f759824-7ecc-4b23-be2a-06aa96a4612d
N011214,59726229-1ed0-451d-97d1-bdde0b081a4b
N011215,59726229-1ed0-451d-97d1-bdde0b081a4b
N011216,5630bfb4-0e8d-4a36-bb74-e733de5e15cb
N011217,d52fab53-4dd8-4900-95ed-782c53458693
N011218,d52fab53-4dd8-4900-95ed-782c53458693
N011219,d52fab53-4dd8-4900-95ed-782c53458693
N011220,d52fab53-4dd8-4900-95ed-782c53458693
N011221,d4290145-0bb6-4df4-a785-f153baa95652
N011222,d4290145-0bb6-4df4-a785-f153baa95652
N011223,2f90de9b-4470-49e1-80dc-d634185c1ded
N011224,0b77f6e9-5636-4e7e-a949-609c17f24136
N011225,f0191d42-d746-48d7-a18e-ac96ac9853cc
N011226,f0191d42-d746-48d7-a18e-ac96ac9853cc
N011227,3a139c6c-216d-42ba-a957-6c67dbf4a675
N011228,f0191d42-d746-48d7-a18e-ac96ac9853cc
N011229,13b0da75-d2bf-4f7b-8409-13608034438f
N011230,4c5d17c1-ae77-4aa2-bf0a-66437d025c22
N011231,5446cd95-d4be-4ce1-a009-89f911cd8adf
N011232,46e68515-ee13-458c-bb2e-33b5202f67d1
N011233,46e68515-ee13-458c-bb2e-33b5202f67d1
N011234,b9c15e08-9add-4365-8e00-eaa5fd596e4f
N011235,e014962c-f5f4-459d-a3cf-430a7d0d1b8c
N011236,1695ada2-bc23-44a0-b339-d2f053362438
N011237,d7f71961-a045-47e3-8c33-673694fb7271
N011238,ce76d8ee-6569-4aac-ae3d-17489e8d52c5
N011239,cac5bb37-87b9-4409-8003-f2fe960e23ca
N011240,53cb905e-7d54-4e41-a519-b3d0d11f44ee
N011241,53cb905e-7d54-4e41-a519-b3d0d11f44ee
N011242,53cb905e-7d54-4e41-a519-b3d0d11f44ee
N011243,3e3cb44f-55e7-4206-a649-9338268ef403
N011244,a9c17903-887a-416f-b90a-4f76126fac29
N011245,e1e6fc61-1610-4ade-b697-1d68c60e7013
N011246,a9c17903-887a-416f-b90a-4f76126fac29
N011247,a9c17903-887a-416f-b90a-4f76126fac29
N011248,a9c17903-887a-416f-b90a-4f76126fac29
N011249,94a7d28e-8248-4487-a890-68ac43229e5c
N011250,ab0b2ff7-d930-4e88-8183-44747af7e21c
N011251,7e3eb2af-44b6-4d7e-80d7-8eba98effe83
N011252,adb04a59-ae88-4616-b781-810ea2f99328
N011253,adb04a59-ae88-4616-b781-810ea2f99328
N011254,7e3eb2af-44b6-4d7e-80d7-8eba98effe83
N011255,0e20867e-3b7f-4a78-8f3b-5500173bffa4
N011256,9430ad9f-4f57-483b-829b-6f25afac051e
N011257,9430ad9f-4f57-483b-829b-6f25afac051e
N011258,226b70c9-5504-4efd-9f10-d61c41336242
N011259,9430ad9f-4f57-483b-829b-6f25afac051e
N011260,bb9e1ce9-2acc-40d8-99dd-92c1e6d34853
N011261,bb9e1ce9-2acc-40d8-99dd-92c1e6d34853
N011262,bb9e1ce9-2acc-40d8-99dd-92c1e6d34853
N011263,bb9e1ce9-2acc-40d8-99dd-92c1e6d34853
N011264,bb9e1ce9-2acc-40d8-99dd-92c1e6d34853
N011265,ab397174-3330-4dad-8a43-6c1236e8d31a
N011266,292844d9-081c-4e88-9137-6d3de2544742
N011267,292844d9-081c-4e88-9137-6d3de2544742
N011268,d12a87a3-3992-41dd-86f3-7dadc115c211
N011269,d12a87a3-3992-41dd-86f3-7dadc115c211
N011270,292844d9-081c-4e88-9137-6d3de2544742
N011271,ebacf6da-f104-492e-892d-2980e313775f
N011272,c5802387-84c3-45d2-967a-058ed0ea2198
N011273,43f58596-babb-4faf-8511-304b438f0cc4
N011274,fe3fa273-90c9-4de8-8411-beaa85fbfd87
N011275,fe3fa273-90c9-4de8-8411-beaa85fbfd87
N011276,1868859d-6b8a-4aba-a4de-12e3aba4ff07
N011277,6cfa13a4-2554-47bb-beed-06cb3e9721ad
N011278,6cfa13a4-2554-47bb-beed-06cb3e9721ad
N011279,6cfa13a4-2554-47bb-beed-06cb3e9721ad
N011280,6cfa13a4-2554-47bb-beed-06cb3e9721ad
N011281,4c6e629b-678d-44b2-ad4c-1b3f97dce729
N011282,4c6e629b-678d-44b2-ad4c-1b3f97dce729
N011283,421d69f4-1552-4e5c-be41-1cec04e01af7
N011284,421d69f4-1552-4e5c-be41-1cec04e01af7
N011285,421d69f4-1552-4e5c-be41-1cec04e01af7
N011286,123a96d8-cd75-4473-bd13-ba7b8e6c3ef3
N011287,d12a87a3-3992-41dd-86f3-7dadc115c211
N011288,ee5597f3-0e9c-4fea-8ab9-7270c6196efc
N011289,830b2eab-c1df-40a3-8af7-d7063503dbde
N011290,7326691e-4a19-479d-a649-cbd2c9ec57b3
N011291,7326691e-4a19-479d-a649-cbd2c9ec57b3
N011292,7326691e-4a19-479d-a649-cbd2c9ec57b3
N011293,7326691e-4a19-479d-a649-cbd2c9ec57b3
N011294,593c845f-eab6-4927-94ac-f5ebeb27f2aa
N011295,593c845f-eab6-4927-94ac-f5ebeb27f2aa
N011296,0f94da95-f1fe-4009-885e-c1299995115c
N011297,f585a61d-9ed4-41c5-a008-8afb175f3029
N011298,0f94da95-f1fe-4009-885e-c1299995115c
N011299,0f94da95-f1fe-4009-885e-c1299995115c
N011300,0f94da95-f1fe-4009-885e-c1299995115c
N011301,0f94da95-f1fe-4009-885e-c1299995115c
N011302,787cdcab-06df-4378-aaed-a35d4cca7338
N011303,787cdcab-06df-4378-aaed-a35d4cca7338
N011304,787cdcab-06df-4378-aaed-a35d4cca7338
N011305,787cdcab-06df-4378-aaed-a35d4cca7338
N011306,8b5f4ba6-2252-4163-ba3f-93e0a5fb0a15
N011307,787cdcab-06df-4378-aaed-a35d4cca7338
N011308,8b5f4ba6-2252-4163-ba3f-93e0a5fb0a15
N011309,787cdcab-06df-4378-aaed-a35d4cca7338
N011310,787cdcab-06df-4378-aaed-a35d4cca7338
N011311,58b2c7f0-a89d-4909-9041-c67cfc0f32d0
N011312,0d013764-11ba-479c-b659-3045d5dd3665
N011313,0d013764-11ba-479c-b659-3045d5dd3665
N011314,e716f9bd-c8dd-4c50-a032-46180976397f
N011315,01782197-18dd-4765-ab8d-c03c2de6dddc
N011316,16e13ad4-005f-4a90-a5f0-9b2a47342db8
N011317,16e13ad4-005f-4a90-a5f0-9b2a47342db8
N011318,16e13ad4-005f-4a90-a5f0-9b2a47342db8
N011319,16e13ad4-005f-4a90-a5f0-9b2a47342db8
N011320,16e13ad4-005f-4a90-a5f0-9b2a47342db8
N011321,9035e93f-9162-4c1f-90d2-91af7f03a005
N011322,b08638d8-96eb-430b-b3ec-aa7376826c00
N011323,02b86762-f3e5-493a-b662-c6d2854d8be9
N011324,46260efc-67c4-44a4-82ff-5822ca0f9349
N011325,5df71d38-ade5-45bc-9c3a-dc5fd0c7c959
N011326,5c562e81-e94a-4ea9-977f-11d9adb1b83d
N011327,f556bab1-4118-481b-87d8-3093b1fb0988
N011328,27f36eb9-03fa-4c34-b5c4-b145f8754f4d
N011329,81cfd4db-8a49-4ecd-80ca-c6fdc7737bfc
N011330,27f36eb9-03fa-4c34-b5c4-b145f8754f4d
N011331,2e1c48ef-1dba-4891-a8e8-8dd4b536816b
N011332,097d374c-2c43-4c50-a78c-cc05fe49cd81
N011333,58a9a71d-8f5d-4d41-821d-1c3e15889dfc
N011334,58a9a71d-8f5d-4d41-821d-1c3e15889dfc
N011335,9bff9086-c911-41f7-8fa4-0dcff9d5e443
N011336,58a9a71d-8f5d-4d41-821d-1c3e15889dfc
N011337,484988ca-56a4-4cc5-8c75-597d5c0c7043
N011338,d12a87a3-3992-41dd-86f3-7dadc115c211
N011339,6122fb15-fa14-4d20-aad3-dac4ac8df6a4
N011340,6c02dfc9-8391-4dca-b92a-2ca4cb453aa2
N011341,32ee2896-280c-42b0-948e-fd189bb691be
N011342,7497f270-b5cb-4242-8273-3eff1673deb9
N011343,992eaaf6-67db-49f9-9010-bea0a5163121
N011344,b780ac1c-cafa-496e-b5d0-6f545a836256
N011345,b780ac1c-cafa-496e-b5d0-6f545a836256
N011346,b06d51eb-5e1b-4fa9-8e71-202b6f89b741
N011347,93a3e798-8069-4f91-8abd-27c9f2206c6f
N011348,f585a61d-9ed4-41c5-a008-8afb175f3029
N011349,157a9149-98e6-4679-9ca7-f63f423101a5
N011350,157a9149-98e6-4679-9ca7-f63f423101a5
N011351,84e490a9-8f55-4ac2-ab9b-4a9ea6390394
N011352,f7c3bc44-44c9-4712-83ab-8cc7facb1974
N011353,f7c3bc44-44c9-4712-83ab-8cc7facb1974
N011354,bd8da1fb-3dee-4ef2-b284-cc87a38bf73f
N011355,f6fd22ce-f1de-4b2b-af46-1574e632b1ac
N011356,e799d138-523b-40b9-a643-f44eb21ce4ba
N011357,d12a87a3-3992-41dd-86f3-7dadc115c211
N011358,eda00511-118a-475e-a4f8-34277c58cd3c
N011359,f987ae86-31e8-4b51-9163-cc303cfecc7a
N011360,80bca28f-94a4-4738-8b0c-c820b65d03e5
N011361,d4bca264-097f-4f9f-8768-3ecf1905418f
N011362,0b210bd0-8c57-4752-9d98-190c35298903
N011363,0b210bd0-8c57-4752-9d98-190c35298903
N011364,0b210bd0-8c57-4752-9d98-190c35298903
N011365,42e6d793-2765-4131-9bc4-4ab3140fb490
N011366,d4d2176e-a9eb-48b4-891b-8808ec6a52c6
N011367,d4d2176e-a9eb-48b4-891b-8808ec6a52c6
N011368,08948a1f-7e5b-485d-93b3-a301a196a525
N011369,08948a1f-7e5b-485d-93b3-a301a196a525
N011370,0f8d3014-0e4b-4a4c-86dc-7b1c50808130
N011371,08948a1f-7e5b-485d-93b3-a301a196a525
N011372,30090fcb-cddf-4e38-9fa9-1d98cda396ad
N011373,eaf94ef1-425e-49c6-83f5-fa4ea6f8f69b
N011374,d50dc98c-5f9a-4d3f-8612-cbe32a1d99ee
N011375,96b20aac-3063-47b3-9fbb-e7866c4f198b
N011376,580c72d4-bb75-443e-a9b9-17e0cdebbf40
N011377,3d0c7d45-b85e-4e5f-9edd-df62b7731c94
N011378,11f980ed-1145-4ccb-821b-7cbc19077f6e
N011379,58a9a71d-8f5d-4d41-821d-1c3e15889dfc
N011380,1c283a97-aba9-4aba-b482-6c055844d65e
N011381,641464d4-9e75-4e27-b0ea-2026f1b1cd7e
N011382,47310335-d286-4dcf-b122-5ad7e83e1019
N011383,47310335-d286-4dcf-b122-5ad7e83e1019
N011384,641464d4-9e75-4e27-b0ea-2026f1b1cd7e
N011385,641464d4-9e75-4e27-b0ea-2026f1b1cd7e
N011386,641464d4-9e75-4e27-b0ea-2026f1b1cd7e
N011387,641464d4-9e75-4e27-b0ea-2026f1b1cd7e
N011388,54d0a928-5e99-4682-b214-90569cc18d80
N011389,861b1faf-69fd-4c3d-a3fc-2aef144aed89
N011390,23576ab2-0bcd-4380-ba47-4ff55eed7668
N011391,23576ab2-0bcd-4380-ba47-4ff55eed7668
N011392,2689d4e1-879f-41a6-b6b4-1462adbdcba9
N011393,8b9847a6-2004-4e19-adc7-284bf0f5e437
N011394,8b9847a6-2004-4e19-adc7-284bf0f5e437
N011395,b79e05cb-fa40-4b70-b023-63fa24718fe5
N011396,c423aadf-5e35-46f1-9e2a-c25f8d6afa4c
N011397,b66a6067-82dd-40b4-9570-75da5e73f065
N011398,12fcd036-7bc8-484a-a4bf-bd0a30e0f52c
N011399,60776e18-7479-4e07-91d9-f4a560758683
N011400,60776e18-7479-4e07-91d9-f4a560758683
N011401,60776e18-7479-4e07-91d9-f4a560758683
N011402,60776e18-7479-4e07-91d9-f4a560758683
N011403,60776e18-7479-4e07-91d9-f4a560758683
N011404,0725cfe9-1d31-4a70-87ea-1a503b73f400
N011405,7bbf559b-e414-44ef-9613-befc589561db
N011406,3f9ebf2d-de73-4cff-91ec-91a0b4981738
N011407,af2c1f24-8f8f-4373-9365-78933ba2df2f
N011408,af2c1f24-8f8f-4373-9365-78933ba2df2f
N011409,1a023953-b9e4-4c87-a486-a9a202e4de6c
N011410,1a023953-b9e4-4c87-a486-a9a202e4de6c
N011411,af2c1f24-8f8f-4373-9365-78933ba2df2f
N011412,1a023953-b9e4-4c87-a486-a9a202e4de6c
N011413,552fe93a-b02a-4d11-9222-aa9ef48cc212
N011414,aef64767-3ec6-4a78-9f1a-aaa4feb83634
N011415,7f7c0a97-e907-43e1-a9c2-dffeef17d9e1
N011416,7f7c0a97-e907-43e1-a9c2-dffeef17d9e1
N011417,7f7c0a97-e907-43e1-a9c2-dffeef17d9e1
N011418,25d76723-5214-4c41-9c10-b818e891fb9d
N011419,01be16b6-2923-4b4c-adf5-c96c84dfe001
N011420,01be16b6-2923-4b4c-adf5-c96c84dfe001
N011421,f25bcafb-58e0-487d-9736-9363de60b6df
N011422,aa727140-65f8-443b-8285-fda48a7fa263
N011423,aa727140-65f8-443b-8285-fda48a7fa263
N011424,aa727140-65f8-443b-8285-fda48a7fa263
N011425,aa727140-65f8-443b-8285-fda48a7fa263
N011426,01be16b6-2923-4b4c-adf5-c96c84dfe001
N011427,aa727140-65f8-443b-8285-fda48a7fa263
N011428,79fe4d77-cb25-4fe3-b835-47c2f841d0c9
N011429,450087c0-13d0-431d-8603-08637d4143ee
N011430,d6540bb1-56bb-451d-ae57-7717b0582b80
N011431,450087c0-13d0-431d-8603-08637d4143ee
N011432,450087c0-13d0-431d-8603-08637d4143ee
N011433,d6540bb1-56bb-451d-ae57-7717b0582b80
N011434,450087c0-13d0-431d-8603-08637d4143ee
N011435,d6540bb1-56bb-451d-ae57-7717b0582b80
N011436,450087c0-13d0-431d-8603-08637d4143ee
N011437,450087c0-13d0-431d-8603-08637d4143ee
N011438,8a69129a-11ec-4cd7-83d5-6a20c599f3f5
N011439,8a69129a-11ec-4cd7-83d5-6a20c599f3f5
N011440,8a69129a-11ec-4cd7-83d5-6a20c599f3f5
N011441,14dbad35-dbfd-4d50-9efd-077e4865d002
N011442,aa639af5-28e7-4519-9f1b-8b98466c692c
N011443,14dbad35-dbfd-4d50-9efd-077e4865d002
N011444,aa639af5-28e7-4519-9f1b-8b98466c692c
N011445,14dbad35-dbfd-4d50-9efd-077e4865d002
N011446,742c03f9-9ba9-4f4c-b036-9d03c7cbaad8
N011447,5cf7b193-825e-4a0a-9735-f5a7c690a513
N011448,5d8f7a89-7896-46f9-94c4-93bfd63a62a5
N011449,8d889917-2fae-4969-a734-91d1e1cc2cd4
N011450,22ee11dd-079d-4c83-9819-c80960a72229
N011451,b5cd808a-9fd7-4e05-b89f-2f30b59a893c
N011452,22ee11dd-079d-4c83-9819-c80960a72229
N011453,22ee11dd-079d-4c83-9819-c80960a72229
N011454,89067869-6424-48ee-bbc0-875fd2b2b9cd
N011455,0684c57a-582d-4a37-aa0b-b2a29719b0e2
N011456,352a7119-8a28-420e-8519-4052afdbb07f
N011457,352a7119-8a28-420e-8519-4052afdbb07f
N011458,0684c57a-582d-4a37-aa0b-b2a29719b0e2
N011459,a4c69002-93a8-4865-a30f-434fa0e6dd0e
N011460,2df03201-1e54-420c-ba36-a445455497e4
N011461,9ff7d1f5-301d-452d-bb4b-e335f8a44468
N011462,2df03201-1e54-420c-ba36-a445455497e4
N011463,668e61ce-7014-47ee-b93d-c409b3666b7c
N011464,668e61ce-7014-47ee-b93d-c409b3666b7c
N011465,668e61ce-7014-47ee-b93d-c409b3666b7c
N011466,668e61ce-7014-47ee-b93d-c409b3666b7c
N011467,668e61ce-7014-47ee-b93d-c409b3666b7c
N011468,c7d6a7c2-908e-4981-99f0-f0887d675973
N011469,be98d0c2-d8ba-494d-8acc-66b7d3f66e47
N011470,404da0a6-dd23-4e56-9009-8b0bb3a0f152
N011471,2319b2a2-88b7-4804-849b-ba6610a7b1db
N011472,d3aba07b-929e-40d9-a0e7-f83d3827e39d
N011473,0720a2ac-3480-42c9-b6d8-4e1886b8f141
N011474,febbd331-03ca-4302-b974-2d7f6fc182d8
N011475,99b43e5b-862b-47bf-b9d9-0913430af1ea
N011476,5f7813fd-6a9c-4421-980e-020d86211a33
N011477,09d75165-0ca5-4ed9-9804-4e0e0c2be3a8
N011478,3ae1112a-004f-42af-a775-25311ace564e
N011479,3ae1112a-004f-42af-a775-25311ace564e
N011480,3ae1112a-004f-42af-a775-25311ace564e
N011481,3ae1112a-004f-42af-a775-25311ace564e
N011482,58a9a71d-8f5d-4d41-821d-1c3e15889dfc
N011483,7eb7934c-f203-4838-88a8-afb5c509d542
N011484,bed00c44-2c1b-4e89-9874-c6feb51eed34
N011485,334e00b6-34d6-4767-a26a-2870c872f951
N011486,3b0927ab-7d48-42af-852e-0dc75b093845
N011487,dabf130e-e828-4e63-9591-39eb8fdd6105
N011488,ad8798c5-6c44-4041-ba76-2f4e7c88f998
N011489,ca6de300-fef6-4aba-a34e-e140ae1c44f8
N011490,a71a9fed-221a-4d93-b6d0-69b2552cefe6
N011491,c82f00dd-fd06-436d-8c24-78663d794217
N011492,f116cbdf-c977-4f3c-9173-d2b0fb182a56
N011493,19564509-04dc-4643-85f3-fa12e0621c07
N011494,7e8c0f7f-00e4-40ec-b364-e80da4c1b6fe
N011495,7e8c0f7f-00e4-40ec-b364-e80da4c1b6fe
N011496,7e8c0f7f-00e4-40ec-b364-e80da4c1b6fe
N011497,7e8c0f7f-00e4-40ec-b364-e80da4c1b6fe
N011498,1c8b11ad-ea7b-41b2-965a-6495527d9ba5
N011499,f03679b3-4238-4db5-a25f-beac4c9fd3f4
N011500,f03679b3-4238-4db5-a25f-beac4c9fd3f4
N011501,789288bd-2545-4b5a-8577-8db7157a45e8
N011502,dbce72b3-5a2d-4f83-b90e-6bf2065cf9f5
N011503,789288bd-2545-4b5a-8577-8db7157a45e8
N011504,789288bd-2545-4b5a-8577-8db7157a45e8
N011505,ea4dc8a3-fdfa-4c0e-ad37-3c301507da2e
N011506,65345702-3f5b-49b0-ab8f-80de9ce5d290
N011507,65345702-3f5b-49b0-ab8f-80de9ce5d290
N011508,f585a61d-9ed4-41c5-a008-8afb175f3029
N011509,f585a61d-9ed4-41c5-a008-8afb175f3029
N011510,4d93de2c-35ff-42a3-868a-ca30d561bb48
N011511,6f2e1835-4025-4168-a3e6-3c0a0d9daa6c
N011512,6f2e1835-4025-4168-a3e6-3c0a0d9daa6c
N011513,4d93de2c-35ff-42a3-868a-ca30d561bb48
N011514,5e1d606d-8e1f-4317-80c7-0bcab5ea6314
N011515,5e1d606d-8e1f-4317-80c7-0bcab5ea6314
N011516,0fb9c688-d8f1-496a-965f-f8d2aa0ae1d3
N011517,69b007ef-6a34-4678-8fad-cbc02d56db0d
N011518,69b007ef-6a34-4678-8fad-cbc02d56db0d
N011519,e9e90305-1c10-4bc8-b0f6-2b3a28473e66
N011520,e9e90305-1c10-4bc8-b0f6-2b3a28473e66
N011521,08058b5d-8325-405b-8465-80235c63911c
N011522,e9e90305-1c10-4bc8-b0f6-2b3a28473e66
N011523,e9e90305-1c10-4bc8-b0f6-2b3a28473e66
N011524,e9e90305-1c10-4bc8-b0f6-2b3a28473e66
N011525,5b31c8fe-adc0-48e8-8995-7b66f3968eee
N011526,169e8cf0-21da-4c3c-b4ef-d0f91661cdf2
N011527,ce241b02-f33a-48f0-957a-5bc9d1b23437
N011528,654dbab1-1113-4e9b-8f1e-791ef6f26718
N011529,43291428-b4e5-4613-b038-3d446db84ea8
N011530,654dbab1-1113-4e9b-8f1e-791ef6f26718
N011531,d76c2030-b9f3-496a-823f-1c3ba8adc467
N011532,b3b17f45-5383-49b1-8009-af2700828657
N011533,f73f0625-9259-458f-868a-1fc5bb87bc88
N011534,b3b17f45-5383-49b1-8009-af2700828657
N011535,b3b17f45-5383-49b1-8009-af2700828657
N011536,081fd9dd-6033-4b6f-b685-4ba681792913
N011537,081fd9dd-6033-4b6f-b685-4ba681792913
N011538,59c12ae6-c4ba-481a-86c1-31d69f7d2360
N011539,3fe9266f-2ec6-4686-8ed4-4f64063cc5a8
N011540,a6f3f6d2-1ab0-43a4-94af-3842fb6f4267
N011541,12842154-28af-4dfb-b499-90755497f484
N011542,c620535d-fb46-4a08-a88a-67857abdb7a1
N011543,8796839f-2fc6-42cf-bdc5-af4fed0beff0
N011544,8796839f-2fc6-42cf-bdc5-af4fed0beff0
N011545,8796839f-2fc6-42cf-bdc5-af4fed0beff0
N011546,8796839f-2fc6-42cf-bdc5-af4fed0beff0
N011547,9b418cb2-7690-402e-b6cb-763aa08bdd8c
N011548,57ca93b3-ca5a-4753-a15f-4b457841939f
N011549,bc2a9947-a33a-4a23-af28-2d346c807ee3
N011550,bc2a9947-a33a-4a23-af28-2d346c807ee3
N011551,bc2a9947-a33a-4a23-af28-2d346c807ee3
N011552,bc2a9947-a33a-4a23-af28-2d346c807ee3
N011553,7f50412e-1f79-4091-98db-41d2bcd5025e
N011554,672996c5-ee4e-4d79-bc01-8f5c8b812b1a
N011555,672996c5-ee4e-4d79-bc01-8f5c8b812b1a
N011556,672996c5-ee4e-4d79-bc01-8f5c8b812b1a
N011557,672996c5-ee4e-4d79-bc01-8f5c8b812b1a
N011558,672996c5-ee4e-4d79-bc01-8f5c8b812b1a
N011559,672996c5-ee4e-4d79-bc01-8f5c8b812b1a
N011560,aded2aac-cfe3-400b-ab74-0d382b946ae5
N011561,aded2aac-cfe3-400b-ab74-0d382b946ae5
N011562,aded2aac-cfe3-400b-ab74-0d382b946ae5
N011563,aded2aac-cfe3-400b-ab74-0d382b946ae5
N011564,aded2aac-cfe3-400b-ab74-0d382b946ae5
N011565,aded2aac-cfe3-400b-ab74-0d382b946ae5
N011566,aded2aac-cfe3-400b-ab74-0d382b946ae5
N011567,aded2aac-cfe3-400b-ab74-0d382b946ae5
N011568,7f46344a-da4a-4d74-84cd-a6b7778430d7
N011569,003c8a32-ce08-4338-83fc-2eb3257d7fa3
N011570,0979a01b-4d5a-4edf-8042-97d2eb859adb
N011571,0979a01b-4d5a-4edf-8042-97d2eb859adb
N011572,0979a01b-4d5a-4edf-8042-97d2eb859adb
N011573,0979a01b-4d5a-4edf-8042-97d2eb859adb
N011574,0979a01b-4d5a-4edf-8042-97d2eb859adb
N011575,f08b46a6-f279-405a-a9da-9a8b2123256d
N011576,8a0ae0ee-228d-4f82-8a4d-542cceae6a85
N011577,a2161565-46f9-498d-a8ce-760fa93952c4
N011578,a2161565-46f9-498d-a8ce-760fa93952c4
N011579,d8bdf7c5-ce02-477e-806f-9ab5d2727c50
N011580,edb2fda0-60fe-4306-bcab-47148b6aba5e
N011581,0533c3d5-0aa1-4916-9929-e5e4b93a7e3c
N011582,06e391dd-cd73-4203-8955-c58842b25f84
N011583,06e391dd-cd73-4203-8955-c58842b25f84
N011584,7897b33f-471e-42b7-817d-5ed279de072c
N011585,6a1b384d-1ad4-4feb-8d4f-c0195c913fa6
N011586,2828f197-2880-426e-a089-b3296db8266c
N011587,71c3eb6a-575f-426d-8dac-6d036a53f40a
N011588,6a6b2a2d-0dc5-4367-8232-22bac8d11ab7
N011589,ab5e4941-87d4-45cd-ae9d-3817b780479e
N011590,4e7d3dd5-16a4-43ca-a7a5-4b3c519babd2
N011591,4e7d3dd5-16a4-43ca-a7a5-4b3c519babd2
N011592,cac19497-c06e-477f-9dec-1c87ecdd02fe
N011593,08c90cb7-1f96-4f8f-8382-91a0b8dce278
N011594,2638bab9-b059-4909-a9e2-4551f8691124
N011595,2638bab9-b059-4909-a9e2-4551f8691124
N011596,2638bab9-b059-4909-a9e2-4551f8691124
N011597,977cb4e9-40e6-41d5-a6e5-220d5279c803
N011598,906f1fe5-54de-4c0d-ae61-25d0d47b8638
N011599,d12a87a3-3992-41dd-86f3-7dadc115c211
N011600,071a37c1-5255-41b0-b37d-3c4b4ec847d5
N011601,cb3d415d-7788-445d-aa5f-dc4e503e58a9
N011602,cb3d415d-7788-445d-aa5f-dc4e503e58a9
N011603,cb3d415d-7788-445d-aa5f-dc4e503e58a9
N011604,70b4244c-7e72-4236-95b3-c9fb17c446b3
N011605,b0ec41ca-9da1-48da-86cd-60de5328f71a
N011606,e49d0398-578b-424e-90ef-662fae13c051
N011607,5d9c05a7-1f50-4689-b0c7-8ec0e94fd6cc
N011608,d676f791-9341-459a-bc6c-1bd4e5f5cbab
N011609,c1e256fc-6beb-4d71-80dd-9c71e236c207
N011610,e471619c-9eef-4b84-a6d6-8f2b2cbdad47
N011611,e471619c-9eef-4b84-a6d6-8f2b2cbdad47
N011612,57efa8da-0a1c-49f2-9b3e-7fe2ccbe4449
N011613,adb04a59-ae88-4616-b781-810ea2f99328
N011614,7fa680cd-2916-4fea-be40-4e7fb5d58575
N011615,c2463e3b-5fc5-4f69-a0b7-f52b42dcd56a
N011616,c2463e3b-5fc5-4f69-a0b7-f52b42dcd56a
N011617,8dbc7484-c825-485e-99db-26e017f97cf5
N011618,6c1c9b14-34e7-4031-b9a6-bef33d027c0e
N011619,6f1c86d2-d129-44e9-a870-d06f44345d92
N011620,fc2be367-82fa-49fd-9679-480fea97b4c1
N011621,fae64fd6-6cf2-4444-8fb6-a6676723362e
N011622,8fb48c90-3da8-45c4-8c19-af1641238d81
N011623,fc7df3b7-0e45-4840-ac04-16d063c02ac5
N011624,d135fe92-d333-49c5-a8d9-9deacd9be00c
N011625,df18ae06-4e99-4273-9647-b7bdd77dde44
N011626,ed797936-9ec0-4e90-be49-06c0ae8e5c9e
N011627,15c98506-efa3-45f4-9388-b871c6432bb7
N011628,e91bc60a-92be-40cc-9078-9ed8a722f72e
N011629,f41cbb71-0fd7-452d-87f4-5532d2f0eec4
N011630,8c1b87aa-b018-44ff-be1c-9cf5c573d2e0
N011631,7ee659a8-cecd-4d5b-bb92-cbc4b49c23db
N011632,fd4d5ff6-98bb-47e5-8264-26fabbecab0d
N011633,bdc78326-619b-4952-82cc-efb2953cc3b8
N011634,d9571b3a-59bf-4010-a753-b24603585641
N011635,d9571b3a-59bf-4010-a753-b24603585641
N011636,d9571b3a-59bf-4010-a753-b24603585641
N011637,af260c5e-5ba8-4a02-966c-fe2a6413bae5
N011638,d9571b3a-59bf-4010-a753-b24603585641
N011639,0a916517-68c9-4ccc-9f7b-22a51cbf972f
N011640,d54a8589-2ce3-494c-aa9d-d7ed578dacb7
N011641,75e6eafd-f934-4be5-a527-7097f62aaff5
N011642,75e6eafd-f934-4be5-a527-7097f62aaff5
N011643,2085c8f3-e896-4860-befc-30724e8c380b
N011644,83714d66-2142-4a42-891a-7ec5d0755269
N011645,83714d66-2142-4a42-891a-7ec5d0755269
N011646,3ec8b87a-6f3e-4b50-82ee-1dbb9899cfaf
N011647,059622cc-6ae0-4730-a54c-aa933f3df302
N011648,059622cc-6ae0-4730-a54c-aa933f3df302
N011649,1ef0f283-06f3-40ff-a429-3b5c18bd593e
N011650,6fc4fe4f-8850-478b-97da-99ede8db5a31
N011651,6fc4fe4f-8850-478b-97da-99ede8db5a31
N011652,60df62fe-e8e8-4f34-871b-fed0f299c86e
N011653,60df62fe-e8e8-4f34-871b-fed0f299c86e
N011654,60df62fe-e8e8-4f34-871b-fed0f299c86e
N011655,3bb333f0-d679-4443-bb01-9bd0b6a2f0d8
N011656,3bb333f0-d679-4443-bb01-9bd0b6a2f0d8
N011657,322829d2-1662-4ac5-96fc-34dec382198c
N011658,de3e7b5d-742a-4a23-9e8b-86735f5e80c6
N011659,8034fde8-96a8-436e-bae0-d5384dce7f76
N011660,935f97cb-8bf4-46fa-8d6d-bcce7154e65c
N011661,935f97cb-8bf4-46fa-8d6d-bcce7154e65c
N011662,2203f630-3bf3-4000-950b-e251f8f533db
N011663,13effb40-a645-427d-b82b-533b069998d2
N011664,f585a61d-9ed4-41c5-a008-8afb175f3029
N011665,c12ea75f-280b-47e6-b420-b00a48b7e9ac
N011666,9ad043d0-eb22-445a-93b2-910f614aca11
N011667,524b142f-8b60-47a6-b6a5-c584b4ddc90d
N011668,7b086c61-403f-4bd2-ba0d-bb5afbfd56a3
N011669,f490ddb5-55b8-44bc-999b-cb02d4b7ba29
N011670,f490ddb5-55b8-44bc-999b-cb02d4b7ba29
N011671,f490ddb5-55b8-44bc-999b-cb02d4b7ba29
N011672,7b086c61-403f-4bd2-ba0d-bb5afbfd56a3
N011673,f490ddb5-55b8-44bc-999b-cb02d4b7ba29
N011674,4803dc8c-26c8-4fce-afd0-e93ed285679b
N011675,4803dc8c-26c8-4fce-afd0-e93ed285679b
N011676,4803dc8c-26c8-4fce-afd0-e93ed285679b
N011677,4803dc8c-26c8-4fce-afd0-e93ed285679b
N011678,4803dc8c-26c8-4fce-afd0-e93ed285679b
N011679,07340732-303e-49a2-9c8f-2a14479d9567
N011680,18b8c619-fbd5-417e-8ee3-61ccfd543de3
N011681,18b8c619-fbd5-417e-8ee3-61ccfd543de3
N011682,18b8c619-fbd5-417e-8ee3-61ccfd543de3
N011683,9c825682-db74-4434-94c9-dbf5d53d96e8
N011684,f585a61d-9ed4-41c5-a008-8afb175f3029
N011685,0ff57fd6-cbb7-435b-a394-2672b4611749
N011686,0ff57fd6-cbb7-435b-a394-2672b4611749
N011687,8e615056-0d7b-4cdd-b88e-7ee956a5de55
N011688,8e615056-0d7b-4cdd-b88e-7ee956a5de55
N011689,08a2b2b9-2211-440d-923e-d988dae2277e
N011690,08a2b2b9-2211-440d-923e-d988dae2277e
N011691,08a2b2b9-2211-440d-923e-d988dae2277e
N011692,08a2b2b9-2211-440d-923e-d988dae2277e
N011693,1f792ad9-a802-47c7-b35e-3c56a203da2d
N011694,f585a61d-9ed4-41c5-a008-8afb175f3029
N011695,5630bfb4-0e8d-4a36-bb74-e733de5e15cb
N011696,b4de8645-2370-47c3-975e-199748243497
N011697,5e63fe52-1034-426e-97b5-572e9b95c74d
N011698,30efb2f1-9235-486f-ab7f-adf054ca7cfd
N011699,01212e3b-830d-477b-aff1-238316647c49
N011700,0941bfc0-f92a-49a9-bf4f-d85b0490360f
N011701,bbadeb27-4ab8-44dc-80ab-cc73be3f2913
N011702,5bbecf41-6587-4ad5-9824-9ff9f7cd8d44
N011703,6520a9e5-c2ab-4c55-817d-6d0dfab3e8a7
N011704,6520a9e5-c2ab-4c55-817d-6d0dfab3e8a7
N011705,6520a9e5-c2ab-4c55-817d-6d0dfab3e8a7
N011706,8b4d67c8-4330-42e4-850e-7b8344c6f1e8
N011707,6520a9e5-c2ab-4c55-817d-6d0dfab3e8a7
N011708,3e594d7d-0c63-4845-97be-17f3d89235d9
N011709,5f41cb88-5ae4-48e2-bf34-21a4d144b21f
N011710,5f41cb88-5ae4-48e2-bf34-21a4d144b21f
N011711,5fa006a5-4502-4fa6-ab51-23a2d83b5d1e
N011712,5fa006a5-4502-4fa6-ab51-23a2d83b5d1e
N011713,409a52d6-6e9d-44ac-8e17-d10e73199501
N011714,c4e2f5af-86de-4b02-8537-f34207b9a829
N011715,47b550d8-dbb3-46b3-b859-1de9975fc424
N011716,80202242-e9d9-4b4e-beed-b51e9feaccd1
N011717,80202242-e9d9-4b4e-beed-b51e9feaccd1
N011718,8b5ecc31-9eab-4cee-a430-6dad3c5a80c9
N011719,ffc34825-e70e-4710-8b15-4da875091cc0
N011720,ffc34825-e70e-4710-8b15-4da875091cc0
N011721,8b3d5cac-2404-4102-86f7-3d5f15d978d5
N011722,a0199b2a-c9cd-4b13-baf9-a753882436a3
N011723,a0199b2a-c9cd-4b13-baf9-a753882436a3
N011724,a0199b2a-c9cd-4b13-baf9-a753882436a3
N011725,45cff1e7-478f-4d0f-a2c3-6c4471590eb0
N011726,a0199b2a-c9cd-4b13-baf9-a753882436a3
N011727,a0199b2a-c9cd-4b13-baf9-a753882436a3
N011728,a0199b2a-c9cd-4b13-baf9-a753882436a3
N011729,a0199b2a-c9cd-4b13-baf9-a753882436a3
N011730,a0199b2a-c9cd-4b13-baf9-a753882436a3
N011731,88dfc067-8824-4f57-91aa-6ec3524507ee
N011732,83991f1a-c2a1-4b88-9a64-482b03184168
N011733,83991f1a-c2a1-4b88-9a64-482b03184168
N011734,83991f1a-c2a1-4b88-9a64-482b03184168
N011735,2269c59b-535d-400f-95a5-2f4614462e8e
N011736,2269c59b-535d-400f-95a5-2f4614462e8e
N011737,29ae2574-33ab-46ef-9a0c-3103c9865296
N011738,bc94c8cc-82e4-46af-a8db-e609ab73689e
N011739,b7a8bda7-d22c-4639-ac45-5b168a94a0c7
N011740,47fcb7ce-c182-4175-80ad-19c662aef148
N011741,47fcb7ce-c182-4175-80ad-19c662aef148
N011742,47fcb7ce-c182-4175-80ad-19c662aef148
N011743,d12a87a3-3992-41dd-86f3-7dadc115c211
N011744,47fcb7ce-c182-4175-80ad-19c662aef148
N011745,f35763fd-4598-48d9-9744-d45c74e70aa7
N011746,d659b09a-8a69-4c9e-9678-4e5bd4e7ea18
N011747,d659b09a-8a69-4c9e-9678-4e5bd4e7ea18
N011748,d659b09a-8a69-4c9e-9678-4e5bd4e7ea18
N011749,d659b09a-8a69-4c9e-9678-4e5bd4e7ea18
N011750,d659b09a-8a69-4c9e-9678-4e5bd4e7ea18
N011751,d659b09a-8a69-4c9e-9678-4e5bd4e7ea18
N011752,71a44f14-06a5-419e-af77-53751921f0e7
N011753,71a44f14-06a5-419e-af77-53751921f0e7
N011754,d659b09a-8a69-4c9e-9678-4e5bd4e7ea18
N011755,00fd95a2-2d5e-4e1a-a315-add362c28a5f
N011756,ab5c345f-6180-41a8-bd50-9cbb16851d3c
N011757,31ad0317-1ad2-4c3e-9d5c-22302b2022db
N011758,cb34ddc8-3e06-4d69-88c9-7e5da274f37e
N011759,a2ddc70f-d041-451a-b221-b807eb743e1e
N011760,a2ddc70f-d041-451a-b221-b807eb743e1e
N011761,a2ddc70f-d041-451a-b221-b807eb743e1e
N011762,81f97138-036c-4b64-8226-1ddd1ecf5167
N011763,b6fec187-4943-4285-ba6b-ebab42e441b9
N011764,b6fec187-4943-4285-ba6b-ebab42e441b9
N011765,56d1672e-1d7b-4d8c-956b-2e3c95748e83
N011766,56d1672e-1d7b-4d8c-956b-2e3c95748e83
N011767,56d1672e-1d7b-4d8c-956b-2e3c95748e83
N011768,56d1672e-1d7b-4d8c-956b-2e3c95748e83
N011769,56d1672e-1d7b-4d8c-956b-2e3c95748e83
N011770,56d1672e-1d7b-4d8c-956b-2e3c95748e83
N011771,b6fec187-4943-4285-ba6b-ebab42e441b9
N011772,beeaab81-1795-49dd-bc6d-fb41e2566114
N011773,fb7ef7ad-a6f4-456b-840a-a467d3d53409
N011774,e54bbef1-3e7e-4210-9180-4534d7cf815f
N011775,35dbd3b7-efdb-4bae-9182-14b59dd608d1
N011776,35dbd3b7-efdb-4bae-9182-14b59dd608d1
N011777,3b255e57-9a0e-491d-988a-4a0270dcba44
N011778,70977ba6-926d-499f-a9cb-086d7f5b55ea
N011779,faf24306-2169-405c-9836-1e383b1079fc
N011780,e2a40525-fce9-40e5-97fb-cd5334284f08
N011781,10d4ef13-8fd7-4b3b-b92c-7ebb3cfd2a18
N011782,10d4ef13-8fd7-4b3b-b92c-7ebb3cfd2a18
N011783,d12de202-c0e7-46a1-8b7a-af605c828f5d
N011784,618d0dd8-342c-488a-a00c-d42ebdbf70ef
N011785,618d0dd8-342c-488a-a00c-d42ebdbf70ef
N011786,618d0dd8-342c-488a-a00c-d42ebdbf70ef
N011787,2f89bab3-cc7e-4bd5-bc50-91177bf9fab2
N011788,d69498e6-9bda-40d2-aa21-e9fb5ce8508f
N011789,0fb9c688-d8f1-496a-965f-f8d2aa0ae1d3
N011790,2b151bb5-8405-4696-982e-7fc225177d38
N011791,6a818bae-3bfa-4371-b6c2-4af8607b4170
N011792,6a818bae-3bfa-4371-b6c2-4af8607b4170
N011793,6a818bae-3bfa-4371-b6c2-4af8607b4170
N011794,5ce61fee-1373-4849-9432-5450760563fd
N011795,5ce61fee-1373-4849-9432-5450760563fd
N011796,75417966-243b-4abf-b6eb-36fdb643e1f2
N011797,92d7005f-24d8-4694-971c-5f9be2ec5963
N011798,92d7005f-24d8-4694-971c-5f9be2ec5963
N011799,f585a61d-9ed4-41c5-a008-8afb175f3029
N011800,92d7005f-24d8-4694-971c-5f9be2ec5963
N011801,87a4c96b-7cc7-4e7c-8666-3dd5b41cb60e
N011802,6f6d9f50-e0e9-4685-a6e9-b356bade9342
N011803,6f6d9f50-e0e9-4685-a6e9-b356bade9342
N011804,37e2f214-a572-4210-a09d-99592e188b41
N011805,4d2c7540-f061-47c9-8a23-d6bbbf110502
N011806,4d2c7540-f061-47c9-8a23-d6bbbf110502
N011807,fb55615f-81ad-49cc-acd4-419a939317dc
N011808,12be3a00-cf6e-4fd5-9c8b-5660c5118264
N011809,1b772dac-afb2-41a3-9fd0-b487358b4dc4
N011810,a4580cc2-075e-452b-ab1d-00f13dc0edae
N011811,5092ef46-15a6-4654-9bb5-f966f601be23
N011812,05f99453-ef04-4ea9-84d6-9e98739d78c3
N011813,2dbddf13-b65f-4e7a-809e-de76f3f8a35e
N011814,b1897d4e-db12-48e2-9376-bb5cf8315c4b
N011815,ec6c05df-b019-4d94-9b1e-323085e55950
N011816,742c03f9-9ba9-4f4c-b036-9d03c7cbaad8
N011817,f7d1ce23-ec6f-47d7-a3df-e8cf93257097
N011818,0baadaf3-67f7-45bb-ba07-a60720ec2960
N011819,ec9aee99-cf07-4a96-ad99-60b7a6591ea4
N011820,2d2a94a3-2cad-4959-a5e3-c891c889c5b8
N011821,734682d9-a8b1-4206-8725-82223effcbe3
N011822,d952f5ba-5261-4fd8-bd30-b5f8868f0313
N011823,7c547444-c738-4d14-9786-0b7b7be6997c
N011824,0fb9c688-d8f1-496a-965f-f8d2aa0ae1d3
N011825,c40e4b1d-caeb-45ec-b74b-62338d81e89f
N011826,c40e4b1d-caeb-45ec-b74b-62338d81e89f
N011827,c40e4b1d-caeb-45ec-b74b-62338d81e89f
N011828,9d5e174f-f4cf-4a56-8e48-44026ba420f6
N011829,713cbf38-5ea4-434f-9549-7242e92d0646
N011830,713cbf38-5ea4-434f-9549-7242e92d0646
N011831,cc92db73-471f-4f09-94c5-5322031b4f22
N011832,cc92db73-471f-4f09-94c5-5322031b4f22
N011833,3f0cb3af-c622-4366-b45c-67ceb7190a5a
N011834,3f0cb3af-c622-4366-b45c-67ceb7190a5a
N011835,3f0cb3af-c622-4366-b45c-67ceb7190a5a
N011836,9bbb66af-7d43-454c-b806-d3d46fb8c30d
N011837,4110299b-e8e9-47c7-b053-6398a08ec722
N011838,4110299b-e8e9-47c7-b053-6398a08ec722
N011839,2b61119a-cc13-47b3-b9f2-d18d6c972901
N011840,509cb270-1366-4e64-a542-324494e36ec3
N011841,509cb270-1366-4e64-a542-324494e36ec3
N011842,2a2fdc5c-2990-44cf-9c46-2f9a5014fbb4
N011843,353e477e-ce89-4dfa-aa66-81b327bd9de7
N011844,69ae856a-32b4-45cb-8dc9-80233c98d73a
N011845,58517724-6f47-401e-85bb-e1b6eae644f3
N011846,112928d5-454d-411f-a00e-661975b4ec32
N011847,3881a8ca-fb14-4668-a764-66cf5bc59e5b
N011848,3881a8ca-fb14-4668-a764-66cf5bc59e5b
N011849,875da5ab-5f26-41af-8b54-a9c50942e05c
N011850,1268f4fc-488c-4bcf-bc88-8e9e49e9241c
N011851,f7deb00f-56d2-4940-b8bf-37f67daca84e
N011852,1268f4fc-488c-4bcf-bc88-8e9e49e9241c
N011853,a70d725c-7d3e-4784-8453-ed553b74ca9e
N011854,62433feb-a581-4650-9f0a-b71f1c034a8c
N011855,fa79110d-9fad-4848-8a96-311d6dcdc76f
N011856,86eafebc-5a03-4075-a0ef-9371eef00836
N011857,4c5f5a3b-fe34-4a21-a6d9-01c521c984b8
N011858,59586536-eae8-4889-97bd-37fabff86f1d
N011859,59586536-eae8-4889-97bd-37fabff86f1d
N011860,4c20bbf7-9448-49df-93b7-03f0fa70dfb3
N011861,48d50bf9-257d-408b-9eaf-9bb592a8c0a7
N011862,48d50bf9-257d-408b-9eaf-9bb592a8c0a7
N011863,9635842b-69ec-4e20-bb8b-e5df89e3496d
N011864,e6a1b3a3-8ac9-463e-9f70-1e6a9298741e
N011865,3408c500-ddc5-40c9-b737-e9ca3e1e7f28
N011866,1c9a63ea-8f6e-498a-b784-8565e7f76804
N011867,1c9a63ea-8f6e-498a-b784-8565e7f76804
N011868,bd6e02f9-8584-4c1a-b34d-3a493468dc23
N011869,d12a87a3-3992-41dd-86f3-7dadc115c211
N011870,d12a87a3-3992-41dd-86f3-7dadc115c211
N011871,0a0c9a6b-41ff-434b-b437-31cbeba25ff3
N011872,7e6695ce-f21b-448d-ac83-6de0e5140366
N011873,d5d15975-40b2-4309-a636-d2924ed4401d
N011874,011177af-b7af-418b-94e6-abfd26f93475
N011875,011177af-b7af-418b-94e6-abfd26f93475
N011876,e9457054-63e4-4b3c-b216-b71847aebab8
N011877,d12a87a3-3992-41dd-86f3-7dadc115c211
N011878,e9457054-63e4-4b3c-b216-b71847aebab8
N011879,e9457054-63e4-4b3c-b216-b71847aebab8
N011880,2cc036b8-6410-45b0-aa2c-72e4e4e0df90
N011881,0c62ffac-7e4c-44f9-96a8-b9d0301bfc1a
N011882,0c62ffac-7e4c-44f9-96a8-b9d0301bfc1a
N011883,0c62ffac-7e4c-44f9-96a8-b9d0301bfc1a
N011884,0c62ffac-7e4c-44f9-96a8-b9d0301bfc1a
N011885,0c62ffac-7e4c-44f9-96a8-b9d0301bfc1a
N011886,83991f1a-c2a1-4b88-9a64-482b03184168
N011887,86e05b64-f471-43bb-a8d5-2314e60c04ac
N011888,e02a532e-0ed0-481b-a61c-bba517cf3532
N011889,632db1c5-5f12-41dd-a117-3eb1e1d36600
N011890,632db1c5-5f12-41dd-a117-3eb1e1d36600
N011891,5630bfb4-0e8d-4a36-bb74-e733de5e15cb
N011892,be1fdb09-bd40-454b-aae2-4703b2ddb0c1
N011893,1fcb6f0b-63e0-4748-8d53-8dca75d44073
N011894,dca5565d-30a2-4ef5-8b66-fecef4f70bcc
N011895,9dc1a4b6-3fc7-4b5b-ab5b-be3c1b7ca675
N011896,9dc1a4b6-3fc7-4b5b-ab5b-be3c1b7ca675
N011897,8e6d9308-5ff9-4de4-8b3a-73e40c69f641
N011898,102dcabb-1560-4fbc-bd9d-36d924b40083
N011899,acccf614-ab98-47ca-bb0a-306fa55d56a7
N011900,534bd312-0483-434b-9bb6-fea4a03777dc
N011901,acccf614-ab98-47ca-bb0a-306fa55d56a7
N011902,ca5526d4-0dbb-4d37-b9df-87481077443e
N011903,5c7cfbf2-c5e3-48c2-bc20-e3dc4038ae5c
N011904,0b50cde4-bfc0-4ac9-a72c-69b9ace87253
N011905,97e93afb-d8ae-486a-ac31-e3f3184aeb41
N011906,97e93afb-d8ae-486a-ac31-e3f3184aeb41
N011907,97e93afb-d8ae-486a-ac31-e3f3184aeb41
N011908,7ceffb9d-21e5-44c7-b190-2d31ab2fb249
N011909,6029ccd9-462f-44b0-9a33-5858a8a24a74
N011910,2a42edad-c287-4b1f-bc6c-88e8e7468fd7
N011911,6029ccd9-462f-44b0-9a33-5858a8a24a74
N011912,6a0e92fb-5a2b-4103-af46-e8decf22af5c
N011913,375a401c-8ae3-4491-84a6-72d7d5e58856
N011914,58a9a71d-8f5d-4d41-821d-1c3e15889dfc
N011915,5502b269-f921-4983-b311-0ca7e7f9f6ff
N011916,7974fa8a-4472-437e-a17b-ebd1273dc6b0
N011917,7974fa8a-4472-437e-a17b-ebd1273dc6b0
N011918,7974fa8a-4472-437e-a17b-ebd1273dc6b0
N011919,7974fa8a-4472-437e-a17b-ebd1273dc6b0
N011920,7974fa8a-4472-437e-a17b-ebd1273dc6b0
N011921,766d34af-dfae-43e2-8f34-0c5c08ddcb1b
N011922,220bef48-22a7-4207-b392-eca2e3e0d7f9
N011923,6b0ba550-e7cd-49f2-a737-ed0d60858b58
N011924,4b8c39ce-0e65-4b60-a8f7-64dafbd0afac
N011925,7c765b8d-1135-44bb-b05c-035d5876cc7b
N011926,ffa25c1f-b882-49dc-bfbf-013c92f43a67
N011927,cbe55278-2aa3-4fad-ac87-921311043952
N011928,8179b1fe-194d-4548-9a90-a24f8a287e56
N011929,3b643025-4870-4d4a-a54f-6192c4942e9e
N011930,d30eece7-cadd-4bc4-ad1d-e75de1445442
N011931,51d617db-d303-4c5b-afe2-c40112d8d83e
N011932,51d617db-d303-4c5b-afe2-c40112d8d83e
N011933,18d32a55-45bc-40af-84c9-b966861df077
N011934,7140de8e-997c-4760-ad2d-31bd548c23eb
N011935,85aab048-9e4e-4fb6-bc60-43c7fe0db1ea
N011936,85aab048-9e4e-4fb6-bc60-43c7fe0db1ea
N011937,2a20f9e3-d5dd-4ffb-8c51-d065b4bf2154
N011938,7bec6cb5-982f-4bd7-aab7-69ed4bad5187
N011939,7bec6cb5-982f-4bd7-aab7-69ed4bad5187
N011940,1eae941b-b9f4-4b25-91c1-099fb4b5cc70
N011941,75b6fc9e-e841-4d28-8392-156e847c89f1
N011942,3954d45a-e630-4fc4-8555-d2b1d795e024
N011943,77f2b6f9-e62a-4f3f-8f34-745bd6a020f9
N011944,d4ccedcc-47b1-4451-9a72-09276d3f9581
N011945,d4ccedcc-47b1-4451-9a72-09276d3f9581
N011946,d4ccedcc-47b1-4451-9a72-09276d3f9581
N011947,d4ccedcc-47b1-4451-9a72-09276d3f9581
N011948,77f2b6f9-e62a-4f3f-8f34-745bd6a020f9
N011949,77f2b6f9-e62a-4f3f-8f34-745bd6a020f9
N011950,d4ccedcc-47b1-4451-9a72-09276d3f9581
N011951,b48ecab0-48fd-4ce3-af12-9c089da9e4e0
N011952,1ba9e1a9-7d0a-4e35-ace9-ad640c1b6b35
N011953,1ba9e1a9-7d0a-4e35-ace9-ad640c1b6b35
N011954,1ba9e1a9-7d0a-4e35-ace9-ad640c1b6b35
N011955,9a737a0b-3618-48c1-87d5-0518150d0645
N011956,72e03064-2ab0-48ee-bad2-bf2e3e643c42
N011957,d5effc89-3c3e-443d-ae86-f93af43efb62
N011958,d5effc89-3c3e-443d-ae86-f93af43efb62
N011959,d5effc89-3c3e-443d-ae86-f93af43efb62
N011960,d5effc89-3c3e-443d-ae86-f93af43efb62
N011961,9c8751d1-9a1b-4bca-9c99-e780b131ddd0
N011962,d12a87a3-3992-41dd-86f3-7dadc115c211
N011963,686dbcd8-511d-44eb-b4bf-4e06e3f5244c
N011964,686dbcd8-511d-44eb-b4bf-4e06e3f5244c
N011965,686dbcd8-511d-44eb-b4bf-4e06e3f5244c
N011966,0f08abb7-30ef-444c-8ba7-416f9d0ea8e2
N011967,89cdb74d-18a5-4ec6-99c9-85ccb904debe
N011968,89cdb74d-18a5-4ec6-99c9-85ccb904debe
N011969,89cdb74d-18a5-4ec6-99c9-85ccb904debe
N011970,a871b6e2-14fe-41a2-b2b5-356501b8edbd
N011971,89cdb74d-18a5-4ec6-99c9-85ccb904debe
N011972,b1490fd1-6036-4912-9812-505bb99d43b4
N011973,b1490fd1-6036-4912-9812-505bb99d43b4
N011974,b1490fd1-6036-4912-9812-505bb99d43b4
N011975,b1490fd1-6036-4912-9812-505bb99d43b4
N011976,b1490fd1-6036-4912-9812-505bb99d43b4
N011977,d997e22d-bd4b-4626-bb6c-9827686f8af2
N011978,052829f0-e759-4788-82d7-a8ccf3fb9548
N011979,9f43163a-b1c0-4cf0-a7af-386a75bb98f4
N011980,4c9427cb-5188-45ee-af27-a113692bdcd4
N011981,d3f2d1eb-ac7d-4489-8206-49fc90d8f7a7
N011982,06eb0b72-5327-4bf7-95de-59ce648f1f18
N011983,06eb0b72-5327-4bf7-95de-59ce648f1f18
N011984,0855cd17-ce92-4ed3-82a2-0f9de955e4d5
N011985,9ea22c28-1c13-4820-87d4-46c929147b0e
N011986,d61ca327-385f-4567-b7a2-f7ce0a93b730
N011987,91c8c2c8-3888-4ef1-93b1-756feb112ed8
N011988,b5159117-203b-4d7b-acb5-7f2e80ff01c0
N011989,d98f8190-8f62-49cf-a4cd-b3156bb7b7c8
N011990,3022fd69-1eed-4fda-8c1e-b847e8340bd0
N011991,9d5e174f-f4cf-4a56-8e48-44026ba420f6
N011992,37e2f214-a572-4210-a09d-99592e188b41
N011993,3f705084-a776-41de-992b-27d1471056df
N011994,3f705084-a776-41de-992b-27d1471056df
N011995,12e49cee-9194-4881-819b-90b7addaec8b
N011996,3367fa2b-f874-4b59-8abe-7fbffb1ba995
N011997,3367fa2b-f874-4b59-8abe-7fbffb1ba995
N011998,3367fa2b-f874-4b59-8abe-7fbffb1ba995
N011999,3367fa2b-f874-4b59-8abe-7fbffb1ba995
N012000,3367fa2b-f874-4b59-8abe-7fbffb1ba995
